vel_d,phi_d,LR_4Leg,LR_2Leg,Tau_flip_mean,OFy_flip_mean,D_ceil_flip_mean,My_mean,vz_flip_mean,vx_flip_mean,Tau_flip_std,OFy_flip_std,D_ceil_flip_std,My_std,vz_flip_std,vx_flip_std,mu,sigma
1.5,30.0,0.15,0.0,0.2357,-12.0363,0.1117,-7.7657,0.4917,1.353,0.0034,0.24,0.0029,0.2327,0.0111,0.0093,[2.365 3.981],[2.948 2.163]
1.5,33.75,0.3,0.1,0.2267,-8.6697,0.1483,-7.8732,0.6672,1.2787,0.0072,1.0076,0.017,0.0675,0.0905,0.0135,[5.069 5.787],[0.347 1.956]
1.5,37.5,0.25,0.1,0.2234,-8.3712,0.1464,-7.7586,0.6696,1.2274,0.0045,0.4561,0.0091,0.1563,0.0443,0.0173,[3.801 4.508],[1.722 1.961]
1.5,41.25,0.45,0.0,0.2241,-6.9072,0.1691,-7.8134,0.7671,1.1714,0.0029,0.2472,0.004,0.1574,0.0154,0.0198,[5.403 5.74 ],[0.452 0.949]
1.5,45.0,0.45,0.0,0.2247,-5.851,0.1872,-7.859,0.8419,1.0986,0.0039,0.2643,0.0081,0.0784,0.027,0.0127,[4.212 4.202],[0.918 2.345]
1.5,48.75,0.55,0.0,0.2262,-4.8465,0.2117,-7.9029,0.939,1.0281,0.0041,0.3353,0.0129,0.0584,0.0554,0.0157,[4.336 4.508],[1.082 1.347]
1.5,52.5,0.25,0.2,0.2228,-4.326,0.217,-7.889,0.9718,0.9406,0.005,0.1888,0.0066,0.0953,0.01,0.0173,[4.735 5.872],[0.604 1.187]
1.5,56.25,0.05,0.7,0.221,-3.651,0.234,-7.98,1.055,0.857,0.0,0.0,0.0,0.0,0.0,0.0,[4.256 5.219],[1.395 1.833]
1.5,60.0,0.1,0.6,0.2205,-3.389,0.2305,-7.964,1.044,0.783,0.0045,0.097,0.0075,0.0,0.01,0.003,[5.22 4.44],[0.633 1.872]
1.5,63.75,0.0,0.75,,,,,,,,,,,,,[4.361 4.362],[0.843 1.472]
1.5,67.5,0.0,0.65,,,,,,,,,,,,,[3.739 5.405],[1.631 1.414]
1.5,71.25,0.0,0.75,,,,,,,,,,,,,[4.416 7.451],[0.717 2.518]
1.5,75.0,0.0,0.55,,,,,,,,,,,,,[4.577 3.171],[0.45  2.099]
1.5,78.75,0.1,0.65,0.225,-1.0925,0.2805,-7.957,1.249,0.3075,0.001,0.0155,0.0025,0.038,0.006,0.0015,[4.751 4.439],[0.255 1.306]
1.5,82.5,0.05,0.6,0.227,-0.687,0.291,-7.99,1.286,0.201,0.0,0.0,0.0,0.0,0.0,0.0,[4.086 4.585],[1.283 0.558]
1.5,86.25,0.05,0.7,0.224,-0.351,0.285,-7.965,1.277,0.101,0.0,0.0,0.0,0.0,0.0,0.0,[4.518 4.687],[0.813 1.558]
1.5,90.0,0.3,0.45,0.2275,-0.0003,0.3027,-7.9047,1.336,0.0008,0.0034,0.0108,0.0109,0.0835,0.0451,0.0047,[5.352 4.333],[0.721 0.947]
1.6,30.0,0.2,0.05,0.2282,-10.8538,0.1318,-7.9042,0.5942,1.4342,0.0052,0.5275,0.0053,0.0475,0.0274,0.0133,[5.561 4.668],[0.635 0.74 ]
1.6,33.75,0.45,0.05,0.2272,-9.0641,0.15,-7.7244,0.6621,1.3638,0.0047,0.3655,0.006,0.2086,0.025,0.0168,[5.63  5.929],[0.641 1.001]
1.6,37.5,0.3,0.1,0.2257,-7.863,0.1687,-7.7467,0.76,1.3272,0.0041,0.3755,0.0068,0.1811,0.0169,0.0169,[4.858 5.965],[0.951 1.11 ]
1.6,41.25,0.45,0.1,0.2246,-6.5318,0.1906,-7.9004,0.8524,1.2459,0.0036,0.495,0.0129,0.0426,0.0488,0.021,[4.626 5.615],[0.77  1.685]
1.6,45.0,0.75,0.0,0.2274,-5.3264,0.2171,-7.8837,0.9447,1.1609,0.0039,0.3008,0.012,0.0991,0.0476,0.0167,[3.81 4.69],[1.877 1.562]
1.6,48.75,0.55,0.0,0.2266,-4.6546,0.2315,-7.891,1.022,1.0816,0.0032,0.1561,0.0081,0.0694,0.0359,0.0164,[4.923 4.533],[0.781 1.115]
1.6,52.5,0.65,0.05,0.2255,-3.9109,0.2548,-7.8989,1.1302,1.0053,0.0024,0.2217,0.0144,0.1113,0.0629,0.0137,[4.723 4.788],[0.574 1.168]
1.6,56.25,0.2,0.45,0.2215,-3.7045,0.2438,-7.8728,1.1043,0.905,0.0034,0.1366,0.0052,0.0505,0.0097,0.0154,[5.027 4.684],[0.631 0.819]
1.6,60.0,0.0,0.65,,,,,,,,,,,,,[4.38  5.045],[0.666 0.757]
1.6,63.75,0.0,0.65,,,,,,,,,,,,,[5.219 4.389],[0.481 1.345]
1.6,67.5,0.0,0.65,,,,,,,,,,,,,[4.991 6.673],[0.518 1.878]
1.6,71.25,0.0,0.75,,,,,,,,,,,,,[3.871 4.909],[1.232 1.175]
1.6,75.0,0.0,0.65,,,,,,,,,,,,,[4.924 5.676],[0.874 1.005]
1.6,78.75,0.0,0.8,,,,,,,,,,,,,[4.22  5.075],[1.179 1.279]
1.6,82.5,0.0,0.75,,,,,,,,,,,,,[2.246 4.779],[2.975 1.835]
1.6,86.25,0.25,0.6,0.228,-0.3346,0.322,-7.9884,1.4168,0.1096,0.003,0.006,0.0097,0.01,0.0549,0.0063,[3.824 5.527],[1.206 1.336]
1.6,90.0,0.5,0.15,0.2295,-0.0039,0.3331,-7.7779,1.4511,0.0022,0.0019,0.0098,0.0149,0.2871,0.0617,0.0062,[3.296 4.502],[1.955 0.933]
1.7,30.0,0.3,0.0,0.2308,-10.4273,0.145,-7.7432,0.6388,1.5172,0.0021,0.4056,0.0048,0.1585,0.0221,0.026,[4.096 6.298],[1.907 1.336]
1.7,33.75,0.35,0.0,0.2274,-9.1461,0.1586,-7.8754,0.7077,1.4531,0.0041,0.3486,0.0056,0.139,0.0209,0.0198,[3.947 3.207],[1.916 2.043]
1.7,37.5,0.55,0.0,0.2247,-7.5865,0.1825,-7.8321,0.8233,1.3865,0.0041,0.3938,0.0094,0.1318,0.0453,0.0164,[4.188 4.592],[0.862 0.721]
1.7,41.25,0.6,0.0,0.2266,-6.46,0.2045,-7.8009,0.9062,1.3257,0.0036,0.3321,0.0105,0.1455,0.043,0.022,[3.946 3.453],[1.157 1.712]
1.7,45.0,0.55,0.0,0.2263,-5.4411,0.2277,-7.8578,1.0075,1.2448,0.0035,0.2564,0.0109,0.1051,0.0406,0.0179,[4.12  4.467],[1.458 1.926]
1.7,48.75,0.65,0.0,0.2268,-4.5368,0.2524,-7.8754,1.1122,1.1495,0.004,0.218,0.0117,0.0895,0.0464,0.0098,[4.552 4.337],[0.894 0.966]
1.7,52.5,0.65,0.0,0.228,-3.8862,0.272,-7.889,1.1915,1.0642,0.0027,0.1639,0.0086,0.0752,0.0365,0.0195,[5.337 4.893],[0.737 2.035]
1.7,56.25,0.15,0.5,0.2233,-3.6483,0.2673,-7.9313,1.2,0.9783,0.0009,0.0421,0.0025,0.0372,0.0045,0.0115,[5.435 6.066],[0.49  1.241]
1.7,60.0,0.0,0.65,,,,,,,,,,,,,[4.365 4.519],[1.037 1.088]
1.7,63.75,0.0,0.65,,,,,,,,,,,,,[4.271 4.478],[1.099 1.019]
1.7,67.5,0.05,0.6,0.213,-2.292,0.288,-7.963,1.361,0.661,0.0,0.0,0.0,0.0,0.0,0.0,[5.174 4.872],[0.502 0.635]
1.7,71.25,0.05,0.7,0.223,-1.743,0.321,-7.99,1.439,0.564,0.0,0.0,0.0,0.0,0.0,0.0,[4.609 3.197],[1.011 1.847]
1.7,75.0,0.0,0.8,,,,,,,,,,,,,[5.127 5.251],[0.965 0.683]
1.7,78.75,0.05,0.6,0.219,-1.062,0.323,-7.931,1.49,0.344,0.0,0.0,0.0,0.0,0.0,0.0,[3.585 5.658],[2.179 1.252]
1.7,82.5,0.0,0.7,,,,,,,,,,,,,[3.759 4.98 ],[1.593 1.665]
1.7,86.25,0.1,0.7,0.228,-0.3335,0.346,-7.902,1.516,0.1165,0.0,0.0045,0.002,0.073,0.008,0.0025,[4.072 4.61 ],[1.057 0.902]
1.7,90.0,0.5,0.25,0.2291,0.0067,0.3551,-7.8005,1.551,-0.0034,0.0032,0.0103,0.0081,0.428,0.0332,0.0056,[4.341 4.966],[1.093 1.681]
1.8,30.0,0.35,0.0,0.2261,-11.1826,0.1447,-7.8719,0.6561,1.6246,0.0027,0.2768,0.004,0.0807,0.0223,0.0132,[4.656 5.686],[0.904 0.761]
1.8,33.75,0.55,0.0,0.2242,-8.8359,0.1735,-7.8123,0.7795,1.5347,0.0045,0.4601,0.0097,0.1511,0.0338,0.0181,[4.613 6.794],[0.413 2.131]
1.8,37.5,0.55,0.05,0.2273,-7.2436,0.2027,-7.7626,0.8942,1.4722,0.0048,0.4948,0.0127,0.2091,0.0398,0.0171,[4.074 4.073],[1.138 1.327]
1.8,41.25,0.55,0.0,0.2255,-6.2272,0.2219,-7.7855,0.9868,1.3868,0.0048,0.3051,0.0107,0.2411,0.0434,0.0152,[4.301 4.799],[1.348 0.322]
1.8,45.0,0.65,0.0,0.2258,-5.3041,0.246,-7.8702,1.0975,1.3104,0.0048,0.2168,0.0085,0.0933,0.0353,0.0153,[4.366 3.324],[1.056 1.73 ]
1.8,48.75,0.55,0.0,0.2256,-4.5436,0.267,-7.9002,1.1931,1.2191,0.0041,0.2126,0.0125,0.0633,0.0546,0.0164,[3.623 6.16 ],[1.467 1.169]
1.8,52.5,0.4,0.1,0.2271,-3.9748,0.2814,-7.8731,1.2449,1.1237,0.0042,0.1419,0.0103,0.1142,0.0415,0.0163,[3.843 5.781],[1.413 0.951]
1.8,56.25,0.25,0.3,0.2302,-3.3484,0.3056,-7.9462,1.3346,1.0314,0.0029,0.1569,0.0122,0.0267,0.0418,0.0105,[3.971 4.468],[1.069 0.781]
1.8,60.0,0.05,0.6,0.22,-3.134,0.289,-7.979,1.319,0.908,0.0,0.0,0.0,0.0,0.0,0.0,[3.644 5.44 ],[1.363 1.479]
1.8,63.75,0.05,0.5,0.233,-2.349,0.342,-7.709,1.464,0.806,0.0,0.0,0.0,0.0,0.0,0.0,[4.429 4.927],[1.253 1.42 ]
1.8,67.5,0.1,0.55,0.234,-1.799,0.383,-7.9165,1.635,0.7035,0.001,0.019,0.004,0.0045,0.01,0.0075,[4.874 3.448],[0.754 1.636]
1.8,71.25,0.05,0.8,0.234,-1.499,0.387,-7.981,1.65,0.587,0.0,0.0,0.0,0.0,0.0,0.0,[4.654 4.535],[1.    1.072]
1.8,75.0,0.05,0.7,0.242,-1.154,0.405,-7.966,1.673,0.474,0.0,0.0,0.0,0.0,0.0,0.0,[5.14  5.618],[0.636 0.698]
1.8,78.75,0.05,0.85,0.215,-1.036,0.341,-7.985,1.604,0.355,0.0,0.0,0.0,0.0,0.0,0.0,[4.297 5.386],[1.064 1.121]
1.8,82.5,0.25,0.6,0.2294,-0.6196,0.3818,-7.9518,1.6714,0.2376,0.0036,0.0278,0.014,0.0457,0.0587,0.0069,[4.811 5.277],[0.515 0.384]
1.8,86.25,0.25,0.6,0.2282,-0.324,0.37,-7.8668,1.631,0.1212,0.002,0.0104,0.0041,0.0874,0.0251,0.0061,[2.767 5.254],[2.24  0.429]
1.8,90.0,0.55,0.25,0.232,-0.0005,0.3837,-7.864,1.6537,0.0,0.0054,0.007,0.0144,0.1942,0.0384,0.005,[4.99  3.211],[0.421 1.991]
1.9,30.0,0.4,0.0,0.2282,-10.0961,0.1664,-7.8032,0.738,1.6862,0.0049,0.3675,0.0059,0.121,0.0313,0.0249,[4.29  3.256],[1.128 2.169]
1.9,33.75,0.55,0.0,0.2285,-8.4122,0.1926,-7.6944,0.8465,1.6244,0.0042,0.3388,0.0079,0.1666,0.0365,0.019,[4.467 3.456],[0.71  1.738]
1.9,37.5,0.45,0.0,0.2272,-7.27,0.2142,-7.8559,0.9488,1.5611,0.0039,0.3396,0.0078,0.1039,0.0324,0.0223,[4.44  3.941],[0.976 1.722]
1.9,41.25,0.65,0.0,0.2254,-6.0623,0.2422,-7.8833,1.0767,1.4734,0.003,0.3056,0.0104,0.0655,0.0396,0.0237,[2.9   5.365],[2.171 0.7  ]
1.9,45.0,0.55,0.0,0.2295,-5.1644,0.2669,-7.8504,1.1585,1.3881,0.0031,0.2055,0.0101,0.0812,0.0365,0.0208,[3.889 4.202],[1.314 1.033]
1.9,48.75,0.5,0.0,0.2294,-4.4463,0.2881,-7.8773,1.2529,1.2888,0.003,0.207,0.0139,0.0721,0.0574,0.0165,[4.263 4.204],[0.784 0.806]
1.9,52.5,0.6,0.0,0.227,-3.974,0.2987,-7.9332,1.3155,1.1923,0.0027,0.1477,0.0093,0.0323,0.0295,0.0176,[4.513 2.202],[0.6   3.158]
1.9,56.25,0.45,0.15,0.2293,-3.3588,0.3231,-7.9339,1.4173,1.0916,0.0029,0.141,0.0103,0.0307,0.0395,0.0184,[4.817 5.42 ],[0.248 1.374]
1.9,60.0,0.0,0.5,,,,,,,,,,,,,[3.473 6.247],[1.627 2.962]
1.9,63.75,0.0,0.65,,,,,,,,,,,,,[4.749 5.213],[0.446 0.605]
1.9,67.5,0.2,0.6,0.2362,-1.8705,0.3932,-7.9402,1.66,0.7462,0.0013,0.0514,0.0079,0.0313,0.0386,0.006,[5.455 5.965],[0.614 1.333]
1.9,71.25,0.2,0.7,0.2365,-1.519,0.4042,-7.9422,1.7115,0.6215,0.0023,0.0532,0.0135,0.0213,0.0322,0.0051,[3.347 4.913],[1.835 0.487]
1.9,75.0,0.15,0.65,0.2327,-1.2137,0.408,-7.9087,1.7517,0.499,0.0005,0.0304,0.0082,0.0656,0.0311,0.0054,[3.695 5.744],[1.637 1.618]
1.9,82.5,0.2,0.75,0.233,-0.6182,0.4048,-7.9442,1.7335,0.2518,0.0031,0.0297,0.0168,0.0105,0.0492,0.0075,[4.476 5.353],[1.152 2.441]
1.9,86.25,0.4,0.4,0.2314,-0.313,0.4079,-7.8781,1.7594,0.1278,0.0059,0.0282,0.0258,0.1071,0.0724,0.0127,[4.184 5.269],[1.44  1.246]
1.9,90.0,0.6,0.2,0.2313,0.0003,0.4044,-7.873,1.7448,0.0,0.0042,0.0039,0.0162,0.0878,0.0465,0.0024,[3.782 5.425],[1.875 0.513]
2.0,30.0,0.6,0.0,0.2269,-9.6958,0.1824,-7.8524,0.8084,1.7692,0.003,0.6445,0.012,0.1412,0.0537,0.025,[4.12  5.375],[1.461 0.893]
2.0,33.75,0.4,0.0,0.2261,-8.3126,0.2054,-7.7999,0.9149,1.7115,0.0056,0.4888,0.0121,0.1766,0.0479,0.0168,[5.181 4.617],[0.831 0.405]
2.0,37.5,0.4,0.0,0.2256,-7.0149,0.2312,-7.8776,1.0362,1.6271,0.004,0.3806,0.0131,0.084,0.0477,0.0276,[5.38  3.738],[0.509 1.543]
2.0,41.25,0.55,0.0,0.227,-6.0696,0.2531,-7.8075,1.1237,1.5428,0.0038,0.1752,0.0073,0.192,0.0275,0.0235,[5.211 5.985],[0.528 1.243]
2.0,45.0,0.5,0.0,0.2259,-5.2227,0.2785,-7.9064,1.2383,1.4648,0.0038,0.2287,0.0122,0.0891,0.0373,0.0164,[5.729 4.744],[0.8   1.061]
2.0,48.75,0.5,0.0,0.228,-4.4007,0.3061,-7.9413,1.3419,1.3552,0.0029,0.2038,0.0117,0.0416,0.0459,0.0196,[4.192 6.906],[1.408 2.368]
2.0,52.5,0.65,0.0,0.229,-3.8081,0.3254,-7.8868,1.4159,1.2466,0.003,0.1633,0.0129,0.1204,0.0451,0.0156,[4.064 3.232],[1.055 1.792]
2.0,56.25,0.6,0.0,0.2294,-3.3014,0.3425,-7.9332,1.4886,1.1397,0.0026,0.0793,0.0079,0.0508,0.0307,0.0096,[4.181 4.45 ],[1.361 1.508]
2.0,60.0,0.3,0.35,0.2313,-2.6592,0.3818,-7.9078,1.6378,1.0385,0.0023,0.0452,0.0055,0.0448,0.0303,0.0054,[4.442 4.887],[0.627 1.232]
2.0,63.75,0.05,0.8,0.235,-2.152,0.411,-7.96,1.745,0.894,0.0,0.0,0.0,0.0,0.0,0.0,[4.546 5.739],[1.288 0.963]
2.0,67.5,0.2,0.55,0.2368,-1.9178,0.4035,-7.919,1.706,0.784,0.0055,0.0493,0.0098,0.0571,0.0506,0.0086,[3.977 4.934],[1.53  1.349]
2.0,71.25,0.3,0.55,0.2357,-1.525,0.4262,-7.9125,1.8138,0.6617,0.0041,0.0697,0.0145,0.0472,0.0558,0.0093,[5.061 4.789],[0.403 0.406]
2.0,75.0,0.2,0.55,0.236,-1.2072,0.434,-7.9433,1.8497,0.534,0.0019,0.0317,0.0079,0.0165,0.045,0.009,[3.951 5.531],[1.521 1.145]
2.0,78.75,0.5,0.25,0.236,-0.6751,0.4601,-7.8437,1.9276,0.4379,0.0035,0.2744,0.029,0.2265,0.0796,0.1625,[3.244 4.453],[1.859 0.744]
2.0,82.5,0.55,0.15,0.2349,-0.6086,0.4622,-7.9311,1.9653,0.2385,0.0045,0.262,0.0261,0.0398,0.0792,0.1123,[5.077 5.306],[0.742 0.411]
2.0,86.25,0.8,0.0,0.2347,-0.3721,0.4672,-7.8874,2.0079,0.1094,0.0054,0.2149,0.0218,0.1322,0.0718,0.096,[5.327 5.481],[0.597 1.187]
2.0,90.0,0.7,0.05,0.2186,-0.5362,0.4379,-7.8344,1.9924,-0.0531,0.0523,1.3844,0.1087,0.1642,0.1261,0.0883,[4.813 5.769],[0.189 1.633]
2.1,30.0,0.75,0.1,0.2251,-7.1446,0.251,-7.8893,1.0365,1.8151,0.0092,1.1754,0.0361,0.1371,0.0971,0.0598,[4.006 6.133],[1.484 1.673]
2.1,33.75,0.65,0.0,0.228,-7.2982,0.2351,-7.6602,1.0848,1.6862,0.0095,1.2739,0.0394,0.4902,0.1012,0.1245,[4.094 4.731],[1.25  0.841]
2.1,37.5,0.85,0.05,0.2278,-5.2059,0.3173,-7.7758,1.2894,1.7075,0.0072,1.0107,0.0442,0.2469,0.0848,0.073,[4.286 5.441],[1.012 0.724]
2.1,41.25,0.85,0.0,0.2304,-4.8269,0.3216,-7.8485,1.3884,1.5601,0.0088,0.6009,0.032,0.1131,0.107,0.0667,[4.195 4.793],[0.876 1.289]
2.1,45.0,0.7,0.05,0.2297,-4.1374,0.3524,-7.8749,1.4878,1.4964,0.0074,0.6359,0.0488,0.138,0.1193,0.1079,[3.512 5.119],[1.62  0.596]
2.1,48.75,0.85,0.05,0.2322,-3.6804,0.3685,-7.8876,1.5602,1.4074,0.0063,0.7571,0.0419,0.1414,0.0769,0.0705,[4.526 5.209],[0.678 1.238]
2.1,52.5,0.75,0.0,0.2306,-3.2892,0.3823,-7.8987,1.6815,1.2241,0.0056,0.7423,0.0512,0.122,0.1037,0.1392,[5.576 3.403],[0.729 2.358]
2.1,56.25,0.85,0.0,0.2313,-2.7935,0.4111,-7.8874,1.7746,1.1438,0.005,0.8006,0.0593,0.1154,0.1144,0.1331,[3.837 5.23 ],[1.74  0.812]
2.1,63.75,0.75,0.1,0.2361,-2.0487,0.4492,-7.8951,1.9103,0.9105,0.0064,0.354,0.0317,0.0659,0.0829,0.0876,[4.242 4.849],[1.365 0.407]
2.1,67.5,0.75,0.05,0.2361,-1.7882,0.4585,-7.8419,1.966,0.7949,0.0043,0.4948,0.0318,0.2545,0.0926,0.0793,[4.514 5.479],[0.596 1.508]
2.1,71.25,0.9,0.05,0.2319,-1.1639,0.474,-7.9511,2.0031,0.7315,0.0059,0.4641,0.0426,0.0321,0.1212,0.1197,[4.698 5.231],[0.382 0.782]
2.1,75.0,0.7,0.15,0.2383,-1.042,0.4813,-7.9288,2.011,0.5544,0.0052,0.392,0.0244,0.0668,0.0707,0.1205,[4.8  5.27],[0.795 1.097]
2.1,78.75,0.95,0.05,0.2358,-0.912,0.4873,-7.9112,2.0621,0.4453,0.0046,0.3169,0.0229,0.1088,0.0836,0.1365,[4.35 6.47],[1.256 1.719]
2.1,82.5,0.9,0.05,0.2369,-0.5139,0.4898,-7.9123,2.0616,0.2982,0.0049,0.279,0.0291,0.0709,0.1106,0.0814,[4.608 4.301],[0.601 1.908]
2.1,86.25,0.9,0.0,0.2347,-0.2944,0.4866,-7.8859,2.0819,0.1438,0.0042,0.2049,0.0256,0.1291,0.0928,0.0803,[4.309 4.767],[1.593 0.905]
2.1,90.0,0.8,0.05,0.1915,-22.4564,0.3941,-7.9151,1.9659,0.1076,0.083,83.0398,0.1763,0.08,0.2993,0.2991,[4.838 3.724],[0.198 1.847]
2.2,30.0,0.95,0.0,0.2225,-6.6845,0.2829,-7.8917,1.1495,1.9309,0.0126,2.7724,0.1149,0.1073,0.2957,0.3124,[4.342 5.631],[0.966 0.74 ]
2.2,33.75,0.8,0.05,0.2259,-6.7302,0.263,-7.8551,1.2045,1.7403,0.0093,1.6855,0.0622,0.1076,0.1248,0.1745,[5.106 3.908],[0.406 1.518]
2.2,37.5,0.8,0.05,0.2282,-5.592,0.3107,-7.8829,1.3356,1.7114,0.0063,1.2805,0.0591,0.0952,0.1006,0.1576,[4.887 4.923],[0.939 1.911]
2.2,41.25,0.9,0.0,0.2324,-4.8629,0.3384,-7.8588,1.4341,1.6505,0.0081,1.0757,0.0596,0.1323,0.1143,0.0634,[4.396 5.411],[1.148 1.283]
2.2,45.0,0.85,0.05,0.2305,-4.3972,0.3599,-7.892,1.5655,1.5415,0.0084,1.0595,0.0619,0.0895,0.0873,0.1042,[4.229 5.019],[1.669 1.199]
2.2,48.75,0.75,0.0,0.2312,-3.9111,0.3717,-7.8892,1.6209,1.4179,0.0069,0.5911,0.0479,0.1535,0.0991,0.1081,[3.124 5.934],[2.439 1.659]
2.2,52.5,0.85,0.0,0.2318,-3.4437,0.3954,-7.8779,1.7752,1.2644,0.007,0.5964,0.0409,0.0972,0.0885,0.1214,[5.072 4.072],[0.767 2.508]
2.2,56.25,0.65,0.0,0.2304,-3.1922,0.3897,-7.9152,1.6895,1.2575,0.0048,0.1267,0.0143,0.0644,0.0402,0.0178,[4.836 5.656],[0.908 1.522]
2.2,60.0,0.55,0.15,0.2355,-2.658,0.4193,-7.933,1.7773,1.1284,0.0043,0.1032,0.0142,0.0419,0.0442,0.0132,[4.321 3.42 ],[1.011 2.561]
2.2,63.75,0.4,0.45,0.2356,-2.2148,0.4451,-7.9382,1.8728,1.0058,0.0054,0.1081,0.0184,0.0493,0.0484,0.0087,[3.24  5.799],[1.986 0.909]
2.2,67.5,0.25,0.5,0.238,-1.8488,0.4588,-7.894,1.9204,0.8672,0.0026,0.046,0.0097,0.0716,0.0201,0.0091,[4.083 4.876],[0.923 0.445]
2.2,71.25,0.3,0.55,0.235,-1.5385,0.4628,-7.9495,1.9737,0.7225,0.0059,0.0862,0.0252,0.0333,0.0682,0.0126,[4.584 4.765],[1.056 1.977]
2.2,75.0,0.3,0.65,0.2387,-1.1723,0.4882,-7.8953,2.0523,0.583,0.0035,0.0431,0.015,0.1269,0.0392,0.0071,[3.435 7.167],[2.159 2.41 ]
2.2,78.75,0.5,0.3,0.2389,-0.8699,0.4966,-7.9496,2.0868,0.4464,0.002,0.0196,0.0081,0.0442,0.0265,0.0088,[4.007 6.24 ],[1.313 1.743]
2.2,82.5,0.35,0.55,0.2357,-0.5906,0.4866,-7.8923,2.0599,0.2871,0.0054,0.0213,0.0168,0.1329,0.0383,0.0068,[5.249 3.405],[0.585 1.684]
2.2,86.25,0.6,0.35,0.2322,-0.2995,0.4878,-7.92,2.0928,0.1505,0.002,0.01,0.0134,0.083,0.0494,0.0068,[4.488 5.868],[1.267 1.656]
2.2,90.0,0.55,0.35,0.2351,-0.0019,0.4935,-7.7328,2.0924,0.0031,0.0028,0.0038,0.0097,0.3189,0.0284,0.0061,[3.006 6.367],[1.995 1.435]
2.3,30.0,0.55,0.0,0.2256,-9.4928,0.2141,-7.8446,0.9471,2.0275,0.0054,0.9008,0.0197,0.1811,0.0624,0.0215,[4.254 5.311],[0.773 0.412]
2.3,33.75,0.55,0.0,0.2304,-7.6863,0.2527,-7.7783,1.0912,1.952,0.005,0.2714,0.0093,0.1581,0.0382,0.0164,[3.55  5.118],[1.454 1.86 ]
2.3,37.5,0.65,0.0,0.2278,-6.4582,0.2867,-7.8473,1.2452,1.8621,0.0018,0.3359,0.0135,0.132,0.054,0.0174,[4.345 5.445],[0.751 0.845]
2.3,41.25,0.6,0.0,0.2302,-5.6541,0.3118,-7.7909,1.3407,1.777,0.006,0.2317,0.0111,0.1989,0.0468,0.0266,[4.387 4.856],[0.791 1.022]
2.3,45.0,0.6,0.0,0.2293,-4.8272,0.342,-7.9058,1.4819,1.6643,0.0029,0.2135,0.0133,0.0769,0.0402,0.0173,[3.768 5.527],[1.733 0.616]
2.3,48.75,0.45,0.0,0.2287,-4.2652,0.361,-7.8944,1.5828,1.5474,0.0048,0.1512,0.0099,0.0681,0.0404,0.0176,[3.304 3.698],[1.85  2.168]
2.3,52.5,0.7,0.0,0.2309,-3.6544,0.3889,-7.9409,1.6811,1.4331,0.0031,0.1792,0.0171,0.038,0.0539,0.0184,[3.704 3.461],[1.596 2.675]
2.3,56.25,0.8,0.0,0.2344,-3.0576,0.4224,-7.9078,1.7861,1.3094,0.0037,0.106,0.0136,0.0753,0.0396,0.0167,[4.582 5.089],[1.229 1.675]
2.3,60.0,0.6,0.15,0.2362,-2.6114,0.4451,-7.9537,1.8685,1.1765,0.0068,0.1508,0.0222,0.0268,0.0472,0.0174,[4.371 5.333],[1.223 0.983]
2.3,63.75,0.4,0.4,0.239,-2.1621,0.4731,-7.8774,1.965,1.0396,0.0017,0.051,0.0095,0.0952,0.0423,0.0159,[3.597 3.665],[1.42  1.899]
2.3,67.5,0.4,0.5,0.2369,-1.8406,0.4826,-7.9192,2.0395,0.905,0.0037,0.0649,0.0134,0.0664,0.0456,0.0108,[3.299 4.959],[2.282 3.322]
2.3,71.25,0.3,0.6,0.2402,-1.4817,0.5017,-7.9067,2.0915,0.7587,0.0024,0.0401,0.0114,0.0544,0.0271,0.0062,[2.978 4.527],[2.115 1.486]
2.3,75.0,0.25,0.5,0.2382,-1.193,0.5024,-7.949,2.0988,0.6074,0.0069,0.0585,0.0223,0.0564,0.041,0.003,[4.122 3.896],[1.404 1.424]
2.3,78.75,0.3,0.55,0.2375,-0.8732,0.5165,-7.7937,2.176,0.4647,0.0059,0.031,0.0159,0.3377,0.032,0.004,[4.679 4.314],[0.711 1.24 ]
2.3,82.5,0.25,0.4,0.238,-0.5954,0.5102,-7.9174,2.146,0.309,0.0033,0.0178,0.0131,0.0416,0.0543,0.0046,[4.073 3.906],[1.142 2.029]
2.3,86.25,0.5,0.35,0.2374,-0.2896,0.5241,-7.8961,2.209,0.157,0.0044,0.0076,0.0099,0.0913,0.0351,0.0062,[4.818 4.181],[0.644 1.503]
2.3,90.0,0.65,0.25,0.239,0.0005,0.5277,-7.8895,2.2152,-0.0021,0.0043,0.0025,0.0159,0.0694,0.0406,0.0061,[5.323 5.509],[0.603 0.712]
2.4,30.0,0.45,0.0,0.2256,-9.4488,0.2251,-7.6748,0.9994,2.1312,0.0046,0.5603,0.0122,0.4376,0.0353,0.0218,[3.972 3.435],[1.05  2.122]
2.4,33.75,0.5,0.0,0.2269,-7.9117,0.2581,-7.8184,1.14,2.051,0.0035,0.3381,0.0093,0.1973,0.0269,0.023,[3.828 4.681],[2.167 1.589]
2.4,37.5,0.5,0.0,0.2297,-6.633,0.2913,-7.7486,1.2751,1.9398,0.0044,0.2,0.0081,0.3697,0.036,0.0118,[4.049 5.783],[1.203 1.219]
2.4,41.25,0.55,0.0,0.2302,-5.65,0.325,-7.8851,1.4136,1.8462,0.0042,0.195,0.0101,0.0847,0.0316,0.018,[4.498 4.187],[1.074 1.134]
2.4,45.0,0.65,0.0,0.23,-4.8392,0.3552,-7.883,1.547,1.7272,0.0032,0.1924,0.0131,0.0453,0.0424,0.0151,[4.891 5.62 ],[0.825 1.329]
2.4,48.75,0.65,0.0,0.2305,-4.1872,0.3837,-7.8337,1.6624,1.6183,0.0043,0.1805,0.0151,0.1515,0.0434,0.017,[3.556 5.802],[1.66  1.193]
2.4,52.5,0.7,0.0,0.2331,-3.539,0.4169,-7.7763,1.7884,1.4921,0.0041,0.1241,0.0135,0.2415,0.0575,0.0127,[4.73  4.174],[0.747 2.397]
2.4,56.25,0.7,0.0,0.233,-3.1127,0.4347,-7.884,1.8635,1.3683,0.0046,0.1418,0.0178,0.1324,0.0539,0.0154,[4.992 4.358],[0.426 1.079]
2.4,60.0,0.8,0.05,0.2352,-2.5952,0.466,-7.9062,1.9658,1.23,0.0046,0.0758,0.0119,0.0817,0.0391,0.0136,[4.891 5.394],[0.575 0.471]
2.4,63.75,0.65,0.25,0.2369,-2.1745,0.4902,-7.9296,2.057,1.0805,0.0031,0.0449,0.0092,0.0476,0.0339,0.0113,[4.465 2.832],[0.655 2.328]
2.4,67.5,0.35,0.5,0.2411,-1.76,0.5226,-7.9107,2.1519,0.9433,0.0048,0.0712,0.0183,0.0545,0.0343,0.005,[4.743 4.249],[0.311 1.925]
2.4,71.25,0.3,0.55,0.2423,-1.4508,0.5342,-7.9037,2.1908,0.7955,0.0039,0.0498,0.0146,0.0686,0.0518,0.0109,[4.558 4.75 ],[0.62  1.837]
2.4,75.0,0.3,0.45,0.2323,-1.2348,0.5065,-7.9452,2.1827,0.6318,0.003,0.0436,0.0183,0.0459,0.078,0.0077,[3.885 3.523],[1.852 1.651]
2.4,78.75,0.35,0.55,0.2446,-0.8363,0.5604,-7.8736,2.2897,0.4799,0.0028,0.0266,0.015,0.106,0.0525,0.0079,[3.991 3.023],[1.447 2.342]
2.4,82.5,0.5,0.5,0.2399,-0.5712,0.5511,-7.8879,2.2972,0.3238,0.0039,0.0169,0.0141,0.1326,0.0351,0.0111,[5.278 5.833],[0.537 1.377]
2.4,86.25,0.65,0.15,0.2226,-0.8285,0.5287,-7.9358,2.3838,0.1418,0.0554,1.401,0.1331,0.026,0.0795,0.1773,[4.503 5.373],[0.947 1.625]
2.4,90.0,0.7,0.1,0.2234,-0.677,0.5295,-7.8466,2.3796,0.0481,0.0547,1.3393,0.1312,0.2251,0.1017,0.2666,[4.205 3.541],[1.514 2.797]
2.5,30.0,0.8,0.1,0.2243,-7.8926,0.2797,-7.8172,1.1874,2.1341,0.007,1.8503,0.0713,0.3006,0.1227,0.1588,[4.965 4.946],[0.561 0.242]
2.5,33.75,0.65,0.0,0.2266,-6.4096,0.3298,-7.8843,1.3792,2.1114,0.0067,1.412,0.0651,0.0954,0.1326,0.1642,[4.403 7.48 ],[1.068 2.535]
2.5,37.5,0.55,0.0,0.2295,-6.6339,0.3043,-7.8387,1.3217,2.0296,0.0047,0.2041,0.0095,0.0965,0.0234,0.0142,[4.976 4.959],[0.233 1.124]
2.5,41.25,0.65,0.0,0.2299,-5.6065,0.3397,-7.8673,1.4718,1.9131,0.0058,0.2784,0.016,0.1571,0.0514,0.0164,[4.237 6.465],[1.187 1.755]
2.5,45.0,0.7,0.0,0.2301,-4.8144,0.3737,-7.8754,1.6198,1.8146,0.006,0.2418,0.0161,0.1239,0.0373,0.0191,[4.446 4.069],[0.835 1.214]
2.5,48.75,0.7,0.0,0.2332,-4.1349,0.4035,-7.9109,1.7286,1.6778,0.0076,0.2046,0.0185,0.0343,0.0462,0.0134,[3.317 4.908],[1.747 0.79 ]
2.5,52.5,0.55,0.0,0.2318,-3.5919,0.4292,-7.9229,1.8498,1.5566,0.0053,0.128,0.0142,0.0663,0.0524,0.0149,[4.912 5.545],[1.352 1.636]
2.5,56.25,0.75,0.0,0.234,-3.0331,0.4623,-7.9165,1.9727,1.4247,0.0049,0.1252,0.0175,0.0746,0.0555,0.0167,[5.471 3.515],[0.613 1.709]
2.5,60.0,0.8,0.05,0.2361,-2.565,0.4901,-7.8383,2.0637,1.2799,0.004,0.0859,0.0141,0.16,0.0344,0.0155,[4.835 4.59 ],[1.061 1.291]
2.5,63.75,0.75,0.1,0.2383,-2.1511,0.5169,-7.8671,2.1545,1.1386,0.0041,0.0821,0.0161,0.1317,0.0371,0.0117,[5.213 5.691],[0.654 2.677]
2.5,67.5,0.75,0.15,0.2396,-1.7931,0.5351,-7.9218,2.2237,0.98,0.003,0.0502,0.0122,0.057,0.0448,0.0102,[5.024 4.691],[0.505 1.174]
2.5,71.25,0.3,0.6,0.242,-1.4547,0.5535,-7.9087,2.2815,0.8163,0.005,0.0469,0.0176,0.0353,0.0269,0.008,[1.342 5.066],[4.004 0.599]
2.5,75.0,0.5,0.5,0.2409,-1.137,0.569,-7.894,2.356,0.6651,0.0023,0.0302,0.0124,0.1118,0.035,0.0056,[4.564 6.333],[0.602 1.713]
2.5,78.75,0.3,0.65,0.2435,-0.8433,0.5777,-7.9727,2.3673,0.497,0.0022,0.0096,0.0059,0.0128,0.0157,0.0048,[4.775 5.409],[0.356 0.981]
2.5,86.25,0.4,0.5,0.2402,-0.2815,0.5845,-7.8131,2.4421,0.172,0.0032,0.0083,0.0125,0.1874,0.0251,0.0119,[4.35  5.454],[0.89 1.02]
2.5,90.0,0.65,0.25,0.2408,0.001,0.5782,-7.7115,2.4113,0.0011,0.0034,0.002,0.0154,0.2372,0.0437,0.0078,[4.615 7.228],[0.393 2.66 ]
2.6,30.0,0.4,0.0,0.2275,-9.2928,0.2469,-7.8475,1.0955,2.3008,0.0044,0.3698,0.0091,0.1939,0.025,0.0293,[5.586 5.052],[0.898 0.376]
2.6,33.75,0.55,0.0,0.2293,-7.6452,0.2869,-7.8755,1.2575,2.2025,0.0047,0.2711,0.0102,0.0886,0.0389,0.0217,[5.264 4.24 ],[0.486 1.092]
2.6,37.5,0.5,0.0,0.2305,-6.647,0.3162,-7.8518,1.3795,2.1093,0.0051,0.2638,0.0114,0.1179,0.0416,0.0189,[5.013 4.224],[0.328 1.69 ]
2.6,41.25,0.65,0.0,0.2302,-5.5103,0.3604,-7.8495,1.56,2.003,0.0032,0.161,0.0101,0.0997,0.0369,0.0195,[3.802 4.35 ],[2.017 1.417]
2.6,45.0,0.5,0.0,0.2331,-4.762,0.3904,-7.8739,1.6757,1.8719,0.0019,0.1005,0.0087,0.1013,0.0307,0.0166,[2.564 3.97 ],[2.537 1.08 ]
2.6,48.75,0.65,0.05,0.2328,-4.0562,0.428,-7.8828,1.8322,1.7562,0.0039,0.1397,0.0122,0.1214,0.0449,0.0132,[4.441 2.969],[0.65  2.337]
2.6,52.5,0.65,0.0,0.2358,-3.4599,0.4622,-7.9293,1.9552,1.6185,0.0052,0.1638,0.0191,0.0431,0.0441,0.0168,[4.218 4.893],[0.793 1.402]
2.6,56.25,0.8,0.0,0.2368,-2.9574,0.4912,-7.8843,2.0702,1.4768,0.0038,0.0939,0.0133,0.1283,0.0455,0.0169,[3.657 6.491],[1.606 1.659]
2.6,60.0,0.7,0.05,0.2367,-2.5493,0.5127,-7.8774,2.1603,1.3318,0.0036,0.1231,0.0213,0.1003,0.0607,0.0116,[4.124 4.141],[1.069 1.117]
2.6,63.75,0.75,0.1,0.2386,-2.158,0.5356,-7.8751,2.2437,1.1789,0.0047,0.0838,0.0174,0.1146,0.0446,0.0127,[5.402 4.667],[0.501 1.153]
2.6,67.5,0.8,0.15,0.2428,-1.7554,0.5669,-7.8596,2.3355,1.0159,0.0047,0.0641,0.0182,0.1439,0.0544,0.0077,[4.899 3.858],[0.761 1.41 ]
2.6,71.25,0.3,0.5,0.2455,-1.42,0.5868,-7.8753,2.3842,0.8587,0.0055,0.0509,0.018,0.0724,0.0474,0.0102,[3.306 2.458],[2.505 3.039]
2.6,75.0,0.2,0.5,0.244,-1.1265,0.5965,-7.9477,2.444,0.693,0.0032,0.0395,0.0159,0.0233,0.0378,0.0064,[4.262 5.098],[1.747 0.504]
2.6,78.75,0.45,0.5,0.244,-0.8396,0.6033,-7.9122,2.4711,0.52,0.002,0.0189,0.0108,0.095,0.0291,0.0099,[4.22 5.85],[1.432 1.195]
2.6,82.5,0.5,0.3,0.2423,-0.5582,0.6072,-7.9092,2.5157,0.3489,0.0022,0.0116,0.0089,0.0654,0.0269,0.0032,[5.696 5.986],[0.78  1.631]
2.6,86.25,0.3,0.45,0.2397,-0.285,0.5977,-7.7955,2.5008,0.1775,0.0043,0.0108,0.0179,0.1833,0.0364,0.0085,[4.022 5.754],[1.497 1.122]
2.6,90.0,0.75,0.2,0.2433,-0.0003,0.6129,-7.8346,2.5259,-0.0009,0.0051,0.0007,0.0233,0.1342,0.0512,0.002,[4.218 4.416],[0.862 1.864]
2.7,30.0,0.55,0.0,0.2271,-8.8907,0.2666,-7.7846,1.1817,2.3779,0.0044,0.3902,0.0108,0.194,0.035,0.0149,[3.747 4.515],[1.895 1.245]
2.7,37.5,0.6,0.0,0.2303,-6.3173,0.3438,-7.7641,1.4865,2.1808,0.0046,0.2851,0.0136,0.1997,0.0413,0.0207,[4.234 5.277],[1.178 1.685]
2.7,41.25,0.45,0.0,0.2334,-5.4076,0.3788,-7.8728,1.6108,2.0609,0.0028,0.2062,0.0149,0.1414,0.0486,0.0131,[2.981 4.282],[2.442 1.7  ]
2.7,45.0,0.7,0.0,0.2355,-4.6269,0.4171,-7.8514,1.7571,1.9451,0.0052,0.2038,0.0163,0.1269,0.0391,0.0203,[4.582 7.064],[0.618 2.092]
2.7,48.75,0.7,0.0,0.2354,-4.0366,0.4451,-7.8259,1.8767,1.8164,0.0039,0.1168,0.0116,0.1054,0.0439,0.02,[4.263 6.113],[1.32 1.28]
2.7,52.5,0.75,0.0,0.2341,-3.4827,0.4769,-7.8871,2.027,1.6839,0.0039,0.1242,0.0151,0.1023,0.0421,0.015,[5.077 5.252],[0.617 0.349]
2.7,56.25,0.75,0.0,0.2363,-2.9551,0.5118,-7.8695,2.1489,1.5396,0.0055,0.1597,0.0239,0.1022,0.0612,0.0157,[4.329 5.382],[1.204 1.207]
2.7,60.0,0.8,0.05,0.2356,-2.5511,0.5319,-7.9191,2.2426,1.3829,0.0046,0.0704,0.0126,0.0579,0.0399,0.0135,[4.976 4.537],[0.671 1.463]
2.7,63.75,0.75,0.05,0.241,-2.1223,0.5643,-7.8731,2.3257,1.2242,0.0047,0.0767,0.0177,0.1326,0.0376,0.0125,[3.741 5.196],[2.727 0.819]
2.7,67.5,0.2,0.6,0.2392,-1.8,0.5758,-7.929,2.3995,1.0488,0.0053,0.0533,0.015,0.0389,0.0154,0.009,[3.634 5.048],[1.394 1.687]
2.7,71.25,0.65,0.2,0.2413,-1.4615,0.5946,-7.9058,2.4685,0.8904,0.0038,0.0455,0.0152,0.0905,0.0293,0.0102,[4.016 5.001],[1.148 0.958]
2.7,75.0,0.45,0.35,0.2428,-1.143,0.6107,-7.9138,2.5128,0.7166,0.0026,0.0263,0.0116,0.0502,0.0341,0.0071,[3.853 5.147],[1.755 1.577]
2.7,78.75,0.45,0.3,0.2433,-0.8512,0.619,-7.9192,2.5374,0.5393,0.004,0.035,0.0218,0.0697,0.0599,0.0074,[5.599 5.865],[0.71  1.188]
2.7,86.25,0.65,0.1,0.2378,-0.2888,0.6148,-7.7878,2.581,0.1817,0.0033,0.0081,0.0137,0.3085,0.0439,0.003,[3.885 4.784],[1.377 1.43 ]
2.7,90.0,0.75,0.15,0.2451,0.0003,0.6452,-7.8013,2.6409,0.0,0.0044,0.0016,0.0176,0.1784,0.0481,0.0044,[4.318 4.768],[0.71  0.991]
2.8,30.0,0.6,0.0,0.2241,-9.231,0.2669,-7.8277,1.206,2.4667,0.0049,0.509,0.0141,0.215,0.0449,0.0177,[5.246 5.053],[0.371 0.3  ]
2.8,33.75,0.5,0.0,0.2276,-7.4446,0.3179,-7.8856,1.3957,2.3723,0.0039,0.4979,0.0193,0.0747,0.0625,0.0185,[4.563 3.07 ],[0.96  1.934]
2.8,37.5,0.5,0.0,0.2304,-6.2894,0.3577,-7.906,1.5395,2.2638,0.0039,0.1628,0.0082,0.0563,0.0244,0.0231,[2.863 4.944],[2.393 0.548]
2.8,41.25,0.65,0.0,0.2302,-5.4629,0.3897,-7.8622,1.6875,2.139,0.0038,0.2853,0.0203,0.0829,0.0637,0.0182,[4.678 5.398],[1.034 1.333]
2.8,45.0,0.55,0.0,0.2333,-4.704,0.4266,-7.8322,1.8253,2.0235,0.0034,0.1781,0.0152,0.1467,0.0417,0.0219,[4.203 5.889],[1.334 1.673]
2.8,48.75,0.8,0.0,0.2341,-4.0233,0.4639,-7.8722,1.9683,1.8826,0.0057,0.232,0.0237,0.0919,0.0548,0.0168,[3.882 6.196],[1.284 1.305]
2.8,52.5,0.75,0.0,0.2362,-3.4478,0.4985,-7.8812,2.1013,1.7412,0.0046,0.1288,0.0172,0.0754,0.0494,0.0159,[4.119 4.608],[1.634 1.032]
2.8,56.25,0.85,0.0,0.2377,-2.9366,0.5321,-7.9211,2.2321,1.5885,0.005,0.1104,0.0185,0.0575,0.0484,0.0165,[4.676 3.996],[0.943 1.838]
2.8,60.0,0.9,0.0,0.2376,-2.5244,0.5561,-7.8913,2.3293,1.4297,0.0058,0.1123,0.0223,0.1288,0.0488,0.0128,[3.008 5.331],[2.268 0.807]
2.8,63.75,0.95,0.0,0.2381,-2.1546,0.5767,-7.8895,2.423,1.2623,0.0043,0.0635,0.0149,0.1061,0.0373,0.0127,[4.314 6.253],[0.831 1.429]
2.8,67.5,0.65,0.1,0.2425,-1.7593,0.6091,-7.8888,2.5116,1.0953,0.004,0.0525,0.0151,0.0703,0.0447,0.0107,[4.064 5.43 ],[1.648 0.935]
2.8,71.25,0.6,0.25,0.2428,-1.432,0.6274,-7.9049,2.579,0.9217,0.0036,0.0241,0.0099,0.0495,0.0225,0.0097,[2.948 5.511],[2.161 1.308]
2.8,75.0,0.65,0.3,0.2424,-1.1236,0.6426,-7.9547,2.6413,0.7403,0.004,0.0379,0.0185,0.0335,0.0405,0.007,[4.205 4.89 ],[1.362 1.217]
2.8,78.75,0.5,0.4,0.2443,-0.8352,0.6547,-7.9155,2.6737,0.5566,0.0045,0.0271,0.0165,0.0728,0.0294,0.0098,[5.049 5.006],[0.508 1.765]
2.8,82.5,0.35,0.5,0.2439,-0.5534,0.6581,-7.835,2.6907,0.3747,0.003,0.0137,0.0141,0.083,0.0346,0.0042,[4.748 4.495],[1.007 0.971]
2.8,86.25,0.4,0.45,0.2435,-0.2739,0.6639,-7.8422,2.7339,0.1922,0.0026,0.0053,0.0098,0.1478,0.0221,0.0125,[4.906 4.894],[0.537 1.152]
2.8,90.0,0.55,0.1,0.2442,0.0003,0.6574,-7.7779,2.6956,0.0003,0.0051,0.0011,0.0256,0.1964,0.0564,0.0022,[4.642 5.565],[0.748 1.19 ]
2.9,30.0,0.6,0.0,0.2311,-8.8636,0.2873,-7.8328,1.2498,2.5557,0.0039,0.2773,0.0084,0.1674,0.0269,0.0129,[5.048 7.023],[0.32  2.565]
2.9,33.75,0.45,0.0,0.2289,-7.6083,0.3219,-7.7931,1.4093,2.4584,0.0038,0.2773,0.0107,0.1985,0.0239,0.0223,[4.96 6.81],[0.347 1.922]
2.9,37.5,0.25,0.0,0.233,-6.3068,0.3704,-7.7112,1.5922,2.3476,0.0032,0.1971,0.0103,0.2315,0.0221,0.0134,[4.404 5.749],[1.287 1.059]
2.9,41.25,0.55,0.0,0.2328,-5.2691,0.4177,-7.8727,1.7842,2.2186,0.0026,0.2304,0.0177,0.0782,0.051,0.0169,[4.314 2.918],[0.721 2.434]
2.9,45.0,0.75,0.0,0.2341,-4.5559,0.454,-7.8494,1.9221,2.0911,0.0039,0.1616,0.0148,0.0896,0.0378,0.0167,[4.484 5.383],[0.622 1.184]
2.9,48.75,0.65,0.0,0.2347,-4.0459,0.4769,-7.8845,2.0309,1.9453,0.0033,0.1286,0.0136,0.0788,0.0463,0.0106,[4.25  4.443],[1.025 1.076]
2.9,52.5,0.65,0.0,0.2385,-3.3558,0.5292,-7.8439,2.212,1.7968,0.0055,0.1737,0.0229,0.1693,0.0501,0.0177,[3.1   6.745],[2.02  2.268]
2.9,56.25,0.8,0.0,0.2382,-2.8946,0.558,-7.8598,2.3339,1.6444,0.0042,0.1027,0.0164,0.1431,0.0421,0.0136,[3.819 6.578],[2.005 1.965]
2.9,60.0,0.85,0.0,0.2382,-2.5184,0.5775,-7.9196,2.4091,1.4734,0.004,0.09,0.0179,0.083,0.0474,0.0109,[3.106 6.331],[1.907 3.274]
2.9,63.75,0.8,0.0,0.2415,-2.1108,0.6082,-7.9137,2.5021,1.3071,0.0037,0.0596,0.0147,0.0602,0.0361,0.0125,[3.625 4.304],[1.619 1.576]
2.9,67.5,0.85,0.05,0.2408,-1.7689,0.6283,-7.8746,2.5999,1.1345,0.0043,0.0592,0.0176,0.0661,0.0383,0.0122,[4.04  4.312],[1.742 1.32 ]
2.9,71.25,0.65,0.15,0.2407,-1.4478,0.6434,-7.912,2.6725,0.9495,0.0043,0.0348,0.014,0.0754,0.0249,0.0092,[4.231 5.926],[2.286 1.373]
2.9,75.0,0.55,0.25,0.2446,-1.1145,0.6707,-7.8508,2.7417,0.766,0.0024,0.0251,0.0128,0.1071,0.0375,0.0073,[4.682 4.535],[0.334 1.47 ]
2.9,78.75,0.85,0.1,0.2454,-0.8291,0.6805,-7.9399,2.7762,0.5741,0.0028,0.0192,0.013,0.0368,0.0372,0.0045,[3.732 5.498],[1.785 1.215]
2.9,82.5,0.75,0.25,0.2443,-0.549,0.6876,-7.8791,2.8197,0.3833,0.0033,0.0102,0.0116,0.0897,0.0269,0.0064,[5.109 4.144],[0.612 1.339]
2.9,86.25,0.55,0.25,0.2382,-0.2849,0.6663,-7.7465,2.8015,0.1925,0.0032,0.0059,0.0125,0.3559,0.03,0.0028,[5.345 5.747],[0.532 1.389]
2.9,90.0,0.8,0.1,0.2289,0.0009,0.6446,-7.7844,2.6444,0.0027,0.0592,0.0033,0.167,0.3053,0.684,0.0075,[4.383 6.581],[1.071 1.972]
3.0,30.0,0.35,0.0,0.2273,-8.9637,0.2926,-7.7264,1.2979,2.6263,0.0037,0.1896,0.0058,0.435,0.0204,0.0129,[5.391 6.818],[0.782 1.959]
3.0,33.75,0.55,0.0,0.2298,-7.3877,0.342,-7.8357,1.4876,2.5371,0.003,0.2873,0.0123,0.1013,0.0378,0.0201,[5.522 4.858],[0.649 1.205]
3.0,37.5,0.55,0.0,0.2316,-6.2252,0.3869,-7.8385,1.6601,2.425,0.0027,0.1907,0.0115,0.0981,0.0316,0.0191,[3.605 6.003],[2.047 1.879]
3.0,41.25,0.65,0.0,0.2362,-5.1935,0.4375,-7.8221,1.842,2.2894,0.004,0.2541,0.0196,0.1235,0.0572,0.014,[4.134 5.906],[1.504 1.145]
3.0,45.0,0.55,0.0,0.2345,-4.6002,0.4651,-7.8696,1.9736,2.1583,0.0036,0.1209,0.0114,0.0899,0.032,0.0188,[4.415 6.502],[1.055 1.799]
3.0,48.75,0.8,0.0,0.2374,-3.938,0.5062,-7.8614,2.1224,2.0146,0.0051,0.1367,0.0151,0.1227,0.0355,0.0179,[4.752 5.175],[0.559 1.516]
3.0,52.5,0.85,0.0,0.2372,-3.3664,0.5451,-7.8561,2.2852,1.8549,0.0066,0.1785,0.0253,0.132,0.0566,0.0127,[4.8   4.763],[0.251 0.671]
3.0,56.25,0.85,0.0,0.2399,-2.905,0.5754,-7.9076,2.3876,1.6953,0.006,0.112,0.0199,0.1115,0.0483,0.0149,[5.295 3.953],[0.369 1.549]
3.0,60.0,0.95,0.0,0.2366,-2.525,0.5958,-7.9188,2.5094,1.5262,0.0059,0.0982,0.0204,0.0759,0.0373,0.0136,[4.207 7.15 ],[0.814 2.181]
3.0,63.75,0.85,0.05,0.2403,-2.1178,0.627,-7.9063,2.6019,1.3521,0.0032,0.062,0.0161,0.0546,0.0402,0.0154,[4.123 4.526],[1.316 1.696]
3.0,67.5,0.95,0.05,0.2418,-1.7505,0.6544,-7.9168,2.7032,1.1674,0.0048,0.0515,0.0168,0.0533,0.0378,0.0119,[5.677 4.638],[0.72  0.533]
3.0,71.25,0.8,0.05,0.2409,-1.453,0.6642,-7.8626,2.7577,0.9819,0.003,0.0359,0.0133,0.1243,0.0359,0.0107,[3.239 5.481],[1.942 0.569]
3.0,75.0,0.8,0.15,0.2449,-1.1081,0.6974,-7.8958,2.8465,0.7899,0.0027,0.0222,0.0112,0.0833,0.0306,0.0082,[5.04  5.403],[0.581 0.47 ]
3.0,78.75,0.65,0.35,0.2469,-0.8205,0.7098,-7.8994,2.879,0.5936,0.0029,0.0209,0.0144,0.0864,0.0409,0.0081,[3.371 5.719],[1.715 1.384]
3.0,82.5,0.5,0.35,0.2435,-0.5528,0.7076,-7.883,2.9032,0.3977,0.0023,0.011,0.011,0.0647,0.0398,0.006,[4.989 5.035],[0.521 1.813]
3.0,86.25,0.75,0.2,0.2429,-0.2762,0.7091,-7.7995,2.9115,0.2015,0.0042,0.0053,0.0139,0.1903,0.0356,0.0065,[3.819 4.725],[2.327 1.116]
3.0,90.0,0.8,0.15,0.2394,0.0004,0.6997,-7.7732,2.9281,0.003,0.0035,0.0016,0.0148,0.1543,0.0377,0.0067,[4.825 6.328],[1.061 1.354]
3.1,30.0,0.5,0.0,0.2281,-8.7849,0.3087,-7.8863,1.3614,2.7153,0.0029,0.3848,0.013,0.0636,0.0571,0.0174,[2.93  5.321],[2.117 1.247]
3.1,33.75,0.6,0.0,0.2313,-7.1952,0.3632,-7.8055,1.5546,2.6284,0.0046,0.2944,0.0139,0.1764,0.0396,0.0173,[4.084 5.312],[0.986 1.733]
3.1,37.5,0.75,0.0,0.2342,-6.0567,0.4099,-7.7498,1.7365,2.4977,0.0038,0.1986,0.0127,0.2301,0.0423,0.0168,[4.051 5.816],[1.301 1.086]
3.1,41.25,0.7,0.05,0.2377,-5.0672,0.4634,-7.7645,1.9088,2.3794,0.0037,0.1948,0.0163,0.117,0.0458,0.02,[4.554 5.201],[1.41  0.973]
3.1,45.0,0.75,0.0,0.2363,-4.5039,0.4897,-7.8423,2.0623,2.2245,0.0043,0.1548,0.0153,0.1454,0.0566,0.0178,[4.491 6.622],[0.652 1.679]
3.1,48.75,0.85,0.0,0.2366,-3.8586,0.5322,-7.8578,2.2335,2.0802,0.0048,0.1434,0.0171,0.1106,0.056,0.0186,[4.365 4.765],[1.053 0.746]
3.1,52.5,0.85,0.0,0.2376,-3.3484,0.566,-7.8659,2.3562,1.929,0.0061,0.1628,0.0245,0.1415,0.0493,0.0163,[3.274 5.425],[2.457 1.933]
3.1,56.25,0.95,0.0,0.2386,-2.8939,0.5965,-7.8885,2.4859,1.7571,0.0045,0.1056,0.0182,0.0833,0.0399,0.0153,[3.963 5.262],[1.211 1.041]
3.1,60.0,0.85,0.0,0.2402,-2.479,0.6254,-7.8705,2.5938,1.5795,0.0033,0.0802,0.0177,0.1205,0.0456,0.0143,[4.252 4.78 ],[1.687 1.528]
3.1,63.75,0.9,0.0,0.2417,-2.0928,0.6556,-7.8541,2.6998,1.4002,0.0064,0.0985,0.0268,0.1572,0.047,0.0132,[3.142 4.225],[2.198 1.096]
3.1,67.5,0.7,0.15,0.2443,-1.7289,0.6838,-7.9318,2.7913,1.2101,0.0043,0.051,0.0168,0.0619,0.0297,0.0106,[4.841 5.017],[0.729 2.738]
3.1,71.25,0.65,0.15,0.2432,-1.4194,0.6994,-7.9405,2.8673,1.0179,0.0065,0.0551,0.0229,0.0508,0.039,0.0098,[4.214 4.16 ],[0.868 1.665]
3.1,75.0,0.65,0.15,0.2462,-1.1158,0.7166,-7.8789,2.9128,0.8167,0.0036,0.0314,0.0173,0.0697,0.0415,0.0074,[5.067 4.22 ],[0.452 1.155]
3.1,78.75,0.8,0.05,0.2471,-0.8192,0.7342,-7.9159,2.973,0.6173,0.005,0.0222,0.0172,0.0516,0.027,0.0067,[4.601 3.482],[0.783 1.561]
3.1,82.5,0.55,0.3,0.2449,-0.5512,0.7297,-7.8977,2.9828,0.4135,0.0043,0.0209,0.021,0.0986,0.0578,0.0088,[4.581 3.729],[0.766 1.733]
3.1,86.25,0.6,0.3,0.2428,-0.2764,0.7317,-7.926,3.0181,0.2066,0.0042,0.0072,0.0164,0.0322,0.0424,0.0072,[4.829 4.538],[0.536 1.68 ]
3.1,90.0,0.8,0.0,0.2415,-0.0004,0.7295,-7.8005,3.0241,-0.002,0.0045,0.0012,0.0182,0.1649,0.0464,0.0049,[4.681 3.907],[0.331 3.292]
3.2,30.0,0.55,0.0,0.2302,-8.5059,0.3287,-7.7866,1.427,2.808,0.0044,0.3117,0.0121,0.2641,0.024,0.0248,[4.606 6.066],[0.869 1.837]
3.2,33.75,0.55,0.0,0.2266,-7.4081,0.3635,-7.8933,1.602,2.6973,0.0062,0.4228,0.0207,0.0839,0.0526,0.0177,[3.324 6.864],[1.7   2.225]
3.2,37.5,0.6,0.0,0.2335,-6.0743,0.4225,-7.7232,1.794,2.5824,0.005,0.3094,0.0195,0.3467,0.0466,0.0166,[3.453 4.206],[1.552 1.112]
3.2,41.25,0.65,0.0,0.2362,-5.0741,0.478,-7.8423,1.9965,2.4568,0.0037,0.2045,0.0171,0.1678,0.0503,0.0144,[4.977 4.592],[0.615 0.827]
3.2,45.0,0.75,0.0,0.2374,-4.4555,0.5117,-7.8823,2.1407,2.3005,0.0063,0.2334,0.0255,0.0502,0.0591,0.0174,[4.232 6.263],[1.464 1.693]
3.2,48.75,0.9,0.0,0.2384,-3.8331,0.5527,-7.8392,2.2981,2.1528,0.0046,0.1295,0.0165,0.1829,0.0347,0.0151,[4.548 6.284],[1.245 2.349]
3.2,52.5,0.75,0.0,0.241,-3.3221,0.5888,-7.8395,2.4229,1.9827,0.0063,0.1453,0.0236,0.2404,0.0515,0.015,[3.972 3.46 ],[1.436 1.772]
3.2,56.25,0.95,0.0,0.2393,-2.8891,0.6165,-7.9099,2.561,1.8072,0.0058,0.124,0.0238,0.0569,0.0561,0.0167,[4.081 2.424],[1.45 2.84]
3.2,60.0,0.85,0.0,0.2427,-2.4183,0.6595,-7.8859,2.7005,1.6352,0.0042,0.0918,0.0211,0.0674,0.0552,0.0118,[4.892 5.443],[0.541 0.965]
3.2,63.75,0.85,0.0,0.2288,-1.9414,0.6436,-7.9082,2.6352,1.3624,0.0575,0.4942,0.163,0.0626,0.6606,0.3408,[3.527 3.943],[2.552 1.128]
3.2,67.5,0.75,0.1,0.2441,-1.7251,0.7061,-7.9062,2.8737,1.2504,0.0035,0.0351,0.0107,0.1064,0.0393,0.0111,[3.231 5.471],[2.507 0.929]
3.2,71.25,0.95,0.0,0.2484,-1.3774,0.7403,-7.8854,2.9622,1.0509,0.0045,0.0459,0.0196,0.1121,0.0351,0.0085,[4.699 5.089],[0.619 0.273]
3.2,75.0,0.85,0.05,0.2464,-1.1067,0.7447,-7.876,3.0235,0.8396,0.0041,0.0283,0.0158,0.2025,0.0379,0.0067,[4.591 6.294],[0.517 2.532]
3.2,78.75,0.8,0.05,0.2474,-0.8206,0.7563,-7.8455,3.0579,0.6362,0.0036,0.0162,0.0122,0.2071,0.0398,0.0055,[3.927 5.003],[1.13  1.153]
3.2,82.5,0.85,0.15,0.2464,-0.5426,0.7654,-7.8184,3.1091,0.4255,0.0037,0.0138,0.0164,0.2057,0.0389,0.0053,[4.903 5.043],[0.708 2.357]
3.2,86.25,0.9,0.05,0.2441,-0.2751,0.7578,-7.8173,3.1063,0.2122,0.0044,0.0082,0.0197,0.1765,0.0429,0.005,[4.514 4.917],[0.58  1.243]
3.2,90.0,0.95,0.0,0.2409,0.0001,0.7541,-7.7627,3.1359,-0.002,0.0039,0.0013,0.0158,0.1955,0.0294,0.0069,[4.947 5.295],[1.199 0.576]
3.3,30.0,0.55,0.0,0.2315,-8.4065,0.3435,-7.8248,1.4815,2.9013,0.0034,0.26,0.0098,0.2005,0.0245,0.0148,[3.582 5.377],[1.721 0.948]
3.3,33.75,0.45,0.0,0.2309,-7.3069,0.3801,-7.7694,1.644,2.79,0.0058,0.2426,0.0118,0.2345,0.0303,0.0127,[5.028 5.256],[1.067 0.357]
3.3,37.5,0.8,0.0,0.2328,-5.9316,0.4448,-7.847,1.8899,2.6616,0.0039,0.2099,0.0141,0.0978,0.0378,0.0149,[4.552 3.726],[0.759 1.731]
3.3,41.25,0.7,0.0,0.2369,-5.0808,0.4914,-7.8764,2.0546,2.52,0.0042,0.211,0.0183,0.0747,0.0413,0.0133,[4.316 5.68 ],[0.791 1.826]
3.3,45.0,0.75,0.0,0.2397,-4.341,0.5395,-7.8577,2.2263,2.3757,0.0058,0.1536,0.0171,0.118,0.0522,0.0169,[4.935 5.746],[0.357 1.291]
3.3,48.75,0.75,0.0,0.239,-3.8003,0.5742,-7.8941,2.3803,2.2177,0.0041,0.1202,0.0164,0.0793,0.0492,0.0188,[3.725 4.948],[1.777 0.898]
3.3,52.5,0.8,0.0,0.2408,-3.3026,0.6092,-7.8349,2.5098,2.0474,0.0064,0.1183,0.02,0.073,0.0383,0.0163,[5.132 6.129],[0.345 2.004]
3.3,56.25,0.85,0.0,0.2405,-2.8683,0.6404,-7.8945,2.6497,1.8626,0.0069,0.1317,0.0277,0.0655,0.0524,0.0128,[5.365 5.447],[0.404 1.033]
3.3,60.0,0.85,0.0,0.242,-2.4329,0.6774,-7.9542,2.7881,1.6758,0.0054,0.0948,0.0246,0.0315,0.0496,0.0136,[5.321 5.14 ],[0.421 1.019]
3.3,63.75,0.7,0.0,0.2414,-2.1097,0.6916,-7.9081,2.8536,1.4906,0.0039,0.0654,0.0189,0.0983,0.0567,0.0116,[4.854 3.87 ],[0.513 1.518]
3.3,67.5,1.0,0.0,0.2448,-1.7142,0.7335,-7.8849,2.9906,1.2811,0.0059,0.0569,0.022,0.1191,0.0332,0.0096,[4.776 3.635],[1.447 2.151]
3.3,71.25,0.7,0.05,0.2459,-1.4209,0.7448,-7.8977,3.0274,1.0757,0.0029,0.034,0.0141,0.1105,0.0412,0.0089,[5.601 5.705],[0.656 0.994]
3.3,75.0,0.85,0.05,0.2466,-1.0964,0.7734,-7.8925,3.1375,0.8682,0.0041,0.0243,0.0149,0.1002,0.0391,0.0069,[4.965 5.698],[1.049 1.554]
3.3,78.75,0.9,0.05,0.2477,-0.8139,0.7861,-7.9138,3.1748,0.6545,0.0034,0.0204,0.017,0.077,0.0395,0.0077,[4.726 5.43 ],[0.294 1.741]
3.3,82.5,0.8,0.1,0.2479,-0.5384,0.7944,-7.8367,3.2072,0.4382,0.0045,0.013,0.0171,0.1311,0.0264,0.007,[3.949 6.49 ],[1.869 1.571]
3.3,86.25,0.85,0.05,0.2422,-0.2775,0.7767,-7.8596,3.2112,0.2159,0.0052,0.0078,0.0189,0.1381,0.0337,0.0051,[3.39 6.59],[1.989 2.376]
3.3,90.0,1.0,0.0,0.2375,-0.0007,0.7652,-7.6817,3.2251,-0.0001,0.0067,0.0018,0.0243,0.3373,0.0467,0.0048,[4.012 6.046],[1.742 1.898]
3.4,30.0,0.55,0.0,0.2304,-8.5782,0.3465,-7.8135,1.5101,2.9782,0.0049,0.381,0.0143,0.2337,0.0285,0.0161,[4.08  3.775],[1.188 1.876]
3.4,33.75,0.7,0.0,0.231,-7.1384,0.3999,-7.7563,1.7284,2.8603,0.0057,0.3903,0.0199,0.1872,0.0503,0.0136,[2.984 6.877],[2.279 2.168]
3.4,37.5,0.65,0.0,0.2311,-6.1015,0.4457,-7.756,1.9178,2.7344,0.0056,0.2167,0.0153,0.2445,0.0484,0.0159,[4.447 5.9  ],[0.762 1.138]
3.4,41.25,0.8,0.0,0.2368,-5.0539,0.5082,-7.7674,2.1208,2.5959,0.0028,0.1914,0.0179,0.1045,0.0553,0.0163,[4.126 5.186],[0.999 0.895]
3.4,45.0,0.65,0.0,0.2378,-4.423,0.5457,-7.8501,2.2815,2.4352,0.0046,0.1628,0.0186,0.105,0.0457,0.0087,[3.861 4.213],[1.981 1.073]
3.4,48.75,0.7,0.0,0.2417,-3.7268,0.6013,-7.8208,2.4631,2.2786,0.0031,0.1368,0.0193,0.1973,0.0494,0.0159,[4.375 5.486],[1.189 1.665]
3.4,52.5,0.8,0.0,0.2411,-3.2684,0.6334,-7.8992,2.6063,2.1079,0.006,0.1131,0.0194,0.0768,0.0447,0.0147,[5.104 3.671],[0.715 1.638]
3.4,56.25,0.8,0.0,0.2448,-2.7501,0.6833,-7.84,2.7661,1.9258,0.0056,0.1182,0.0246,0.1468,0.0528,0.0134,[5.051 3.999],[0.488 1.2  ]
3.4,60.0,0.85,0.0,0.2456,-2.3932,0.7076,-7.8948,2.8668,1.7307,0.0054,0.0765,0.0195,0.0989,0.0442,0.0095,[4.335 4.394],[0.746 1.087]
3.4,67.5,0.85,0.1,0.2455,-1.7024,0.7593,-7.9042,3.0858,1.3244,0.006,0.0724,0.0278,0.0731,0.051,0.0091,[4.471 4.812],[1.414 0.371]
3.4,71.25,0.9,0.05,0.2439,-1.4072,0.7718,-7.902,3.1623,1.1122,0.0038,0.037,0.0174,0.0944,0.0363,0.0127,[4.314 6.222],[1.397 1.487]
3.4,75.0,0.9,0.0,0.2498,-1.0835,0.8058,-7.9074,3.2243,0.8944,0.0043,0.0307,0.0199,0.0789,0.0374,0.0065,[4.532 5.376],[0.779 0.525]
3.4,78.75,0.65,0.15,0.2484,-0.8184,0.8062,-7.9012,3.2451,0.6754,0.005,0.0278,0.0237,0.0779,0.0358,0.0053,[4.264 5.072],[1.016 0.299]
3.4,86.25,0.7,0.0,0.2451,-0.2734,0.8096,-7.7661,3.3106,0.2257,0.0043,0.0075,0.0198,0.207,0.0464,0.0036,[4.742 4.617],[0.929 0.389]
3.4,90.0,0.95,0.0,0.2319,-0.0007,0.7654,-7.7875,3.2973,0.0011,0.0057,0.0021,0.0224,0.1714,0.0373,0.0057,[3.968 4.559],[1.365 1.605]
3.5,30.0,0.55,0.0,0.232,-8.38,0.3652,-7.8095,1.5675,3.0664,0.0052,0.3834,0.0149,0.2292,0.0338,0.024,[4.484 5.814],[0.711 1.6  ]
3.5,33.75,0.6,0.0,0.2323,-7.0067,0.4181,-7.8318,1.7858,2.9441,0.004,0.2011,0.0115,0.1246,0.025,0.0222,[4.326 2.842],[1.55  2.717]
3.5,37.5,0.75,0.0,0.2344,-5.9301,0.4709,-7.8005,1.9913,2.8124,0.0047,0.2404,0.0183,0.2287,0.0516,0.0195,[4.353 4.43 ],[0.647 0.894]
3.5,41.25,0.7,0.0,0.238,-5.0253,0.5263,-7.7255,2.1773,2.6764,0.0043,0.2101,0.0198,0.4007,0.0368,0.0173,[3.668 3.574],[1.409 1.893]
3.5,45.0,0.85,0.0,0.2376,-4.4021,0.5645,-7.8376,2.3516,2.5159,0.0037,0.1346,0.0154,0.1314,0.0394,0.0144,[4.675 4.75 ],[1.085 0.906]
3.5,48.75,0.75,0.0,0.2398,-3.7743,0.613,-7.8491,2.5229,2.3569,0.0062,0.1532,0.0222,0.1463,0.0485,0.0153,[3.294 4.701],[1.803 1.748]
3.5,52.5,0.9,0.0,0.2427,-3.2098,0.6627,-7.8644,2.7116,2.1698,0.0054,0.1066,0.0202,0.1363,0.0336,0.0176,[4.61  5.119],[0.51  1.502]
3.5,56.25,0.8,0.0,0.2415,-2.8321,0.6854,-7.894,2.8172,1.9846,0.0058,0.0811,0.0178,0.0887,0.0367,0.0156,[5.56  4.018],[0.718 2.313]
3.5,60.0,0.8,0.0,0.2443,-2.4001,0.7259,-7.8579,2.9494,1.7813,0.0049,0.0842,0.0219,0.1068,0.042,0.0123,[3.612 4.321],[1.509 1.188]
3.5,63.75,0.85,0.05,0.2466,-2.0293,0.7604,-7.8874,3.0746,1.5708,0.006,0.0786,0.025,0.0826,0.0395,0.0149,[4.247 4.63 ],[0.981 1.069]
3.5,67.5,0.8,0.0,0.2456,-1.7138,0.7791,-7.9211,3.1686,1.3601,0.0079,0.0796,0.0326,0.057,0.0414,0.0099,[3.973 4.717],[1.347 1.356]
3.5,71.25,0.8,0.05,0.2492,-1.3657,0.8153,-7.871,3.2709,1.1465,0.0049,0.0414,0.0203,0.1259,0.036,0.0085,[5.355 6.295],[0.611 2.853]
3.5,75.0,0.9,0.0,0.2499,-1.0726,0.8348,-7.9113,3.3438,0.9214,0.0048,0.0315,0.02,0.071,0.0308,0.0058,[3.333 5.3  ],[2.131 0.633]
3.5,78.75,0.75,0.15,0.2519,-0.7949,0.8525,-7.8302,3.3924,0.6915,0.0052,0.0276,0.0242,0.1469,0.0445,0.0089,[4.52 4.6 ],[1.646 0.652]
3.5,82.5,0.8,0.05,0.2499,-0.5316,0.8517,-7.7738,3.4191,0.4627,0.004,0.0139,0.0179,0.2346,0.0367,0.0066,[3.55  5.303],[1.71  0.886]
3.5,90.0,0.8,0.0,0.2324,-0.0002,0.7924,-7.7575,3.4128,0.0003,0.0056,0.002,0.0248,0.1474,0.0301,0.0074,[4.574 3.891],[0.926 1.686]
