Step,Value,Episode,,Step,Value,Value,,,Step,Value,Value,,,Step,Value,Value
101,0.037,4,,101,0.037,4,,,33538,0.572,2,,,77557,0.798,3
139,0.142,8,,139,0.142,8,,,33572,0.567,6,,,77636,0.807,7
208,0.248,12,,208,0.248,12,,,33621,0.564,10,,,77709,0.806,11
254,0.265,16,,254,0.265,16,,,33673,0.557,14,,,77781,0.807,15
307,0.220,20,,307,0.220,20,,,33724,0.560,18,,,77857,0.804,19
410,0.233,24,,410,0.233,24,,,33785,0.564,22,,,77926,0.811,23
499,0.219,28,,499,0.219,28,,,33826,0.580,26,,,77992,0.804,27
586,0.203,32,,586,0.203,32,,,33891,0.594,30,,,78059,0.800,31
706,0.191,36,,706,0.191,36,,,33956,0.580,34,,,78130,0.804,35
720,0.178,40,,720,0.178,40,,,33992,0.568,38,,,78196,0.825,39
888,0.163,44,,888,0.163,44,,,34069,0.560,42,,,78267,0.823,43
976,0.157,48,,976,0.157,48,,,34117,0.567,46,,,78333,0.844,47
1124,0.152,52,,1124,0.152,52,,,34177,0.570,50,,,78404,0.848,51
1264,0.142,56,,1264,0.142,56,,,34245,0.585,54,,,78467,0.851,55
1432,0.134,60,,1432,0.134,60,,,34298,0.583,58,,,78542,0.857,59
1602,0.129,64,,1602,0.129,64,,,34346,0.571,62,,,78617,0.858,63
1771,0.122,68,,1771,0.122,68,,,34391,0.549,66,,,78692,0.854,67
1941,0.117,72,,1941,0.117,72,,,34452,0.536,70,,,78769,0.852,71
2108,0.111,76,,2108,0.111,76,,,34515,0.529,74,,,78840,0.852,75
2246,0.108,80,,2246,0.108,80,,,34588,0.537,78,,,78907,0.850,79
2414,0.104,84,,2414,0.104,84,,,34658,0.550,82,,,78969,0.855,83
2586,0.101,88,,2586,0.101,88,,,34706,0.545,86,,,79033,0.851,87
2753,0.098,92,,2753,0.098,92,,,34776,0.550,90,,,79104,0.858,91
2924,0.096,96,,2924,0.096,96,,,34844,0.569,94,,,79182,0.853,95
3093,0.095,100,,3093,0.095,100,,,34908,0.561,98,,,79314,0.856,103
3261,0.093,104,,3261,0.093,104,,,34955,0.544,102,,,79382,0.855,107
3429,0.085,108,,3429,0.085,108,,,35020,0.556,106,,,79458,0.846,111
3597,0.067,112,,3597,0.067,112,,,35090,0.581,110,,,79526,0.839,115
3766,0.056,116,,3766,0.056,116,,,35159,0.584,114,,,79604,0.839,119
3934,0.056,120,,3934,0.056,120,,,35227,0.589,118,,,79666,0.838,123
4100,0.045,124,,4100,0.045,124,,,35290,0.575,122,,,79742,0.844,127
4267,0.039,128,,4267,0.039,128,,,35360,0.582,126,,,79810,0.855,131
4430,0.039,132,,4430,0.039,132,,,35432,0.587,130,,,79883,0.862,135
4599,0.036,136,,4599,0.036,136,,,35505,0.613,134,,,79947,0.860,139
4764,0.034,140,,4764,0.034,140,,,35577,0.625,138,,,80015,0.858,143
4934,0.036,144,,4934,0.036,144,,,35647,0.638,142,,,80080,0.860,147
5098,0.033,148,,5098,0.033,148,,,35711,0.642,146,,,80149,0.857,151
5265,0.031,152,,5265,0.031,152,,,35778,0.634,150,,,80223,0.862,155
5433,0.031,156,,5433,0.031,156,,,35846,0.628,154,,,80296,0.865,159
5600,0.033,160,,5600,0.033,160,,,35919,0.648,158,,,80364,0.865,163
5767,0.034,164,,5767,0.034,164,,,35983,0.666,162,,,80430,0.871,167
5928,0.037,168,,5928,0.037,168,,,36048,0.675,166,,,80501,0.880,171
6095,0.036,172,,6095,0.036,172,,,36122,0.687,170,,,80574,0.881,175
6263,0.036,176,,6263,0.036,176,,,36195,0.694,174,,,80648,0.885,179
6432,0.035,180,,6432,0.035,180,,,36261,0.694,178,,,80700,0.876,183
6598,0.035,184,,6598,0.035,184,,,36337,0.682,182,,,80770,0.880,187
6765,0.034,188,,6765,0.034,188,,,36407,0.689,186,,,80835,0.871,191
6922,0.034,192,,6922,0.034,192,,,36471,0.695,190,,,80904,0.869,195
7090,0.034,196,,7090,0.034,196,,,36545,0.677,194,,,80978,0.873,199
7259,0.034,200,,7259,0.034,200,,,36616,0.684,198,,,81047,0.878,203
7425,0.036,204,,7425,0.036,204,,,36683,0.700,202,,,81115,0.880,207
7578,0.038,208,,7578,0.038,208,,,36753,0.712,206,,,81182,0.882,211
7735,0.040,212,,7735,0.040,212,,,36823,0.694,210,,,81254,0.887,215
7888,0.042,216,,7888,0.042,216,,,36896,0.707,214,,,81329,0.884,219
8011,0.046,220,,8011,0.046,220,,,36969,0.709,218,,,81401,0.888,223
8142,0.050,224,,8142,0.050,224,,,37040,0.726,222,,,81467,0.885,227
8277,0.054,228,,8277,0.054,228,,,37110,0.725,226,,,81534,0.877,231
8409,0.057,232,,8409,0.057,232,,,37174,0.721,230,,,81598,0.875,235
8531,0.060,236,,8531,0.060,236,,,37243,0.713,234,,,81669,0.866,239
8640,0.073,240,,8640,0.073,240,,,37311,0.705,238,,,81738,0.862,243
8784,0.075,244,,8784,0.075,244,,,37380,0.693,242,,,81814,0.861,247
8881,0.085,248,,8881,0.085,248,,,37450,0.707,246,,,81882,0.864,251
8962,0.089,252,,8962,0.089,252,,,37523,0.706,250,,,81958,0.863,255
9043,0.110,256,,9043,0.110,256,,,37596,0.705,254,,,82026,0.857,259
9160,0.113,260,,9160,0.113,260,,,37673,0.694,258,,,82093,0.857,263
9279,0.121,264,,9279,0.121,264,,,37741,0.699,262,,,82161,0.852,267
9384,0.125,268,,9384,0.125,268,,,37813,0.694,266,,,82228,0.850,271
9474,0.129,272,,9474,0.129,272,,,37880,0.691,270,,,82305,0.844,275
9543,0.134,276,,9543,0.134,276,,,37951,0.701,274,,,82370,0.839,279
9667,0.143,280,,9667,0.143,280,,,38029,0.702,278,,,82436,0.846,283
9755,0.156,284,,9755,0.156,284,,,38099,0.700,282,,,82506,0.844,287
9880,0.165,288,,9880,0.165,288,,,38166,0.692,286,,,82572,0.852,291
9958,0.177,292,,9958,0.177,292,,,38239,0.685,290,,,82640,0.857,295
10068,0.188,296,,10068,0.188,296,,,38312,0.694,294,,,82708,0.856,299
10126,0.192,300,,10126,0.192,300,,,38378,0.699,298,,,82773,0.840,303
10218,0.200,304,,10218,0.200,304,,,38444,0.697,302,,,82848,0.832,307
10325,0.206,308,,10325,0.206,308,,,38516,0.688,306,,,82917,0.837,311
10403,0.209,312,,10403,0.209,312,,,38581,0.693,310,,,82993,0.835,315
10495,0.217,316,,10495,0.217,316,,,38651,0.695,314,,,83058,0.830,319
10586,0.217,320,,10586,0.217,320,,,38717,0.683,318,,,83131,0.830,323
10660,0.216,324,,10660,0.216,324,,,38783,0.676,322,,,83194,0.828,327
10776,0.219,328,,10776,0.219,328,,,38855,0.672,326,,,83264,0.832,331
10839,0.217,332,,10839,0.217,332,,,38921,0.655,330,,,83340,0.834,335
10935,0.231,336,,10935,0.231,336,,,38992,0.652,334,,,83414,0.838,339
11029,0.223,340,,11029,0.223,340,,,39052,0.651,338,,,83492,0.836,343
11101,0.234,344,,11101,0.234,344,,,39149,0.653,342,,,83562,0.842,347
11164,0.235,348,,11164,0.235,348,,,39221,0.656,346,,,83631,0.837,351
11219,0.249,352,,11219,0.249,352,,,39290,0.659,350,,,83699,0.837,355
11297,0.231,356,,11297,0.231,356,,,39369,0.665,354,,,83770,0.844,359
11369,0.230,360,,11369,0.230,360,,,39428,0.659,358,,,83837,0.837,363
11405,0.223,364,,11405,0.223,364,,,39498,0.662,362,,,83904,0.832,367
11477,0.226,368,,11477,0.226,368,,,39574,0.675,366,,,83971,0.831,371
11507,0.231,372,,11507,0.231,372,,,39645,0.672,370,,,84039,0.837,375
11594,0.248,376,,11594,0.248,376,,,39716,0.663,374,,,84103,0.840,379
11648,0.242,380,,11648,0.242,380,,,39800,0.661,378,,,84171,0.838,383
11720,0.239,384,,11720,0.239,384,,,39871,0.666,382,,,84241,0.840,387
11752,0.232,388,,11752,0.232,388,,,39937,0.683,386,,,84311,0.845,391
11819,0.231,392,,11819,0.231,392,,,40014,0.686,390,,,84376,0.843,395
11923,0.232,396,,11923,0.232,396,,,40091,0.687,394,,,84442,0.832,399
12057,0.229,400,,12057,0.229,400,,,40172,0.678,398,,,84515,0.838,403
12101,0.228,404,,12101,0.228,404,,,40275,0.668,402,,,84589,0.843,407
12147,0.234,408,,12147,0.234,408,,,40352,0.674,406,,,84657,0.844,411
12223,0.236,412,,12223,0.236,412,,,40426,0.678,410,,,84731,0.848,415
12274,0.236,416,,12274,0.236,416,,,40494,0.656,414,,,84801,0.853,419
12317,0.244,420,,12317,0.244,420,,,40573,0.668,418,,,84871,0.853,423
12363,0.249,424,,12363,0.249,424,,,40651,0.680,422,,,84940,0.860,427
12470,0.247,428,,12470,0.247,428,,,40719,0.694,426,,,85009,0.865,431
12532,0.258,432,,12532,0.258,432,,,40790,0.703,430,,,85085,0.858,435
12600,0.244,436,,12600,0.244,436,,,40859,0.704,434,,,85158,0.860,439
12666,0.242,440,,12666,0.242,440,,,40932,0.721,438,,,85233,0.865,443
12703,0.242,444,,12703,0.242,444,,,40996,0.730,442,,,85307,0.865,447
12739,0.239,448,,12739,0.239,448,,,41061,0.724,446,,,85375,0.866,451
12816,0.232,452,,12816,0.232,452,,,41127,0.735,450,,,85514,0.848,459
12862,0.241,456,,12862,0.241,456,,,41200,0.740,454,,,85577,0.852,463
12928,0.245,460,,12928,0.245,460,,,41266,0.757,458,,,85643,0.857,467
12973,0.251,464,,12973,0.251,464,,,41331,0.755,462,,,85707,0.855,471
13001,0.247,468,,13001,0.247,468,,,41400,0.750,466,,,85780,0.853,475
13052,0.247,472,,13052,0.247,472,,,41467,0.762,470,,,85851,0.850,479
13078,0.229,476,,13078,0.229,476,,,41538,0.771,474,,,85921,0.846,483
13149,0.229,480,,13149,0.229,480,,,41609,0.776,478,,,85990,0.844,487
13190,0.227,484,,13190,0.227,484,,,41676,0.783,482,,,86063,0.843,491
13291,0.231,488,,13291,0.231,488,,,41751,0.771,486,,,86139,0.844,495
13325,0.223,492,,13325,0.223,492,,,41816,0.783,490,,,86205,0.856,499
13356,0.211,496,,13356,0.211,496,,,41890,0.790,494,,,86272,0.859,503
13385,0.212,500,,13385,0.212,500,,,41963,0.787,498,,,86342,0.844,507
13447,0.205,504,,13447,0.205,504,,,42027,0.789,502,,,86406,0.848,511
13471,0.193,508,,13471,0.193,508,,,42104,0.780,506,,,86473,0.849,515
13524,0.201,512,,13524,0.201,512,,,42172,0.783,510,,,86538,0.845,519
13569,0.204,516,,13569,0.204,516,,,42241,0.806,514,,,86602,0.841,523
13603,0.197,520,,13603,0.197,520,,,42306,0.801,518,,,86676,0.835,527
13664,0.194,524,,13664,0.194,524,,,42375,0.797,522,,,86748,0.826,531
13713,0.220,528,,13713,0.220,528,,,42449,0.783,526,,,86816,0.820,535
13770,0.207,532,,13770,0.207,532,,,42525,0.785,530,,,86891,0.823,539
13806,0.221,536,,13806,0.221,536,,,42603,0.787,534,,,86960,0.825,543
13837,0.230,540,,13837,0.230,540,,,42682,0.768,538,,,87026,0.815,547
13892,0.217,544,,13892,0.217,544,,,42757,0.758,542,,,87094,0.815,551
13923,0.211,548,,13923,0.211,548,,,42835,0.761,546,,,87163,0.820,555
13969,0.227,552,,13969,0.227,552,,,42912,0.749,550,,,87234,0.814,559
14005,0.217,556,,14005,0.217,556,,,42982,0.749,554,,,87302,0.807,563
14032,0.212,560,,14032,0.212,560,,,43054,0.741,558,,,87368,0.809,567
14094,0.215,564,,14094,0.215,564,,,43125,0.745,562,,,87442,0.810,571
14130,0.217,568,,14130,0.217,568,,,43202,0.749,566,,,87507,0.813,575
14144,0.210,572,,14144,0.210,572,,,43278,0.737,570,,,87573,0.820,579
14174,0.216,576,,14174,0.216,576,,,43350,0.728,574,,,87641,0.831,583
14202,0.215,580,,14202,0.215,580,,,43429,0.723,578,,,87714,0.824,587
14237,0.210,584,,14237,0.210,584,,,43513,0.709,582,,,87780,0.816,591
14295,0.215,588,,14295,0.215,588,,,43591,0.702,586,,,87856,0.812,595
14332,0.220,592,,14332,0.220,592,,,43669,0.691,590,,,87926,0.811,599
14365,0.225,596,,14365,0.225,596,,,43748,0.679,594,,,87989,0.818,603
14428,0.234,600,,14428,0.234,600,,,43827,0.692,598,,,88047,0.820,607
14450,0.233,604,,14450,0.233,604,,,43909,0.688,602,,,88113,0.818,611
14479,0.233,608,,14479,0.233,608,,,44001,0.677,606,,,88183,0.814,615
14524,0.220,612,,14524,0.220,612,,,44080,0.665,610,,,88258,0.812,619
14546,0.209,616,,14546,0.209,616,,,44163,0.652,614,,,88327,0.816,623
14557,0.204,620,,14557,0.204,620,,,44242,0.648,618,,,88391,0.817,627
14574,0.200,624,,14574,0.200,624,,,44323,0.638,622,,,88464,0.823,631
14627,0.173,628,,14627,0.173,628,,,44409,0.643,626,,,88527,0.832,635
14656,0.173,632,,14656,0.173,632,,,44491,0.636,630,,,88592,0.833,639
14757,0.162,636,,14757,0.162,636,,,44570,0.627,634,,,88658,0.825,643
14777,0.153,640,,14777,0.153,640,,,44678,0.616,638,,,88733,0.837,647
14804,0.154,644,,14804,0.154,644,,,44781,0.606,642,,,88799,0.839,651
14848,0.153,648,,14848,0.153,648,,,44865,0.601,646,,,88864,0.836,655
14869,0.132,652,,14869,0.132,652,,,44946,0.596,650,,,88931,0.838,659
14892,0.132,656,,14892,0.132,656,,,45027,0.589,654,,,88995,0.840,663
14964,0.140,660,,14964,0.140,660,,,45117,0.583,658,,,89066,0.835,667
14999,0.135,664,,14999,0.135,664,,,45203,0.570,662,,,89138,0.841,671
15040,0.130,668,,15040,0.130,668,,,45281,0.553,666,,,89202,0.822,675
15069,0.131,672,,15069,0.131,672,,,45366,0.545,670,,,89270,0.817,679
15108,0.130,676,,15108,0.130,676,,,45449,0.535,674,,,89337,0.817,683
15145,0.135,680,,15145,0.135,680,,,45531,0.528,678,,,89408,0.828,687
15179,0.137,684,,15179,0.137,684,,,45610,0.534,682,,,89473,0.829,691
15220,0.137,688,,15220,0.137,688,,,45690,0.538,686,,,89539,0.834,695
15244,0.131,692,,15244,0.131,692,,,45771,0.539,690,,,89614,0.833,699
15294,0.141,696,,15294,0.141,696,,,45850,0.541,694,,,89684,0.820,703
15336,0.139,700,,15336,0.139,700,,,45935,0.531,698,,,89756,0.833,707
15353,0.139,704,,15353,0.139,704,,,46016,0.537,702,,,89820,0.816,711
15385,0.157,708,,15385,0.157,708,,,46098,0.543,706,,,89889,0.818,715
15438,0.159,712,,15438,0.159,712,,,46180,0.554,710,,,89953,0.818,719
15499,0.165,716,,15499,0.165,716,,,46264,0.546,714,,,90022,0.815,723
15562,0.172,720,,15562,0.172,720,,,46343,0.558,718,,,90089,0.815,727
15570,0.172,724,,15570,0.172,724,,,46425,0.560,722,,,90157,0.813,731
15627,0.178,728,,15627,0.178,728,,,46504,0.552,726,,,90222,0.818,735
15647,0.178,732,,15647,0.178,732,,,46582,0.548,730,,,90291,0.813,739
15673,0.178,736,,15673,0.178,736,,,46660,0.549,734,,,90356,0.820,743
15696,0.178,740,,15696,0.178,740,,,46751,0.558,738,,,90428,0.818,747
15711,0.178,744,,15711,0.178,744,,,46828,0.568,742,,,90560,0.817,755
15758,0.178,748,,15758,0.178,748,,,46932,0.570,746,,,90631,0.823,759
15807,0.174,752,,15807,0.174,752,,,47009,0.584,750,,,90699,0.822,763
15847,0.175,756,,15847,0.175,756,,,47094,0.579,754,,,90767,0.807,767
15871,0.175,760,,15871,0.175,760,,,47171,0.580,758,,,90836,0.810,771
15884,0.170,764,,15884,0.170,764,,,47251,0.595,762,,,90903,0.827,775
15932,0.168,768,,15932,0.168,768,,,47331,0.603,766,,,90963,0.827,779
15977,0.167,772,,15977,0.167,772,,,47413,0.608,770,,,91032,0.822,783
16018,0.163,776,,16018,0.163,776,,,47497,0.608,774,,,91092,0.823,787
16055,0.158,780,,16055,0.158,780,,,47574,0.624,778,,,91164,0.825,791
16080,0.162,784,,16080,0.162,784,,,47657,0.616,782,,,91232,0.820,795
16095,0.153,788,,16095,0.153,788,,,47731,0.622,786,,,91303,0.823,799
16103,0.152,792,,16103,0.152,792,,,47813,0.616,790,,,91375,0.833,803
16110,0.136,796,,16110,0.136,796,,,47892,0.616,794,,,91441,0.827,807
16128,0.137,800,,16128,0.137,800,,,47977,0.612,798,,,91506,0.846,811
16150,0.143,804,,16150,0.143,804,,,48063,0.611,802,,,91574,0.840,815
16186,0.133,808,,16186,0.133,808,,,48147,0.612,806,,,91647,0.837,819
16203,0.130,812,,16203,0.130,812,,,48234,0.602,810,,,91718,0.842,823
16242,0.125,816,,16242,0.125,816,,,48318,0.605,814,,,91786,0.841,827
16260,0.125,820,,16260,0.125,820,,,48401,0.591,818,,,91853,0.839,831
16283,0.125,824,,16283,0.125,824,,,48484,0.587,822,,,91924,0.836,835
16299,0.118,828,,16299,0.118,828,,,48565,0.591,826,,,91991,0.841,839
16315,0.118,832,,16315,0.118,832,,,48645,0.599,830,,,92062,0.832,843
16330,0.113,836,,16330,0.113,836,,,48738,0.593,834,,,92134,0.832,847
16348,0.113,840,,16348,0.113,840,,,48824,0.591,838,,,92202,0.838,851
16365,0.113,844,,16365,0.113,844,,,48900,0.592,842,,,92270,0.842,855
16379,0.112,848,,16379,0.112,848,,,48978,0.597,846,,,92343,0.841,859
16415,0.119,852,,16415,0.119,852,,,49047,0.589,850,,,92407,0.848,863
16438,0.119,856,,16438,0.119,856,,,49123,0.594,854,,,92472,0.867,867
16456,0.110,860,,16456,0.110,860,,,49200,0.599,858,,,92541,0.867,871
16470,0.110,864,,16470,0.110,864,,,49268,0.589,862,,,92603,0.864,875
16486,0.111,868,,16486,0.111,868,,,49346,0.593,866,,,92677,0.857,879
16496,0.111,872,,16496,0.111,872,,,49421,0.596,870,,,92743,0.857,883
16517,0.110,876,,16517,0.110,876,,,49490,0.606,874,,,92811,0.857,887
16535,0.110,880,,16535,0.110,880,,,49559,0.600,878,,,92885,0.859,891
16553,0.101,884,,16553,0.101,884,,,49625,0.597,882,,,92951,0.864,895
16557,0.100,888,,16557,0.100,888,,,49696,0.595,886,,,93021,0.862,899
16585,0.105,892,,16585,0.105,892,,,49767,0.601,890,,,93091,0.862,903
16615,0.113,896,,16615,0.113,896,,,49839,0.602,894,,,93163,0.868,907
16667,0.104,900,,16667,0.104,900,,,49910,0.610,898,,,93228,0.868,911
16682,0.097,904,,16682,0.097,904,,,49988,0.610,902,,,93294,0.877,915
16697,0.090,908,,16697,0.090,908,,,50045,0.606,906,,,93368,0.888,919
16717,0.090,912,,16717,0.090,912,,,50117,0.618,910,,,93439,0.885,923
16722,0.088,916,,16722,0.088,916,,,50183,0.621,914,,,93505,0.881,927
16738,0.081,920,,16738,0.081,920,,,50252,0.624,918,,,93579,0.888,931
16758,0.081,924,,16758,0.081,924,,,50319,0.629,922,,,93648,0.886,935
16778,0.090,928,,16778,0.090,928,,,50384,0.620,926,,,93725,0.883,939
16805,0.100,932,,16805,0.100,932,,,50454,0.621,930,,,93792,0.891,943
16823,0.099,936,,16823,0.099,936,,,50522,0.625,934,,,93857,0.887,947
16838,0.099,940,,16838,0.099,940,,,50592,0.645,938,,,93928,0.886,951
16845,0.099,944,,16845,0.099,944,,,50656,0.642,942,,,94000,0.884,955
16865,0.105,948,,16865,0.105,948,,,50724,0.641,946,,,94065,0.887,959
16881,0.098,952,,16881,0.098,952,,,50799,0.648,950,,,94195,0.887,967
16893,0.096,956,,16893,0.096,956,,,50869,0.657,954,,,94262,0.882,971
16916,0.097,960,,16916,0.097,960,,,50941,0.660,958,,,94329,0.882,975
16937,0.097,964,,16937,0.097,964,,,51012,0.666,962,,,94397,0.883,979
16943,0.095,968,,16943,0.095,968,,,51088,0.661,966,,,94467,0.888,983
16966,0.095,972,,16966,0.095,972,,,51164,0.658,970,,,94538,0.882,987
16999,0.097,976,,16999,0.097,976,,,51244,0.650,974,,,94607,0.883,991
17027,0.107,980,,17027,0.107,980,,,51316,0.647,978,,,94674,0.878,995
17065,0.113,984,,17065,0.113,984,,,51387,0.652,982,,,94742,0.881,999
17080,0.114,988,,17080,0.114,988,,,51466,0.649,986,,,94812,0.870,1003
17107,0.116,992,,17107,0.116,992,,,51541,0.659,990,,,94877,0.868,1007
17120,0.109,996,,17120,0.109,996,,,51617,0.662,994,,,94952,0.868,1011
17139,0.109,1000,,17139,0.109,1000,,,51691,0.666,998,,,95018,0.865,1015
17159,0.109,1004,,17159,0.109,1004,,,51762,0.668,1002,,,95086,0.865,1019
17190,0.114,1008,,17190,0.114,1008,,,51843,0.669,1006,,,95151,0.857,1023
17196,0.113,1012,,17196,0.113,1012,,,51913,0.660,1010,,,95215,0.864,1027
17223,0.116,1016,,17223,0.116,1016,,,51988,0.651,1014,,,95276,0.858,1031
17253,0.121,1020,,17253,0.121,1020,,,52066,0.652,1018,,,95353,0.860,1035
17282,0.121,1024,,17282,0.121,1024,,,52134,0.665,1022,,,95419,0.861,1039
17288,0.112,1028,,17288,0.112,1028,,,52202,0.680,1026,,,95488,0.861,1043
17304,0.103,1032,,17304,0.103,1032,,,52269,0.689,1030,,,95557,0.863,1047
17323,0.103,1036,,17323,0.103,1036,,,52341,0.705,1034,,,95630,0.861,1051
17352,0.112,1040,,17352,0.112,1040,,,52410,0.697,1038,,,95704,0.860,1055
17378,0.117,1044,,17378,0.117,1044,,,52483,0.697,1042,,,95778,0.862,1059
17390,0.110,1048,,17390,0.110,1048,,,52558,0.698,1046,,,95847,0.857,1063
17408,0.110,1052,,17408,0.110,1052,,,52636,0.690,1050,,,95919,0.858,1067
17425,0.111,1056,,17425,0.111,1056,,,52706,0.692,1054,,,95982,0.859,1071
17446,0.110,1060,,17446,0.110,1060,,,52780,0.685,1058,,,96054,0.855,1075
17465,0.110,1064,,17465,0.110,1064,,,52858,0.687,1062,,,96117,0.861,1079
17487,0.112,1068,,17487,0.112,1068,,,52927,0.694,1066,,,96190,0.859,1083
17497,0.111,1072,,17497,0.111,1072,,,53003,0.701,1070,,,96257,0.864,1087
17524,0.115,1076,,17524,0.115,1076,,,53073,0.718,1074,,,96325,0.862,1091
17549,0.115,1080,,17549,0.115,1080,,,53142,0.727,1078,,,96390,0.869,1095
17578,0.122,1084,,17578,0.122,1084,,,53221,0.729,1082,,,96456,0.865,1099
17589,0.122,1088,,17589,0.122,1088,,,53301,0.739,1086,,,96518,0.873,1103
17595,0.115,1092,,17595,0.115,1092,,,53378,0.724,1090,,,96584,0.866,1107
17622,0.119,1096,,17622,0.119,1096,,,53452,0.724,1094,,,96653,0.858,1111
17658,0.133,1100,,17658,0.133,1100,,,53524,0.716,1098,,,96721,0.858,1115
17678,0.142,1104,,17678,0.142,1104,,,53601,0.722,1102,,,96791,0.858,1119
17716,0.145,1108,,17716,0.145,1108,,,53674,0.742,1106,,,96856,0.864,1123
17732,0.146,1112,,17732,0.146,1112,,,53743,0.753,1110,,,96931,0.867,1127
17756,0.150,1116,,17756,0.150,1116,,,53820,0.768,1114,,,97001,0.868,1131
17776,0.155,1120,,17776,0.155,1120,,,53897,0.772,1118,,,97072,0.855,1135
17786,0.154,1124,,17786,0.154,1124,,,53973,0.769,1122,,,97146,0.857,1139
17804,0.155,1128,,17804,0.155,1128,,,54038,0.771,1126,,,97216,0.859,1143
17820,0.155,1132,,17820,0.155,1132,,,54105,0.769,1130,,,97281,0.856,1147
17839,0.159,1136,,17839,0.159,1136,,,54173,0.766,1134,,,97355,0.858,1151
17867,0.155,1140,,17867,0.155,1140,,,54242,0.777,1138,,,97420,0.864,1155
17878,0.150,1144,,17878,0.150,1144,,,54309,0.794,1142,,,97483,0.853,1159
17892,0.150,1148,,17892,0.150,1148,,,54374,0.799,1146,,,97554,0.855,1163
17923,0.161,1152,,17923,0.161,1152,,,54453,0.806,1150,,,97622,0.860,1167
17937,0.161,1156,,17937,0.161,1156,,,54520,0.807,1154,,,97691,0.864,1171
17958,0.162,1160,,17958,0.162,1160,,,54602,0.803,1158,,,97759,0.871,1175
17969,0.162,1164,,17969,0.162,1164,,,54691,0.795,1162,,,97825,0.870,1179
17983,0.160,1168,,17983,0.160,1168,,,54773,0.795,1166,,,97895,0.868,1183
18002,0.161,1172,,18002,0.161,1172,,,54843,0.791,1170,,,97965,0.861,1187
18032,0.158,1176,,18032,0.158,1176,,,54911,0.786,1174,,,98035,0.859,1191
18043,0.149,1180,,18043,0.149,1180,,,54985,0.784,1178,,,98099,0.859,1195
18062,0.135,1184,,18062,0.135,1184,,,55058,0.795,1182,,,98169,0.860,1199
18074,0.135,1188,,18074,0.135,1188,,,55131,0.793,1186,,,98238,0.860,1203
18095,0.142,1192,,18095,0.142,1192,,,55207,0.805,1190,,,98316,0.868,1207
18127,0.145,1196,,18127,0.145,1196,,,55286,0.809,1194,,,98382,0.866,1211
18140,0.131,1200,,18140,0.131,1200,,,55365,0.816,1198,,,98451,0.869,1215
18145,0.121,1204,,18145,0.121,1204,,,55433,0.814,1202,,,98520,0.863,1219
18167,0.113,1208,,18167,0.113,1208,,,55509,0.806,1206,,,98585,0.868,1223
18177,0.113,1212,,18177,0.113,1212,,,55599,0.793,1210,,,98651,0.856,1227
18202,0.111,1216,,18202,0.111,1216,,,55678,0.791,1214,,,98716,0.858,1231
18223,0.109,1220,,18223,0.109,1220,,,55746,0.796,1218,,,98788,0.865,1235
18244,0.118,1224,,18244,0.118,1224,,,55819,0.791,1222,,,98855,0.868,1239
18265,0.118,1228,,18265,0.118,1228,,,55890,0.795,1226,,,98916,0.868,1243
18273,0.118,1232,,18273,0.118,1232,,,55968,0.782,1230,,,98982,0.870,1247
18293,0.122,1236,,18293,0.122,1236,,,56038,0.782,1234,,,99048,0.861,1251
18347,0.117,1240,,18347,0.117,1240,,,56112,0.777,1238,,,99118,0.848,1255
18381,0.127,1244,,18381,0.127,1244,,,56199,0.764,1242,,,99190,0.856,1259
18393,0.127,1248,,18393,0.127,1248,,,56271,0.764,1246,,,99255,0.854,1263
18401,0.115,1252,,18401,0.115,1252,,,56359,0.763,1250,,,99325,0.848,1267
18409,0.114,1256,,18409,0.114,1256,,,56434,0.760,1254,,,99391,0.843,1271
18417,0.113,1260,,18417,0.113,1260,,,56517,0.760,1258,,,99459,0.843,1275
18425,0.113,1264,,18425,0.113,1264,,,56604,0.767,1262,,,99527,0.843,1279
18444,0.113,1268,,18444,0.113,1268,,,56670,0.774,1266,,,99592,0.835,1283
18465,0.120,1272,,18465,0.120,1272,,,56739,0.781,1270,,,99660,0.833,1287
18486,0.116,1276,,18486,0.116,1276,,,56820,0.773,1274,,,99728,0.838,1291
18529,0.135,1280,,18529,0.135,1280,,,56890,0.773,1278,,,99801,0.838,1295
18582,0.145,1284,,18582,0.145,1284,,,56964,0.768,1282,,,99871,0.841,1299
18617,0.151,1288,,18617,0.151,1288,,,57033,0.770,1286,,,99935,0.840,1303
18631,0.145,1292,,18631,0.145,1292,,,57108,0.758,1290,,,100000,0.836,1307
18645,0.137,1296,,18645,0.137,1296,,,57180,0.763,1294,,,100067,0.839,1311
18649,0.137,1300,,18649,0.137,1300,,,57252,0.766,1298,,,100134,0.826,1315
18653,0.137,1304,,18653,0.137,1304,,,57338,0.760,1302,,,100202,0.827,1319
18673,0.145,1308,,18673,0.145,1308,,,57416,0.762,1306,,,100269,0.823,1323
18695,0.152,1312,,18695,0.152,1312,,,57487,0.767,1310,,,100339,0.827,1327
18714,0.149,1316,,18714,0.149,1316,,,57558,0.774,1314,,,100407,0.822,1331
18727,0.143,1320,,18727,0.143,1320,,,57625,0.777,1318,,,100477,0.828,1335
18731,0.133,1324,,18731,0.133,1324,,,57701,0.778,1322,,,100548,0.823,1339
18748,0.141,1328,,18748,0.141,1328,,,57773,0.778,1326,,,100610,0.813,1343
18770,0.150,1332,,18770,0.150,1332,,,57852,0.785,1330,,,100677,0.815,1347
18785,0.142,1336,,18785,0.142,1336,,,57968,0.769,1334,,,100746,0.812,1351
18798,0.142,1340,,18798,0.142,1340,,,58092,0.754,1338,,,100813,0.817,1355
18805,0.132,1344,,18805,0.132,1344,,,58196,0.750,1342,,,100876,0.818,1359
18811,0.132,1348,,18811,0.132,1348,,,58266,0.743,1346,,,100941,0.813,1363
18816,0.132,1352,,18816,0.132,1352,,,58358,0.728,1350,,,101012,0.813,1367
18824,0.132,1356,,18824,0.132,1356,,,58436,0.716,1354,,,101083,0.817,1371
18828,0.132,1360,,18828,0.132,1360,,,58518,0.717,1358,,,101156,0.819,1375
18840,0.132,1364,,18840,0.132,1364,,,58592,0.711,1362,,,101224,0.819,1379
18844,0.131,1368,,18844,0.131,1368,,,58675,0.696,1366,,,101296,0.824,1383
18849,0.124,1372,,18849,0.124,1372,,,58753,0.686,1370,,,101375,0.827,1387
18855,0.123,1376,,18855,0.123,1376,,,58828,0.690,1374,,,101449,0.818,1391
18876,0.116,1380,,18876,0.116,1380,,,58908,0.683,1378,,,101521,0.814,1395
18880,0.105,1384,,18880,0.105,1384,,,58979,0.684,1382,,,101594,0.811,1399
18895,0.099,1388,,18895,0.099,1388,,,59046,0.681,1386,,,101670,0.802,1403
18919,0.099,1392,,18919,0.099,1392,,,59123,0.687,1390,,,101733,0.807,1407
18940,0.100,1396,,18940,0.100,1396,,,59191,0.668,1394,,,101803,0.810,1411
18952,0.101,1400,,18952,0.101,1400,,,59265,0.653,1398,,,101864,0.820,1415
18962,0.101,1404,,18962,0.101,1404,,,59333,0.661,1402,,,101938,0.821,1419
18968,0.091,1408,,18968,0.091,1408,,,59398,0.664,1406,,,102007,0.819,1423
18980,0.085,1412,,18980,0.085,1412,,,59473,0.662,1410,,,102080,0.825,1427
18996,0.083,1416,,18996,0.083,1416,,,59544,0.657,1414,,,102151,0.832,1431
19000,0.083,1420,,19000,0.083,1420,,,59617,0.640,1418,,,102217,0.817,1435
19013,0.084,1424,,19013,0.084,1424,,,59694,0.638,1422,,,102287,0.820,1439
19021,0.075,1428,,19021,0.075,1428,,,59759,0.641,1426,,,102355,0.824,1443
19045,0.066,1432,,19045,0.066,1432,,,59826,0.649,1430,,,102424,0.824,1447
19063,0.066,1436,,19063,0.066,1436,,,59900,0.662,1434,,,102498,0.834,1451
19079,0.066,1440,,19079,0.066,1440,,,59968,0.672,1438,,,102562,0.833,1455
19083,0.066,1444,,19083,0.066,1444,,,60036,0.680,1442,,,102635,0.830,1459
19094,0.066,1448,,19094,0.066,1448,,,60107,0.692,1446,,,102707,0.834,1463
19100,0.066,1452,,19100,0.066,1452,,,60181,0.703,1450,,,102779,0.838,1467
19122,0.071,1456,,19122,0.071,1456,,,60251,0.720,1454,,,102850,0.830,1471
19142,0.072,1460,,19142,0.072,1460,,,60319,0.732,1458,,,102921,0.825,1475
19189,0.083,1464,,19189,0.083,1464,,,60394,0.736,1462,,,102992,0.827,1479
19194,0.083,1468,,19194,0.083,1468,,,60466,0.747,1466,,,103058,0.830,1483
19206,0.083,1472,,19206,0.083,1472,,,60534,0.756,1470,,,103127,0.836,1487
19214,0.083,1476,,19214,0.083,1476,,,60614,0.756,1474,,,103192,0.845,1491
19227,0.072,1480,,19227,0.072,1480,,,60684,0.761,1478,,,103258,0.842,1495
19231,0.072,1484,,19231,0.072,1484,,,60762,0.758,1482,,,103326,0.840,1499
19245,0.072,1488,,19245,0.072,1488,,,60834,0.753,1486,,,103393,0.848,1503
19264,0.072,1492,,19264,0.072,1492,,,60910,0.751,1490,,,103460,0.844,1507
19269,0.071,1496,,19269,0.071,1496,,,60985,0.769,1494,,,103525,0.846,1511
19281,0.071,1500,,19281,0.071,1500,,,61058,0.775,1498,,,103589,0.851,1515
19298,0.073,1504,,19298,0.073,1504,,,61129,0.778,1502,,,103661,0.856,1519
19325,0.074,1508,,19325,0.074,1508,,,61200,0.765,1506,,,103730,0.851,1523
19365,0.075,1512,,19365,0.075,1512,,,61278,0.766,1510,,,103793,0.849,1527
19389,0.075,1516,,19389,0.075,1516,,,61362,0.759,1514,,,103858,0.847,1531
19428,0.078,1520,,19428,0.078,1520,,,61431,0.771,1518,,,103923,0.865,1535
19454,0.078,1524,,19454,0.078,1524,,,61500,0.762,1522,,,103989,0.865,1539
19497,0.085,1528,,19497,0.085,1528,,,61579,0.747,1526,,,104062,0.871,1543
19531,0.087,1532,,19531,0.087,1532,,,61658,0.734,1530,,,104131,0.868,1547
19553,0.087,1536,,19553,0.087,1536,,,61734,0.729,1534,,,104197,0.864,1551
19574,0.087,1540,,19574,0.087,1540,,,61809,0.731,1538,,,104263,0.870,1555
19590,0.088,1544,,19590,0.088,1544,,,61877,0.734,1542,,,104328,0.868,1559
19636,0.090,1548,,19636,0.090,1548,,,61944,0.725,1546,,,104399,0.873,1563
19683,0.101,1552,,19683,0.101,1552,,,62013,0.728,1550,,,104476,0.866,1567
19715,0.101,1556,,19715,0.101,1556,,,62096,0.710,1554,,,104546,0.870,1571
19739,0.107,1560,,19739,0.107,1560,,,62173,0.705,1558,,,104612,0.873,1575
19769,0.097,1564,,19769,0.097,1564,,,62257,0.694,1562,,,104679,0.871,1579
19814,0.100,1568,,19814,0.100,1568,,,62346,0.677,1566,,,104747,0.871,1583
19839,0.106,1572,,19839,0.106,1572,,,62435,0.657,1570,,,104815,0.871,1587
19880,0.114,1576,,19880,0.114,1576,,,62527,0.645,1574,,,104887,0.863,1591
19917,0.116,1580,,19917,0.116,1580,,,62599,0.642,1578,,,104955,0.871,1595
19964,0.129,1584,,19964,0.129,1584,,,62679,0.637,1582,,,105021,0.873,1599
19996,0.145,1588,,19996,0.145,1588,,,62759,0.634,1586,,,105088,0.876,1603
20009,0.144,1592,,20009,0.144,1592,,,62842,0.634,1590,,,105162,0.874,1607
20047,0.155,1596,,20047,0.155,1596,,,62924,0.618,1594,,,105236,0.878,1611
20072,0.155,1600,,20072,0.155,1600,,,63002,0.620,1598,,,105308,0.875,1615
20131,0.157,1604,,20131,0.157,1604,,,63093,0.602,1602,,,105374,0.867,1619
20161,0.163,1608,,20161,0.163,1608,,,63169,0.605,1606,,,105443,0.874,1623
20201,0.171,1612,,20201,0.171,1612,,,63243,0.606,1610,,,105513,0.869,1627
20242,0.181,1616,,20242,0.181,1616,,,63328,0.601,1614,,,105576,0.861,1631
20286,0.193,1620,,20286,0.193,1620,,,63402,0.603,1618,,,105645,0.853,1635
20342,0.206,1624,,20342,0.206,1624,,,63474,0.604,1622,,,105713,0.850,1639
20382,0.210,1628,,20382,0.210,1628,,,63556,0.604,1626,,,105781,0.853,1643
20432,0.222,1632,,20432,0.222,1632,,,63637,0.604,1630,,,105851,0.858,1647
20476,0.233,1636,,20476,0.233,1636,,,63715,0.606,1634,,,105920,0.865,1651
20505,0.233,1640,,20505,0.233,1640,,,63787,0.608,1638,,,105995,0.864,1655
20545,0.243,1644,,20545,0.243,1644,,,63863,0.605,1642,,,106061,0.865,1659
20558,0.241,1648,,20558,0.241,1648,,,63933,0.606,1646,,,106130,0.861,1663
20597,0.231,1652,,20597,0.231,1652,,,64006,0.605,1650,,,106201,0.862,1667
20642,0.240,1656,,20642,0.240,1656,,,64078,0.600,1654,,,106268,0.856,1671
20684,0.248,1660,,20684,0.248,1660,,,64151,0.605,1658,,,106338,0.855,1675
20714,0.254,1664,,20714,0.254,1664,,,64225,0.618,1662,,,106405,0.849,1679
20754,0.258,1668,,20754,0.258,1668,,,64289,0.635,1666,,,106476,0.842,1683
20780,0.252,1672,,20780,0.252,1672,,,64352,0.654,1670,,,106555,0.842,1687
20807,0.246,1676,,20807,0.246,1676,,,64431,0.664,1674,,,106622,0.848,1691
20855,0.273,1680,,20855,0.273,1680,,,64503,0.670,1678,,,106689,0.848,1695
20899,0.268,1684,,20899,0.268,1684,,,64570,0.683,1682,,,106754,0.848,1699
20919,0.253,1688,,20919,0.253,1688,,,64641,0.696,1686,,,106823,0.845,1703
20951,0.254,1692,,20951,0.254,1692,,,64711,0.706,1690,,,106890,0.846,1707
20992,0.245,1696,,20992,0.245,1696,,,64781,0.711,1694,,,106957,0.845,1711
21035,0.261,1700,,21035,0.261,1700,,,64843,0.719,1698,,,107027,0.836,1715
21082,0.264,1704,,21082,0.264,1704,,,64910,0.737,1702,,,107094,0.842,1719
21117,0.267,1708,,21117,0.267,1708,,,64985,0.741,1706,,,107164,0.840,1723
21160,0.263,1712,,21160,0.263,1712,,,65056,0.746,1710,,,107230,0.836,1727
21193,0.262,1716,,21193,0.262,1716,,,65125,0.762,1714,,,107292,0.847,1731
21234,0.259,1720,,21234,0.259,1720,,,65192,0.767,1718,,,107357,0.851,1735
21252,0.245,1724,,21252,0.245,1724,,,65258,0.770,1722,,,107436,0.853,1739
21286,0.242,1728,,21286,0.242,1728,,,65331,0.775,1726,,,107504,0.847,1743
21324,0.229,1732,,21324,0.229,1732,,,65400,0.791,1730,,,107569,0.848,1747
21372,0.237,1736,,21372,0.237,1736,,,65475,0.803,1734,,,107633,0.848,1751
21397,0.237,1740,,21397,0.237,1740,,,65546,0.805,1738,,,107701,0.851,1755
21441,0.229,1744,,21441,0.229,1744,,,65609,0.803,1742,,,107769,0.852,1759
21469,0.230,1748,,21469,0.230,1748,,,65676,0.799,1746,,,107834,0.852,1763
21500,0.230,1752,,21500,0.230,1752,,,65744,0.783,1750,,,107907,0.856,1767
21540,0.217,1756,,21540,0.217,1756,,,65808,0.785,1754,,,107973,0.864,1771
21579,0.204,1760,,21579,0.204,1760,,,65877,0.770,1758,,,108042,0.865,1775
21617,0.199,1764,,21617,0.199,1764,,,65947,0.762,1762,,,108112,0.870,1779
21648,0.201,1768,,21648,0.201,1768,,,66011,0.769,1766,,,108181,0.874,1783
21684,0.202,1772,,21684,0.202,1772,,,66080,0.774,1770,,,108254,0.871,1787
21710,0.203,1776,,21710,0.203,1776,,,66150,0.776,1774,,,108317,0.872,1791
21752,0.182,1780,,21752,0.182,1780,,,66223,0.772,1778,,,108384,0.868,1795
21795,0.180,1784,,21795,0.180,1784,,,66295,0.766,1782,,,108454,0.870,1799
21831,0.190,1788,,21831,0.190,1788,,,66363,0.764,1786,,,108531,0.874,1803
21869,0.196,1792,,21869,0.196,1792,,,66435,0.759,1790,,,108599,0.870,1807
21917,0.208,1796,,21917,0.208,1796,,,66506,0.763,1794,,,108673,0.870,1811
21933,0.191,1800,,21933,0.191,1800,,,66570,0.750,1798,,,108739,0.874,1815
21969,0.187,1804,,21969,0.187,1804,,,66640,0.746,1802,,,108809,0.874,1819
22007,0.187,1808,,22007,0.187,1808,,,66706,0.751,1806,,,108878,0.873,1823
22057,0.189,1812,,22057,0.189,1812,,,66769,0.758,1810,,,108943,0.878,1827
22101,0.192,1816,,22101,0.192,1816,,,66843,0.763,1814,,,109011,0.870,1831
22134,0.182,1820,,22134,0.182,1820,,,66912,0.763,1818,,,109084,0.869,1835
22154,0.183,1824,,22154,0.183,1824,,,66980,0.774,1822,,,109156,0.869,1839
22194,0.177,1828,,22194,0.177,1828,,,67048,0.784,1826,,,109221,0.871,1843
22243,0.186,1832,,22243,0.186,1832,,,67113,0.774,1830,,,109294,0.868,1847
22277,0.168,1836,,22277,0.168,1836,,,67181,0.764,1834,,,109371,0.865,1851
22318,0.169,1840,,22318,0.169,1840,,,67255,0.753,1838,,,109440,0.864,1855
22359,0.186,1844,,22359,0.186,1844,,,67328,0.763,1842,,,109507,0.867,1859
22429,0.186,1848,,22429,0.186,1848,,,67398,0.773,1846,,,109577,0.867,1863
22507,0.192,1852,,22507,0.192,1852,,,67467,0.794,1850,,,109646,0.873,1867
22527,0.195,1856,,22527,0.195,1856,,,67529,0.804,1854,,,109718,0.872,1871
22578,0.205,1860,,22578,0.205,1860,,,67607,0.821,1858,,,109789,0.861,1875
22621,0.216,1864,,22621,0.216,1864,,,67675,0.836,1862,,,109864,0.863,1879
22681,0.227,1868,,22681,0.227,1868,,,67741,0.829,1866,,,109932,0.862,1883
22722,0.227,1872,,22722,0.227,1872,,,67806,0.827,1870,,,110001,0.862,1887
22768,0.228,1876,,22768,0.228,1876,,,67872,0.835,1874,,,110071,0.862,1891
22803,0.222,1880,,22803,0.222,1880,,,67934,0.838,1878,,,110143,0.863,1895
22821,0.216,1884,,22821,0.216,1884,,,68003,0.841,1882,,,110219,0.866,1899
22857,0.213,1888,,22857,0.213,1888,,,68072,0.838,1886,,,110276,0.860,1903
22875,0.207,1892,,22875,0.207,1892,,,68136,0.843,1890,,,110342,0.864,1907
22910,0.201,1896,,22910,0.201,1896,,,68203,0.849,1894,,,110406,0.862,1911
22941,0.202,1900,,22941,0.202,1900,,,68270,0.859,1898,,,110473,0.865,1915
22993,0.204,1904,,22993,0.204,1904,,,68336,0.859,1902,,,110543,0.848,1919
23043,0.209,1908,,23043,0.209,1908,,,68396,0.855,1906,,,110614,0.847,1923
23075,0.208,1912,,23075,0.208,1912,,,68466,0.853,1910,,,110678,0.854,1927
23127,0.207,1916,,23127,0.207,1916,,,68533,0.853,1914,,,110750,0.859,1931
23166,0.208,1920,,23166,0.208,1920,,,68603,0.856,1918,,,110820,0.860,1935
23218,0.218,1924,,23218,0.218,1924,,,68681,0.853,1922,,,110891,0.857,1939
23254,0.218,1928,,23254,0.218,1928,,,68749,0.844,1926,,,110965,0.851,1943
23269,0.208,1932,,23269,0.208,1932,,,68818,0.843,1930,,,111028,0.856,1947
23323,0.223,1936,,23323,0.223,1936,,,68890,0.849,1934,,,111100,0.857,1951
23360,0.223,1940,,23360,0.223,1940,,,68952,0.855,1938,,,111165,0.853,1955
23388,0.204,1944,,23388,0.204,1944,,,69018,0.847,1942,,,111234,0.846,1959
23424,0.205,1948,,23424,0.205,1948,,,69082,0.847,1946,,,111302,0.843,1963
23465,0.199,1952,,23465,0.199,1952,,,69148,0.845,1950,,,111378,0.838,1967
23485,0.195,1956,,23485,0.195,1956,,,69215,0.843,1954,,,111443,0.829,1971
23526,0.194,1960,,23526,0.194,1960,,,69282,0.842,1958,,,111504,0.839,1975
23566,0.196,1964,,23566,0.196,1964,,,69346,0.830,1962,,,111580,0.831,1979
23608,0.183,1968,,23608,0.183,1968,,,69414,0.829,1966,,,111646,0.837,1983
23644,0.183,1972,,23644,0.183,1972,,,69481,0.812,1970,,,111717,0.833,1987
23691,0.200,1976,,23691,0.200,1976,,,69547,0.807,1974,,,111785,0.833,1991
23715,0.200,1980,,23715,0.200,1980,,,69614,0.806,1978,,,111856,0.833,1995
23757,0.201,1984,,23757,0.201,1984,,,69680,0.812,1982,,,111928,0.824,1999
23804,0.204,1988,,23804,0.204,1988,,,69746,0.809,1986,,,112006,0.829,2003
23833,0.204,1992,,23833,0.204,1992,,,69819,0.802,1990,,,112075,0.832,2007
23863,0.206,1996,,23863,0.206,1996,,,69887,0.799,1994,,,112143,0.832,2011
23888,0.205,2000,,23888,0.205,2000,,,69956,0.802,1998,,,112221,0.831,2015
23923,0.209,2004,,23923,0.209,2004,,,70025,0.804,2002,,,112284,0.841,2019
23965,0.196,2008,,23965,0.196,2008,,,70094,0.807,2006,,,112346,0.840,2023
24012,0.191,2012,,24012,0.191,2012,,,70170,0.808,2010,,,112415,0.837,2027
24053,0.188,2016,,24053,0.188,2016,,,70240,0.808,2014,,,112484,0.835,2031
24095,0.188,2020,,24095,0.188,2020,,,70314,0.805,2018,,,112552,0.837,2035
24147,0.187,2024,,24147,0.187,2024,,,70382,0.808,2022,,,112620,0.834,2039
24194,0.198,2028,,24194,0.198,2028,,,70450,0.817,2026,,,112692,0.844,2043
24239,0.200,2032,,24239,0.200,2032,,,70525,0.823,2030,,,112762,0.839,2047
24288,0.185,2036,,24288,0.185,2036,,,70587,0.818,2034,,,112828,0.839,2051
24339,0.195,2040,,24339,0.195,2040,,,70655,0.820,2038,,,112902,0.841,2055
24378,0.204,2044,,24378,0.204,2044,,,70727,0.830,2042,,,112972,0.846,2059
24424,0.215,2048,,24424,0.215,2048,,,70797,0.827,2046,,,113049,0.842,2063
24470,0.222,2052,,24470,0.222,2052,,,70866,0.832,2050,,,113126,0.841,2067
24529,0.241,2056,,24529,0.241,2056,,,70935,0.840,2054,,,113193,0.846,2071
24578,0.234,2060,,24578,0.234,2060,,,71011,0.845,2058,,,113260,0.850,2075
24618,0.230,2064,,24618,0.230,2064,,,71071,0.840,2062,,,113331,0.857,2079
24677,0.232,2068,,24677,0.232,2068,,,71141,0.841,2066,,,113402,0.855,2083
24727,0.240,2072,,24727,0.240,2072,,,71213,0.853,2070,,,113478,0.854,2087
24784,0.242,2076,,24784,0.242,2076,,,71285,0.845,2074,,,113547,0.851,2091
24844,0.265,2080,,24844,0.265,2080,,,71356,0.846,2078,,,113623,0.848,2095
24894,0.278,2084,,24894,0.278,2084,,,71432,0.841,2082,,,113695,0.855,2099
24915,0.268,2088,,24915,0.268,2088,,,71496,0.841,2086,,,113766,0.852,2103
24941,0.268,2092,,24941,0.268,2092,,,71570,0.838,2090,,,113834,0.851,2107
24985,0.261,2096,,24985,0.261,2096,,,71639,0.840,2094,,,113905,0.848,2111
25029,0.272,2100,,25029,0.272,2100,,,71701,0.834,2098,,,113984,0.848,2115
25078,0.279,2104,,25078,0.279,2104,,,71770,0.839,2102,,,114066,0.855,2119
25122,0.289,2108,,25122,0.289,2108,,,71834,0.836,2106,,,114139,0.861,2123
25181,0.302,2112,,25181,0.302,2112,,,71907,0.832,2110,,,114217,0.855,2127
25242,0.305,2116,,25242,0.305,2116,,,71975,0.828,2114,,,114287,0.855,2131
25295,0.312,2120,,25295,0.312,2120,,,72041,0.823,2118,,,114354,0.849,2135
25338,0.321,2124,,25338,0.321,2124,,,72114,0.825,2122,,,114421,0.856,2139
25377,0.310,2128,,25377,0.310,2128,,,72178,0.812,2126,,,114488,0.854,2143
25402,0.309,2132,,25402,0.309,2132,,,72242,0.802,2130,,,114556,0.851,2147
25455,0.322,2136,,25455,0.322,2136,,,72313,0.813,2134,,,114621,0.853,2151
25496,0.321,2140,,25496,0.321,2140,,,72379,0.812,2138,,,114694,0.856,2155
25537,0.321,2144,,25537,0.321,2144,,,72444,0.794,2142,,,114761,0.855,2159
25589,0.312,2148,,25589,0.312,2148,,,72510,0.786,2146,,,114829,0.858,2163
25631,0.305,2152,,25631,0.305,2152,,,72578,0.788,2150,,,114897,0.864,2167
25678,0.288,2156,,25678,0.288,2156,,,72641,0.787,2154,,,114964,0.869,2171
25707,0.286,2160,,25707,0.286,2160,,,72709,0.779,2158,,,115001,0.847,2175
25763,0.283,2164,,25763,0.283,2164,,,72779,0.794,2162,,,115005,0.811,2179
25791,0.273,2168,,25791,0.273,2168,,,72845,0.799,2166,,,115009,0.776,2183
25837,0.270,2172,,25837,0.270,2172,,,72914,0.806,2170,,,115013,0.744,2187
25879,0.255,2176,,25879,0.255,2176,,,72977,0.812,2174,,,115017,0.714,2191
25915,0.233,2180,,25915,0.233,2180,,,73051,0.815,2178,,,115021,0.680,2195
25937,0.218,2184,,25937,0.218,2184,,,73123,0.818,2182,,,115025,0.643,2199
25981,0.220,2188,,25981,0.220,2188,,,73195,0.828,2186,,,115029,0.607,2203
26035,0.230,2192,,26035,0.230,2192,,,73268,0.825,2190,,,115033,0.575,2207
26079,0.230,2196,,26079,0.230,2196,,,73336,0.825,2194,,,115037,0.542,2211
26109,0.219,2200,,26109,0.219,2200,,,73408,0.829,2198,,,115041,0.509,2215
26166,0.223,2204,,26166,0.223,2204,,,73477,0.813,2202,,,115045,0.472,2219
26225,0.224,2208,,26225,0.224,2208,,,73544,0.817,2206,,,115049,0.436,2223
26264,0.210,2212,,26264,0.210,2212,,,73607,0.821,2210,,,115053,0.405,2227
26322,0.202,2216,,26322,0.202,2216,,,73674,0.812,2214,,,115057,0.371,2231
26362,0.195,2220,,26362,0.195,2220,,,73751,0.819,2218,,,115061,0.341,2235
26410,0.178,2224,,26410,0.178,2224,,,73812,0.805,2222,,,115065,0.301,2239
26456,0.184,2228,,26456,0.184,2228,,,73882,0.820,2226,,,115069,0.264,2243
26508,0.194,2232,,26508,0.194,2232,,,73945,0.821,2230,,,115073,0.233,2247
26540,0.189,2236,,26540,0.189,2236,,,74011,0.812,2234,,,115077,0.196,2251
26592,0.199,2240,,26592,0.199,2240,,,74086,0.814,2238,,,115081,0.157,2255
26630,0.190,2244,,26630,0.190,2244,,,74153,0.828,2242,,,115085,0.122,2259
26686,0.194,2248,,26686,0.194,2248,,,74221,0.837,2246,,,115089,0.091,2263
26730,0.194,2252,,26730,0.194,2252,,,74291,0.830,2250,,,115093,0.052,2267
26775,0.203,2256,,26775,0.203,2256,,,74357,0.834,2254,,,115097,0.015,2271
26831,0.213,2260,,26831,0.213,2260,,,74429,0.837,2258,,,115101,0.000,2275
26862,0.214,2264,,26862,0.214,2264,,,74494,0.821,2262,,,115105,0.000,2279
26923,0.224,2268,,26923,0.224,2268,,,74567,0.823,2266,,,115109,0.000,2283
26971,0.220,2272,,26971,0.220,2272,,,74633,0.821,2270,,,115113,0.000,2287
27011,0.216,2276,,27011,0.216,2276,,,74701,0.826,2274,,,115117,0.000,2291
27034,0.215,2280,,27034,0.215,2280,,,74769,0.822,2278,,,115121,0.000,2295
27053,0.215,2284,,27053,0.215,2284,,,74838,0.812,2282,,,115125,0.000,2299
27094,0.221,2288,,27094,0.221,2288,,,74904,0.797,2286,,,115129,0.000,2303
27126,0.211,2292,,27126,0.211,2292,,,74969,0.808,2290,,,115133,0.000,2307
27189,0.227,2296,,27189,0.227,2296,,,75038,0.806,2294,,,115137,0.000,2311
27231,0.234,2300,,27231,0.234,2300,,,75112,0.798,2298,,,115141,0.000,2315
27263,0.219,2304,,27263,0.219,2304,,,75184,0.804,2302,,,115145,0.000,2319
27317,0.219,2308,,27317,0.219,2308,,,75264,0.796,2306,,,115149,0.000,2323
27359,0.223,2312,,27359,0.223,2312,,,75340,0.789,2310,,,115153,0.000,2327
27417,0.245,2316,,27417,0.245,2316,,,75417,0.798,2314,,,115157,0.000,2331
27474,0.261,2320,,27474,0.261,2320,,,75479,0.799,2318,,,115161,0.000,2335
27521,0.266,2324,,27521,0.266,2324,,,75549,0.810,2322,,,115165,0.000,2339
27559,0.260,2328,,27559,0.260,2328,,,75621,0.808,2326,,,115169,0.000,2343
27595,0.251,2332,,27595,0.251,2332,,,75687,0.809,2330,,,115173,0.000,2347
27637,0.243,2336,,27637,0.243,2336,,,75758,0.815,2334,,,115177,0.000,2351
27664,0.224,2340,,27664,0.224,2340,,,75828,0.806,2338,,,115181,0.000,2355
27705,0.225,2344,,27705,0.225,2344,,,75890,0.801,2342,,,115185,0.000,2359
27752,0.220,2348,,27752,0.220,2348,,,75959,0.801,2346,,,115189,0.000,2363
27773,0.219,2352,,27773,0.219,2352,,,76033,0.808,2350,,,115193,0.000,2367
27798,0.208,2356,,27798,0.208,2356,,,76104,0.810,2354,,,115197,0.000,2371
27839,0.199,2360,,27839,0.199,2360,,,76168,0.803,2358,,,115201,0.000,2375
27874,0.192,2364,,27874,0.192,2364,,,76235,0.818,2362,,,115205,0.000,2379
27901,0.182,2368,,27901,0.182,2368,,,76300,0.811,2366,,,115209,0.000,2383
27948,0.182,2372,,27948,0.182,2372,,,76371,0.804,2370,,,115213,0.000,2387
27980,0.185,2376,,27980,0.185,2376,,,76434,0.785,2374,,,115217,0.000,2391
28015,0.194,2380,,28015,0.194,2380,,,76503,0.793,2378,,,115221,0.000,2395
28049,0.195,2384,,28049,0.195,2384,,,76569,0.776,2382,,,115225,0.000,2399
28089,0.197,2388,,28089,0.197,2388,,,76634,0.784,2386,,,115229,0.000,2403
28124,0.197,2392,,28124,0.197,2392,,,76700,0.782,2390,,,115233,0.000,2407
28148,0.181,2396,,28148,0.181,2396,,,76761,0.777,2394,,,115237,0.000,2411
28188,0.175,2400,,28188,0.175,2400,,,76833,0.786,2398,,,115241,0.000,2415
28230,0.171,2404,,28230,0.171,2404,,,76902,0.793,2402,,,115245,0.000,2419
28270,0.170,2408,,28270,0.170,2408,,,76969,0.797,2406,,,115249,0.000,2423
28294,0.165,2412,,28294,0.165,2412,,,77033,0.802,2410,,,115253,0.000,2427
28319,0.142,2416,,28319,0.142,2416,,,77104,0.800,2414,,,115257,0.000,2431
28360,0.134,2420,,28360,0.134,2420,,,77179,0.792,2418,,,115261,0.000,2435
28400,0.128,2424,,28400,0.128,2424,,,77248,0.794,2422,,,115265,0.000,2439
28432,0.128,2428,,28432,0.128,2428,,,77322,0.787,2426,,,115269,0.000,2443
28481,0.139,2432,,28481,0.139,2432,,,77394,0.798,2430,,,115273,0.000,2447
28523,0.139,2436,,28523,0.139,2436,,,77470,0.796,2434,,,115277,0.000,2451
28550,0.139,2440,,28550,0.139,2440,,,77541,0.803,2438,,,115281,0.000,2455
28587,0.139,2444,,28587,0.139,2444,,,77615,0.812,2442,,,115285,0.000,2459
28639,0.143,2448,,28639,0.143,2448,,,77687,0.812,2446,,,115289,0.000,2463
28687,0.152,2452,,28687,0.152,2452,,,77751,0.808,2450,,,115293,0.000,2467
28727,0.153,2456,,28727,0.153,2456,,,77824,0.805,2454,,,115297,0.000,2471
28753,0.157,2460,,28753,0.157,2460,,,77884,0.796,2458,,,115301,0.000,2475
28797,0.161,2464,,28797,0.161,2464,,,77939,0.780,2462,,,115305,0.000,2479
28845,0.172,2468,,28845,0.172,2468,,,,,,,,115309,0.000,2483
28898,0.176,2472,,28898,0.176,2472,,,,,,,,115313,0.000,2487
28924,0.172,2476,,28924,0.172,2476,,,,,,,,115317,0.000,2491
28972,0.188,2480,,28972,0.188,2480,,,,,,,,115321,0.000,2495
29036,0.195,2484,,29036,0.195,2484,,,,,,,,115325,0.000,2499
29074,0.186,2488,,29074,0.186,2488,,,,,,,,115329,0.000,2503
29130,0.192,2492,,29130,0.192,2492,,,,,,,,115333,0.000,2507
29178,0.193,2496,,29178,0.193,2496,,,,,,,,115337,0.000,2511
29212,0.193,2500,,29212,0.193,2500,,,,,,,,115341,0.000,2515
29241,0.192,2504,,29241,0.192,2504,,,,,,,,115345,0.000,2519
29293,0.193,2508,,29293,0.193,2508,,,,,,,,115349,0.000,2523
29348,0.208,2512,,29348,0.208,2512,,,,,,,,115353,0.000,2527
29410,0.218,2516,,29410,0.218,2516,,,,,,,,115357,0.000,2531
29449,0.209,2520,,29449,0.209,2520,,,,,,,,115361,0.000,2535
29490,0.219,2524,,29490,0.219,2524,,,,,,,,115365,0.000,2539
29534,0.226,2528,,29534,0.226,2528,,,,,,,,115369,0.000,2543
29571,0.219,2532,,29571,0.219,2532,,,,,,,,115373,0.000,2547
29631,0.235,2536,,29631,0.235,2536,,,,,,,,115377,0.000,2551
29674,0.241,2540,,29674,0.241,2540,,,,,,,,115381,0.000,2555
29718,0.242,2544,,29718,0.242,2544,,,,,,,,115385,0.000,2559
29763,0.263,2548,,29763,0.263,2548,,,,,,,,115389,0.000,2563
29800,0.255,2552,,29800,0.255,2552,,,,,,,,115393,0.000,2567
29822,0.254,2556,,29822,0.254,2556,,,,,,,,115397,0.000,2571
29868,0.259,2560,,29868,0.259,2560,,,,,,,,115401,0.000,2575
29933,0.285,2564,,29933,0.285,2564,,,,,,,,115405,0.000,2579
29991,0.300,2568,,29991,0.300,2568,,,,,,,,115409,0.000,2583
30047,0.306,2572,,30047,0.306,2572,,,,,,,,115413,0.000,2587
30073,0.306,2576,,30073,0.306,2576,,,,,,,,115417,0.000,2591
30114,0.289,2580,,30114,0.289,2580,,,,,,,,115421,0.000,2595
30157,0.282,2584,,30157,0.282,2584,,,,,,,,115425,0.000,2599
30211,0.298,2588,,30211,0.298,2588,,,,,,,,115429,0.000,2603
30241,0.293,2592,,30241,0.293,2592,,,,,,,,115433,0.000,2607
30287,0.293,2596,,30287,0.293,2596,,,,,,,,115437,0.000,2611
30323,0.294,2600,,30323,0.294,2600,,,,,,,,115441,0.000,2615
30369,0.300,2604,,30369,0.300,2604,,,,,,,,115445,0.000,2619
30412,0.291,2608,,30412,0.291,2608,,,,,,,,115449,0.000,2623
30463,0.287,2612,,30463,0.287,2612,,,,,,,,115453,0.000,2627
30511,0.286,2616,,30511,0.286,2616,,,,,,,,115457,0.000,2631
30571,0.310,2620,,30571,0.310,2620,,,,,,,,115461,0.000,2635
30634,0.301,2624,,30634,0.301,2624,,,,,,,,115465,0.000,2639
30691,0.305,2628,,30691,0.305,2628,,,,,,,,115469,0.000,2643
30734,0.306,2632,,30734,0.306,2632,,,,,,,,115473,0.000,2647
30794,0.308,2636,,30794,0.308,2636,,,,,,,,115477,0.000,2651
30852,0.318,2640,,30852,0.318,2640,,,,,,,,115481,0.000,2655
30910,0.327,2644,,30910,0.327,2644,,,,,,,,115485,0.000,2659
30972,0.330,2648,,30972,0.330,2648,,,,,,,,115489,0.000,2663
31035,0.344,2652,,31035,0.344,2652,,,,,,,,115493,0.000,2667
31085,0.360,2656,,31085,0.360,2656,,,,,,,,115497,0.000,2671
31133,0.361,2660,,31133,0.361,2660,,,,,,,,115501,0.000,2675
31182,0.352,2664,,31182,0.352,2664,,,,,,,,115505,0.000,2679
31243,0.333,2668,,31243,0.333,2668,,,,,,,,115509,0.000,2683
31281,0.322,2672,,31281,0.322,2672,,,,,,,,115513,0.000,2687
31320,0.323,2676,,31320,0.323,2676,,,,,,,,115517,0.000,2691
31369,0.330,2680,,31369,0.330,2680,,,,,,,,115521,0.000,2695
31427,0.337,2684,,31427,0.337,2684,,,,,,,,115525,0.000,2699
31465,0.335,2688,,31465,0.335,2688,,,,,,,,115529,0.000,2703
31511,0.359,2692,,31511,0.359,2692,,,,,,,,115533,0.000,2707
31570,0.365,2696,,31570,0.365,2696,,,,,,,,115537,0.000,2711
31619,0.382,2700,,31619,0.382,2700,,,,,,,,115541,0.000,2715
31665,0.393,2704,,31665,0.393,2704,,,,,,,,115545,0.000,2719
31728,0.402,2708,,31728,0.402,2708,,,,,,,,115549,0.000,2723
31779,0.408,2712,,31779,0.408,2712,,,,,,,,115553,0.000,2727
31827,0.404,2716,,31827,0.404,2716,,,,,,,,115557,0.000,2731
31891,0.404,2720,,31891,0.404,2720,,,,,,,,115561,0.000,2735
31938,0.413,2724,,31938,0.413,2724,,,,,,,,115565,0.000,2739
31985,0.418,2728,,31985,0.418,2728,,,,,,,,115569,0.000,2743
32049,0.418,2732,,32049,0.418,2732,,,,,,,,115573,0.000,2747
32118,0.419,2736,,32118,0.419,2736,,,,,,,,115577,0.000,2751
32169,0.416,2740,,32169,0.416,2740,,,,,,,,115581,0.000,2755
32229,0.420,2744,,32229,0.420,2744,,,,,,,,115585,0.000,2759
32292,0.415,2748,,32292,0.415,2748,,,,,,,,115589,0.000,2763
32363,0.420,2752,,32363,0.420,2752,,,,,,,,115593,0.000,2767
32417,0.423,2756,,32417,0.423,2756,,,,,,,,115597,0.000,2771
32460,0.414,2760,,32460,0.414,2760,,,,,,,,115601,0.000,2775
32520,0.408,2764,,32520,0.408,2764,,,,,,,,115605,0.000,2779
32579,0.423,2768,,32579,0.423,2768,,,,,,,,115609,0.000,2783
32646,0.451,2772,,32646,0.451,2772,,,,,,,,115613,0.000,2787
32713,0.476,2776,,32713,0.476,2776,,,,,,,,115617,0.000,2791
32747,0.463,2780,,32747,0.463,2780,,,,,,,,115621,0.000,2795
32799,0.479,2784,,32799,0.479,2784,,,,,,,,115625,0.000,2799
32837,0.474,2788,,32837,0.474,2788,,,,,,,,115629,0.000,2803
32878,0.466,2792,,32878,0.466,2792,,,,,,,,115633,0.000,2807
32941,0.471,2796,,32941,0.471,2796,,,,,,,,115637,0.000,2811
33004,0.490,2800,,33004,0.490,2800,,,,,,,,115641,0.000,2815
33065,0.503,2804,,33065,0.503,2804,,,,,,,,115645,0.000,2819
33134,0.520,2808,,33134,0.520,2808,,,,,,,,115649,0.000,2823
33177,0.517,2812,,33177,0.517,2812,,,,,,,,115653,0.000,2827
33244,0.535,2816,,33244,0.535,2816,,,,,,,,115657,0.000,2831
33310,0.534,2820,,33310,0.534,2820,,,,,,,,115661,0.000,2835
33361,0.537,2824,,33361,0.537,2824,,,,,,,,115665,0.000,2839
33402,0.540,2828,,33402,0.540,2828,,,,,,,,115669,0.000,2843
33454,0.561,2832,,33454,0.561,2832,,,,,,,,115673,0.000,2847
33518,0.568,2836,,33518,0.568,2836,,,,,,,,115677,0.000,2851
33561,0.560,2840,,33561,0.560,2840,,,,,,,,115681,0.000,2855
33538,0.572,2842,,,,,,,,,,,,115685,0.000,2859
33572,0.567,2846,,,,,,,,,,,,115689,0.000,2863
33621,0.564,2850,,,,,,,,,,,,115693,0.000,2867
33673,0.557,2854,,,,,,,,,,,,115697,0.000,2871
33724,0.560,2858,,,,,,,,,,,,115701,0.000,2875
33785,0.564,2862,,,,,,,,,,,,115705,0.000,2879
33826,0.580,2866,,,,,,,,,,,,115709,0.000,2883
33891,0.594,2870,,,,,,,,,,,,115713,0.000,2887
33956,0.580,2874,,,,,,,,,,,,115717,0.000,2891
33992,0.568,2878,,,,,,,,,,,,115721,0.000,2895
34069,0.560,2882,,,,,,,,,,,,115725,0.000,2899
34117,0.567,2886,,,,,,,,,,,,115729,0.000,2903
34177,0.570,2890,,,,,,,,,,,,115733,0.000,2907
34245,0.585,2894,,,,,,,,,,,,115737,0.000,2911
34298,0.583,2898,,,,,,,,,,,,115741,0.000,2915
34346,0.571,2902,,,,,,,,,,,,115745,0.000,2919
34391,0.549,2906,,,,,,,,,,,,115749,0.000,2923
34452,0.536,2910,,,,,,,,,,,,115753,0.000,2927
34515,0.529,2914,,,,,,,,,,,,115757,0.000,2931
34588,0.537,2918,,,,,,,,,,,,115761,0.000,2935
34658,0.550,2922,,,,,,,,,,,,115765,0.000,2939
34706,0.545,2926,,,,,,,,,,,,115769,0.000,2943
34776,0.550,2930,,,,,,,,,,,,115773,0.000,2947
34844,0.569,2934,,,,,,,,,,,,115777,0.000,2951
34908,0.561,2938,,,,,,,,,,,,115781,0.000,2955
34955,0.544,2942,,,,,,,,,,,,115785,0.000,2959
35020,0.556,2946,,,,,,,,,,,,115789,0.000,2963
35090,0.581,2950,,,,,,,,,,,,115793,0.000,2967
35159,0.584,2954,,,,,,,,,,,,115797,0.000,2971
35227,0.589,2958,,,,,,,,,,,,115801,0.000,2975
35290,0.575,2962,,,,,,,,,,,,115805,0.000,2979
35360,0.582,2966,,,,,,,,,,,,115809,0.000,2983
35432,0.587,2970,,,,,,,,,,,,115813,0.000,2987
35505,0.613,2974,,,,,,,,,,,,115817,0.000,2991
35577,0.625,2978,,,,,,,,,,,,115821,0.000,2995
35647,0.638,2982,,,,,,,,,,,,115825,0.000,2999
35711,0.642,2986,,,,,,,,,,,,115829,0.000,3003
35778,0.634,2990,,,,,,,,,,,,115833,0.000,3007
35846,0.628,2994,,,,,,,,,,,,115837,0.000,3011
35919,0.648,2998,,,,,,,,,,,,115841,0.000,3015
35983,0.666,3002,,,,,,,,,,,,115845,0.000,3019
36048,0.675,3006,,,,,,,,,,,,115849,0.000,3023
36122,0.687,3010,,,,,,,,,,,,115853,0.000,3027
36195,0.694,3014,,,,,,,,,,,,115857,0.000,3031
36261,0.694,3018,,,,,,,,,,,,115861,0.000,3035
36337,0.682,3022,,,,,,,,,,,,115865,0.000,3039
36407,0.689,3026,,,,,,,,,,,,115869,0.000,3043
36471,0.695,3030,,,,,,,,,,,,115873,0.000,3047
36545,0.677,3034,,,,,,,,,,,,115877,0.000,3051
36616,0.684,3038,,,,,,,,,,,,115881,0.000,3055
36683,0.700,3042,,,,,,,,,,,,115885,0.000,3059
36753,0.712,3046,,,,,,,,,,,,115889,0.000,3063
36823,0.694,3050,,,,,,,,,,,,115893,0.000,3067
36896,0.707,3054,,,,,,,,,,,,115897,0.000,3071
36969,0.709,3058,,,,,,,,,,,,115901,0.000,3075
37040,0.726,3062,,,,,,,,,,,,115905,0.000,3079
37110,0.725,3066,,,,,,,,,,,,115909,0.000,3083
37174,0.721,3070,,,,,,,,,,,,115913,0.000,3087
37243,0.713,3074,,,,,,,,,,,,115917,0.000,3091
37311,0.705,3078,,,,,,,,,,,,115921,0.000,3095
37380,0.693,3082,,,,,,,,,,,,115925,0.000,3099
37450,0.707,3086,,,,,,,,,,,,115929,0.000,3103
37523,0.706,3090,,,,,,,,,,,,115933,0.000,3107
37596,0.705,3094,,,,,,,,,,,,115937,0.000,3111
37673,0.694,3098,,,,,,,,,,,,115941,0.000,3115
37741,0.699,3102,,,,,,,,,,,,115945,0.000,3119
37813,0.694,3106,,,,,,,,,,,,115949,0.000,3123
37880,0.691,3110,,,,,,,,,,,,115953,0.000,3127
37951,0.701,3114,,,,,,,,,,,,115957,0.000,3131
38029,0.702,3118,,,,,,,,,,,,115961,0.000,3135
38099,0.700,3122,,,,,,,,,,,,115965,0.000,3139
38166,0.692,3126,,,,,,,,,,,,115969,0.000,3143
38239,0.685,3130,,,,,,,,,,,,115973,0.000,3147
38312,0.694,3134,,,,,,,,,,,,115977,0.000,3151
38378,0.699,3138,,,,,,,,,,,,115981,0.000,3155
38444,0.697,3142,,,,,,,,,,,,115985,0.000,3159
38516,0.688,3146,,,,,,,,,,,,115989,0.000,3163
38581,0.693,3150,,,,,,,,,,,,115993,0.000,3167
38651,0.695,3154,,,,,,,,,,,,115997,0.000,3171
38717,0.683,3158,,,,,,,,,,,,116001,0.000,3175
38783,0.676,3162,,,,,,,,,,,,116005,0.000,3179
38855,0.672,3166,,,,,,,,,,,,116009,0.000,3183
38921,0.655,3170,,,,,,,,,,,,116013,0.000,3187
38992,0.652,3174,,,,,,,,,,,,116017,0.000,3191
39052,0.651,3178,,,,,,,,,,,,116021,0.000,3195
39149,0.653,3182,,,,,,,,,,,,116025,0.000,3199
39221,0.656,3186,,,,,,,,,,,,116029,0.000,3203
39290,0.659,3190,,,,,,,,,,,,116033,0.000,3207
39369,0.665,3194,,,,,,,,,,,,116037,0.000,3211
39428,0.659,3198,,,,,,,,,,,,116041,0.000,3215
39498,0.662,3202,,,,,,,,,,,,116045,0.000,3219
39574,0.675,3206,,,,,,,,,,,,116049,0.000,3223
39645,0.672,3210,,,,,,,,,,,,116053,0.000,3227
39716,0.663,3214,,,,,,,,,,,,116057,0.000,3231
39800,0.661,3218,,,,,,,,,,,,116061,0.000,3235
39871,0.666,3222,,,,,,,,,,,,116065,0.000,3239
39937,0.683,3226,,,,,,,,,,,,116069,0.000,3243
40014,0.686,3230,,,,,,,,,,,,116073,0.000,3247
40091,0.687,3234,,,,,,,,,,,,116077,0.000,3251
40172,0.678,3238,,,,,,,,,,,,116081,0.000,3255
40275,0.668,3242,,,,,,,,,,,,116085,0.000,3259
40352,0.674,3246,,,,,,,,,,,,116089,0.000,3263
40426,0.678,3250,,,,,,,,,,,,116093,0.000,3267
40494,0.656,3254,,,,,,,,,,,,116097,0.000,3271
40573,0.668,3258,,,,,,,,,,,,116101,0.000,3275
40651,0.680,3262,,,,,,,,,,,,116105,0.000,3279
40719,0.694,3266,,,,,,,,,,,,116109,0.000,3283
40790,0.703,3270,,,,,,,,,,,,116113,0.000,3287
40859,0.704,3274,,,,,,,,,,,,116117,0.000,3291
40932,0.721,3278,,,,,,,,,,,,116121,0.000,3295
40996,0.730,3282,,,,,,,,,,,,116125,0.000,3299
41061,0.724,3286,,,,,,,,,,,,116129,0.000,3303
41127,0.735,3290,,,,,,,,,,,,116133,0.000,3307
41200,0.740,3294,,,,,,,,,,,,116137,0.000,3311
41266,0.757,3298,,,,,,,,,,,,116141,0.000,3315
41331,0.755,3302,,,,,,,,,,,,116145,0.000,3319
41400,0.750,3306,,,,,,,,,,,,116149,0.000,3323
41467,0.762,3310,,,,,,,,,,,,116153,0.000,3327
41538,0.771,3314,,,,,,,,,,,,116157,0.000,3331
41609,0.776,3318,,,,,,,,,,,,116161,0.000,3335
41676,0.783,3322,,,,,,,,,,,,116165,0.000,3339
41751,0.771,3326,,,,,,,,,,,,116169,0.000,3343
41816,0.783,3330,,,,,,,,,,,,116173,0.000,3347
41890,0.790,3334,,,,,,,,,,,,116177,0.000,3351
41963,0.787,3338,,,,,,,,,,,,116181,0.000,3355
42027,0.789,3342,,,,,,,,,,,,116185,0.000,3359
42104,0.780,3346,,,,,,,,,,,,116189,0.000,3363
42172,0.783,3350,,,,,,,,,,,,116193,0.000,3367
42241,0.806,3354,,,,,,,,,,,,116197,0.000,3371
42306,0.801,3358,,,,,,,,,,,,116201,0.000,3375
42375,0.797,3362,,,,,,,,,,,,116205,0.000,3379
42449,0.783,3366,,,,,,,,,,,,116209,0.000,3383
42525,0.785,3370,,,,,,,,,,,,116213,0.000,3387
42603,0.787,3374,,,,,,,,,,,,116217,0.000,3391
42682,0.768,3378,,,,,,,,,,,,116221,0.000,3395
42757,0.758,3382,,,,,,,,,,,,116225,0.000,3399
42835,0.761,3386,,,,,,,,,,,,116229,0.000,3403
42912,0.749,3390,,,,,,,,,,,,116233,0.000,3407
42982,0.749,3394,,,,,,,,,,,,116237,0.000,3411
43054,0.741,3398,,,,,,,,,,,,116241,0.000,3415
43125,0.745,3402,,,,,,,,,,,,116245,0.000,3419
43202,0.749,3406,,,,,,,,,,,,116249,0.000,3423
43278,0.737,3410,,,,,,,,,,,,116253,0.000,3427
43350,0.728,3414,,,,,,,,,,,,116257,0.000,3431
43429,0.723,3418,,,,,,,,,,,,116261,0.000,3435
43513,0.709,3422,,,,,,,,,,,,116265,0.000,3439
43591,0.702,3426,,,,,,,,,,,,116269,0.000,3443
43669,0.691,3430,,,,,,,,,,,,116273,0.000,3447
43748,0.679,3434,,,,,,,,,,,,116277,0.000,3451
43827,0.692,3438,,,,,,,,,,,,116281,0.000,3455
43909,0.688,3442,,,,,,,,,,,,116289,0.000,3463
44001,0.677,3446,,,,,,,,,,,,116293,0.000,3467
44080,0.665,3450,,,,,,,,,,,,116297,0.000,3471
44163,0.652,3454,,,,,,,,,,,,116301,0.000,3475
44242,0.648,3458,,,,,,,,,,,,116305,0.000,3479
44323,0.638,3462,,,,,,,,,,,,116309,0.000,3483
44409,0.643,3466,,,,,,,,,,,,116313,0.000,3487
44491,0.636,3470,,,,,,,,,,,,116317,0.000,3491
44570,0.627,3474,,,,,,,,,,,,116321,0.000,3495
44678,0.616,3478,,,,,,,,,,,,116325,0.000,3499
44781,0.606,3482,,,,,,,,,,,,116329,0.000,3503
44865,0.601,3486,,,,,,,,,,,,116333,0.000,3507
44946,0.596,3490,,,,,,,,,,,,116337,0.000,3511
45027,0.589,3494,,,,,,,,,,,,116341,0.000,3515
45117,0.583,3498,,,,,,,,,,,,116345,0.000,3519
45203,0.570,3502,,,,,,,,,,,,116349,0.000,3523
45281,0.553,3506,,,,,,,,,,,,116353,0.000,3527
45366,0.545,3510,,,,,,,,,,,,116357,0.000,3531
45449,0.535,3514,,,,,,,,,,,,116361,0.000,3535
45531,0.528,3518,,,,,,,,,,,,116365,0.000,3539
45610,0.534,3522,,,,,,,,,,,,116369,0.000,3543
45690,0.538,3526,,,,,,,,,,,,116373,0.000,3547
45771,0.539,3530,,,,,,,,,,,,116377,0.000,3551
45850,0.541,3534,,,,,,,,,,,,116381,0.000,3555
45935,0.531,3538,,,,,,,,,,,,116385,0.000,3559
46016,0.537,3542,,,,,,,,,,,,116389,0.000,3563
46098,0.543,3546,,,,,,,,,,,,116393,0.000,3567
46180,0.554,3550,,,,,,,,,,,,116397,0.000,3571
46264,0.546,3554,,,,,,,,,,,,116401,0.000,3575
46343,0.558,3558,,,,,,,,,,,,116405,0.000,3579
46425,0.560,3562,,,,,,,,,,,,116409,0.000,3583
46504,0.552,3566,,,,,,,,,,,,116413,0.000,3587
46582,0.548,3570,,,,,,,,,,,,116417,0.000,3591
46660,0.549,3574,,,,,,,,,,,,116421,0.000,3595
46751,0.558,3578,,,,,,,,,,,,116425,0.000,3599
46828,0.568,3582,,,,,,,,,,,,116429,0.000,3603
46932,0.570,3586,,,,,,,,,,,,116433,0.000,3607
47009,0.584,3590,,,,,,,,,,,,116437,0.000,3611
47094,0.579,3594,,,,,,,,,,,,116445,0.000,3619
47171,0.580,3598,,,,,,,,,,,,116449,0.000,3623
47251,0.595,3602,,,,,,,,,,,,116453,0.000,3627
47331,0.603,3606,,,,,,,,,,,,116457,0.000,3631
47413,0.608,3610,,,,,,,,,,,,116461,0.000,3635
47497,0.608,3614,,,,,,,,,,,,116465,0.000,3639
47574,0.624,3618,,,,,,,,,,,,116469,0.000,3643
47657,0.616,3622,,,,,,,,,,,,116473,0.000,3647
47731,0.622,3626,,,,,,,,,,,,116477,0.000,3651
47813,0.616,3630,,,,,,,,,,,,116481,0.000,3655
47892,0.616,3634,,,,,,,,,,,,116485,0.000,3659
47977,0.612,3638,,,,,,,,,,,,116489,0.000,3663
48063,0.611,3642,,,,,,,,,,,,116493,0.000,3667
48147,0.612,3646,,,,,,,,,,,,116497,0.000,3671
48234,0.602,3650,,,,,,,,,,,,116501,0.000,3675
48318,0.605,3654,,,,,,,,,,,,116505,0.000,3679
48401,0.591,3658,,,,,,,,,,,,116509,0.000,3683
48484,0.587,3662,,,,,,,,,,,,116513,0.000,3687
48565,0.591,3666,,,,,,,,,,,,116517,0.000,3691
48645,0.599,3670,,,,,,,,,,,,116521,0.000,3695
48738,0.593,3674,,,,,,,,,,,,116525,0.000,3699
48824,0.591,3678,,,,,,,,,,,,116529,0.000,3703
48900,0.592,3682,,,,,,,,,,,,116533,0.000,3707
48978,0.597,3686,,,,,,,,,,,,116537,0.000,3711
49047,0.589,3690,,,,,,,,,,,,116541,0.000,3715
49123,0.594,3694,,,,,,,,,,,,116545,0.000,3719
49200,0.599,3698,,,,,,,,,,,,116549,0.000,3723
49268,0.589,3702,,,,,,,,,,,,116553,0.000,3727
49346,0.593,3706,,,,,,,,,,,,116557,0.000,3731
49421,0.596,3710,,,,,,,,,,,,116561,0.000,3735
49490,0.606,3714,,,,,,,,,,,,116565,0.000,3739
49559,0.600,3718,,,,,,,,,,,,116569,0.000,3743
49625,0.597,3722,,,,,,,,,,,,116573,0.000,3747
49696,0.595,3726,,,,,,,,,,,,116577,0.000,3751
49767,0.601,3730,,,,,,,,,,,,116581,0.000,3755
49839,0.602,3734,,,,,,,,,,,,116585,0.000,3759
49910,0.610,3738,,,,,,,,,,,,116589,0.000,3763
49988,0.610,3742,,,,,,,,,,,,116593,0.000,3767
50045,0.606,3746,,,,,,,,,,,,116597,0.000,3771
50117,0.618,3750,,,,,,,,,,,,116601,0.000,3775
50183,0.621,3754,,,,,,,,,,,,116605,0.000,3779
50252,0.624,3758,,,,,,,,,,,,116609,0.000,3783
50319,0.629,3762,,,,,,,,,,,,116613,0.000,3787
50384,0.620,3766,,,,,,,,,,,,116617,0.000,3791
50454,0.621,3770,,,,,,,,,,,,116621,0.000,3795
50522,0.625,3774,,,,,,,,,,,,116625,0.000,3799
50592,0.645,3778,,,,,,,,,,,,116629,0.000,3803
50656,0.642,3782,,,,,,,,,,,,116633,0.000,3807
50724,0.641,3786,,,,,,,,,,,,116637,0.000,3811
50799,0.648,3790,,,,,,,,,,,,116641,0.000,3815
50869,0.657,3794,,,,,,,,,,,,116645,0.000,3819
50941,0.660,3798,,,,,,,,,,,,116649,0.000,3823
51012,0.666,3802,,,,,,,,,,,,116653,0.000,3827
51088,0.661,3806,,,,,,,,,,,,116657,0.000,3831
51164,0.658,3810,,,,,,,,,,,,116661,0.000,3835
51244,0.650,3814,,,,,,,,,,,,116665,0.000,3839
51316,0.647,3818,,,,,,,,,,,,116669,0.000,3843
51387,0.652,3822,,,,,,,,,,,,116673,0.000,3847
51466,0.649,3826,,,,,,,,,,,,116677,0.000,3851
51541,0.659,3830,,,,,,,,,,,,116681,0.000,3855
51617,0.662,3834,,,,,,,,,,,,116685,0.000,3859
51691,0.666,3838,,,,,,,,,,,,116689,0.000,3863
51762,0.668,3842,,,,,,,,,,,,116693,0.000,3867
51843,0.669,3846,,,,,,,,,,,,116697,0.000,3871
51913,0.660,3850,,,,,,,,,,,,116701,0.000,3875
51988,0.651,3854,,,,,,,,,,,,116705,0.000,3879
52066,0.652,3858,,,,,,,,,,,,116709,0.000,3883
52134,0.665,3862,,,,,,,,,,,,116713,0.000,3887
52202,0.680,3866,,,,,,,,,,,,116717,0.000,3891
52269,0.689,3870,,,,,,,,,,,,116721,0.000,3895
52341,0.705,3874,,,,,,,,,,,,116725,0.000,3899
52410,0.697,3878,,,,,,,,,,,,116729,0.000,3903
52483,0.697,3882,,,,,,,,,,,,116733,0.000,3907
52558,0.698,3886,,,,,,,,,,,,116737,0.000,3911
52636,0.690,3890,,,,,,,,,,,,116741,0.000,3915
52706,0.692,3894,,,,,,,,,,,,116745,0.000,3919
52780,0.685,3898,,,,,,,,,,,,116749,0.000,3923
52858,0.687,3902,,,,,,,,,,,,116753,0.000,3927
52927,0.694,3906,,,,,,,,,,,,116757,0.000,3931
53003,0.701,3910,,,,,,,,,,,,116761,0.000,3935
53073,0.718,3914,,,,,,,,,,,,116769,0.000,3943
53142,0.727,3918,,,,,,,,,,,,116773,0.000,3947
53221,0.729,3922,,,,,,,,,,,,116777,0.000,3951
53301,0.739,3926,,,,,,,,,,,,116781,0.000,3955
53378,0.724,3930,,,,,,,,,,,,116785,0.000,3959
53452,0.724,3934,,,,,,,,,,,,116789,0.000,3963
53524,0.716,3938,,,,,,,,,,,,116793,0.000,3967
53601,0.722,3942,,,,,,,,,,,,116797,0.000,3971
53674,0.742,3946,,,,,,,,,,,,116801,0.000,3975
53743,0.753,3950,,,,,,,,,,,,116805,0.000,3979
53820,0.768,3954,,,,,,,,,,,,116809,0.000,3983
53897,0.772,3958,,,,,,,,,,,,116813,0.000,3987
53973,0.769,3962,,,,,,,,,,,,116817,0.000,3991
54038,0.771,3966,,,,,,,,,,,,116821,0.000,3995
54105,0.769,3970,,,,,,,,,,,,116825,0.000,3999
54173,0.766,3974,,,,,,,,,,,,116829,0.000,4003
54242,0.777,3978,,,,,,,,,,,,116833,0.000,4007
54309,0.794,3982,,,,,,,,,,,,116837,0.000,4011
54374,0.799,3986,,,,,,,,,,,,116841,0.000,4015
54453,0.806,3990,,,,,,,,,,,,116845,0.000,4019
54520,0.807,3994,,,,,,,,,,,,116884,0.000,4023
54602,0.803,3998,,,,,,,,,,,,116962,0.027,4027
54691,0.795,4002,,,,,,,,,,,,,,
54773,0.795,4006,,,,,,,,,,,,,,
54843,0.791,4010,,,,,,,,,,,,,,
54911,0.786,4014,,,,,,,,,,,,,,
54985,0.784,4018,,,,,,,,,,,,,,
55058,0.795,4022,,,,,,,,,,,,,,
55131,0.793,4026,,,,,,,,,,,,,,
55207,0.805,4030,,,,,,,,,,,,,,
55286,0.809,4034,,,,,,,,,,,,,,
55365,0.816,4038,,,,,,,,,,,,,,
55433,0.814,4042,,,,,,,,,,,,,,
55509,0.806,4046,,,,,,,,,,,,,,
55599,0.793,4050,,,,,,,,,,,,,,
55678,0.791,4054,,,,,,,,,,,,,,
55746,0.796,4058,,,,,,,,,,,,,,
55819,0.791,4062,,,,,,,,,,,,,,
55890,0.795,4066,,,,,,,,,,,,,,
55968,0.782,4070,,,,,,,,,,,,,,
56038,0.782,4074,,,,,,,,,,,,,,
56112,0.777,4078,,,,,,,,,,,,,,
56199,0.764,4082,,,,,,,,,,,,,,
56271,0.764,4086,,,,,,,,,,,,,,
56359,0.763,4090,,,,,,,,,,,,,,
56434,0.760,4094,,,,,,,,,,,,,,
56517,0.760,4098,,,,,,,,,,,,,,
56604,0.767,4102,,,,,,,,,,,,,,
56670,0.774,4106,,,,,,,,,,,,,,
56739,0.781,4110,,,,,,,,,,,,,,
56820,0.773,4114,,,,,,,,,,,,,,
56890,0.773,4118,,,,,,,,,,,,,,
56964,0.768,4122,,,,,,,,,,,,,,
57033,0.770,4126,,,,,,,,,,,,,,
57108,0.758,4130,,,,,,,,,,,,,,
57180,0.763,4134,,,,,,,,,,,,,,
57252,0.766,4138,,,,,,,,,,,,,,
57338,0.760,4142,,,,,,,,,,,,,,
57416,0.762,4146,,,,,,,,,,,,,,
57487,0.767,4150,,,,,,,,,,,,,,
57558,0.774,4154,,,,,,,,,,,,,,
57625,0.777,4158,,,,,,,,,,,,,,
57701,0.778,4162,,,,,,,,,,,,,,
57773,0.778,4166,,,,,,,,,,,,,,
57852,0.785,4170,,,,,,,,,,,,,,
57968,0.769,4174,,,,,,,,,,,,,,
58092,0.754,4178,,,,,,,,,,,,,,
58196,0.750,4182,,,,,,,,,,,,,,
58266,0.743,4186,,,,,,,,,,,,,,
58358,0.728,4190,,,,,,,,,,,,,,
58436,0.716,4194,,,,,,,,,,,,,,
58518,0.717,4198,,,,,,,,,,,,,,
58592,0.711,4202,,,,,,,,,,,,,,
58675,0.696,4206,,,,,,,,,,,,,,
58753,0.686,4210,,,,,,,,,,,,,,
58828,0.690,4214,,,,,,,,,,,,,,
58908,0.683,4218,,,,,,,,,,,,,,
58979,0.684,4222,,,,,,,,,,,,,,
59046,0.681,4226,,,,,,,,,,,,,,
59123,0.687,4230,,,,,,,,,,,,,,
59191,0.668,4234,,,,,,,,,,,,,,
59265,0.653,4238,,,,,,,,,,,,,,
59333,0.661,4242,,,,,,,,,,,,,,
59398,0.664,4246,,,,,,,,,,,,,,
59473,0.662,4250,,,,,,,,,,,,,,
59544,0.657,4254,,,,,,,,,,,,,,
59617,0.640,4258,,,,,,,,,,,,,,
59694,0.638,4262,,,,,,,,,,,,,,
59759,0.641,4266,,,,,,,,,,,,,,
59826,0.649,4270,,,,,,,,,,,,,,
59900,0.662,4274,,,,,,,,,,,,,,
59968,0.672,4278,,,,,,,,,,,,,,
60036,0.680,4282,,,,,,,,,,,,,,
60107,0.692,4286,,,,,,,,,,,,,,
60181,0.703,4290,,,,,,,,,,,,,,
60251,0.720,4294,,,,,,,,,,,,,,
60319,0.732,4298,,,,,,,,,,,,,,
60394,0.736,4302,,,,,,,,,,,,,,
60466,0.747,4306,,,,,,,,,,,,,,
60534,0.756,4310,,,,,,,,,,,,,,
60614,0.756,4314,,,,,,,,,,,,,,
60684,0.761,4318,,,,,,,,,,,,,,
60762,0.758,4322,,,,,,,,,,,,,,
60834,0.753,4326,,,,,,,,,,,,,,
60910,0.751,4330,,,,,,,,,,,,,,
60985,0.769,4334,,,,,,,,,,,,,,
61058,0.775,4338,,,,,,,,,,,,,,
61129,0.778,4342,,,,,,,,,,,,,,
61200,0.765,4346,,,,,,,,,,,,,,
61278,0.766,4350,,,,,,,,,,,,,,
61362,0.759,4354,,,,,,,,,,,,,,
61431,0.771,4358,,,,,,,,,,,,,,
61500,0.762,4362,,,,,,,,,,,,,,
61579,0.747,4366,,,,,,,,,,,,,,
61658,0.734,4370,,,,,,,,,,,,,,
61734,0.729,4374,,,,,,,,,,,,,,
61809,0.731,4378,,,,,,,,,,,,,,
61877,0.734,4382,,,,,,,,,,,,,,
61944,0.725,4386,,,,,,,,,,,,,,
62013,0.728,4390,,,,,,,,,,,,,,
62096,0.710,4394,,,,,,,,,,,,,,
62173,0.705,4398,,,,,,,,,,,,,,
62257,0.694,4402,,,,,,,,,,,,,,
62346,0.677,4406,,,,,,,,,,,,,,
62435,0.657,4410,,,,,,,,,,,,,,
62527,0.645,4414,,,,,,,,,,,,,,
62599,0.642,4418,,,,,,,,,,,,,,
62679,0.637,4422,,,,,,,,,,,,,,
62759,0.634,4426,,,,,,,,,,,,,,
62842,0.634,4430,,,,,,,,,,,,,,
62924,0.618,4434,,,,,,,,,,,,,,
63002,0.620,4438,,,,,,,,,,,,,,
63093,0.602,4442,,,,,,,,,,,,,,
63169,0.605,4446,,,,,,,,,,,,,,
63243,0.606,4450,,,,,,,,,,,,,,
63328,0.601,4454,,,,,,,,,,,,,,
63402,0.603,4458,,,,,,,,,,,,,,
63474,0.604,4462,,,,,,,,,,,,,,
63556,0.604,4466,,,,,,,,,,,,,,
63637,0.604,4470,,,,,,,,,,,,,,
63715,0.606,4474,,,,,,,,,,,,,,
63787,0.608,4478,,,,,,,,,,,,,,
63863,0.605,4482,,,,,,,,,,,,,,
63933,0.606,4486,,,,,,,,,,,,,,
64006,0.605,4490,,,,,,,,,,,,,,
64078,0.600,4494,,,,,,,,,,,,,,
64151,0.605,4498,,,,,,,,,,,,,,
64225,0.618,4502,,,,,,,,,,,,,,
64289,0.635,4506,,,,,,,,,,,,,,
64352,0.654,4510,,,,,,,,,,,,,,
64431,0.664,4514,,,,,,,,,,,,,,
64503,0.670,4518,,,,,,,,,,,,,,
64570,0.683,4522,,,,,,,,,,,,,,
64641,0.696,4526,,,,,,,,,,,,,,
64711,0.706,4530,,,,,,,,,,,,,,
64781,0.711,4534,,,,,,,,,,,,,,
64843,0.719,4538,,,,,,,,,,,,,,
64910,0.737,4542,,,,,,,,,,,,,,
64985,0.741,4546,,,,,,,,,,,,,,
65056,0.746,4550,,,,,,,,,,,,,,
65125,0.762,4554,,,,,,,,,,,,,,
65192,0.767,4558,,,,,,,,,,,,,,
65258,0.770,4562,,,,,,,,,,,,,,
65331,0.775,4566,,,,,,,,,,,,,,
65400,0.791,4570,,,,,,,,,,,,,,
65475,0.803,4574,,,,,,,,,,,,,,
65546,0.805,4578,,,,,,,,,,,,,,
65609,0.803,4582,,,,,,,,,,,,,,
65676,0.799,4586,,,,,,,,,,,,,,
65744,0.783,4590,,,,,,,,,,,,,,
65808,0.785,4594,,,,,,,,,,,,,,
65877,0.770,4598,,,,,,,,,,,,,,
65947,0.762,4602,,,,,,,,,,,,,,
66011,0.769,4606,,,,,,,,,,,,,,
66080,0.774,4610,,,,,,,,,,,,,,
66150,0.776,4614,,,,,,,,,,,,,,
66223,0.772,4618,,,,,,,,,,,,,,
66295,0.766,4622,,,,,,,,,,,,,,
66363,0.764,4626,,,,,,,,,,,,,,
66435,0.759,4630,,,,,,,,,,,,,,
66506,0.763,4634,,,,,,,,,,,,,,
66570,0.750,4638,,,,,,,,,,,,,,
66640,0.746,4642,,,,,,,,,,,,,,
66706,0.751,4646,,,,,,,,,,,,,,
66769,0.758,4650,,,,,,,,,,,,,,
66843,0.763,4654,,,,,,,,,,,,,,
66912,0.763,4658,,,,,,,,,,,,,,
66980,0.774,4662,,,,,,,,,,,,,,
67048,0.784,4666,,,,,,,,,,,,,,
67113,0.774,4670,,,,,,,,,,,,,,
67181,0.764,4674,,,,,,,,,,,,,,
67255,0.753,4678,,,,,,,,,,,,,,
67328,0.763,4682,,,,,,,,,,,,,,
67398,0.773,4686,,,,,,,,,,,,,,
67467,0.794,4690,,,,,,,,,,,,,,
67529,0.804,4694,,,,,,,,,,,,,,
67607,0.821,4698,,,,,,,,,,,,,,
67675,0.836,4702,,,,,,,,,,,,,,
67741,0.829,4706,,,,,,,,,,,,,,
67806,0.827,4710,,,,,,,,,,,,,,
67872,0.835,4714,,,,,,,,,,,,,,
67934,0.838,4718,,,,,,,,,,,,,,
68003,0.841,4722,,,,,,,,,,,,,,
68072,0.838,4726,,,,,,,,,,,,,,
68136,0.843,4730,,,,,,,,,,,,,,
68203,0.849,4734,,,,,,,,,,,,,,
68270,0.859,4738,,,,,,,,,,,,,,
68336,0.859,4742,,,,,,,,,,,,,,
68396,0.855,4746,,,,,,,,,,,,,,
68466,0.853,4750,,,,,,,,,,,,,,
68533,0.853,4754,,,,,,,,,,,,,,
68603,0.856,4758,,,,,,,,,,,,,,
68681,0.853,4762,,,,,,,,,,,,,,
68749,0.844,4766,,,,,,,,,,,,,,
68818,0.843,4770,,,,,,,,,,,,,,
68890,0.849,4774,,,,,,,,,,,,,,
68952,0.855,4778,,,,,,,,,,,,,,
69018,0.847,4782,,,,,,,,,,,,,,
69082,0.847,4786,,,,,,,,,,,,,,
69148,0.845,4790,,,,,,,,,,,,,,
69215,0.843,4794,,,,,,,,,,,,,,
69282,0.842,4798,,,,,,,,,,,,,,
69346,0.830,4802,,,,,,,,,,,,,,
69414,0.829,4806,,,,,,,,,,,,,,
69481,0.812,4810,,,,,,,,,,,,,,
69547,0.807,4814,,,,,,,,,,,,,,
69614,0.806,4818,,,,,,,,,,,,,,
69680,0.812,4822,,,,,,,,,,,,,,
69746,0.809,4826,,,,,,,,,,,,,,
69819,0.802,4830,,,,,,,,,,,,,,
69887,0.799,4834,,,,,,,,,,,,,,
69956,0.802,4838,,,,,,,,,,,,,,
70025,0.804,4842,,,,,,,,,,,,,,
70094,0.807,4846,,,,,,,,,,,,,,
70170,0.808,4850,,,,,,,,,,,,,,
70240,0.808,4854,,,,,,,,,,,,,,
70314,0.805,4858,,,,,,,,,,,,,,
70382,0.808,4862,,,,,,,,,,,,,,
70450,0.817,4866,,,,,,,,,,,,,,
70525,0.823,4870,,,,,,,,,,,,,,
70587,0.818,4874,,,,,,,,,,,,,,
70655,0.820,4878,,,,,,,,,,,,,,
70727,0.830,4882,,,,,,,,,,,,,,
70797,0.827,4886,,,,,,,,,,,,,,
70866,0.832,4890,,,,,,,,,,,,,,
70935,0.840,4894,,,,,,,,,,,,,,
71011,0.845,4898,,,,,,,,,,,,,,
71071,0.840,4902,,,,,,,,,,,,,,
71141,0.841,4906,,,,,,,,,,,,,,
71213,0.853,4910,,,,,,,,,,,,,,
71285,0.845,4914,,,,,,,,,,,,,,
71356,0.846,4918,,,,,,,,,,,,,,
71432,0.841,4922,,,,,,,,,,,,,,
71496,0.841,4926,,,,,,,,,,,,,,
71570,0.838,4930,,,,,,,,,,,,,,
71639,0.840,4934,,,,,,,,,,,,,,
71701,0.834,4938,,,,,,,,,,,,,,
71770,0.839,4942,,,,,,,,,,,,,,
71834,0.836,4946,,,,,,,,,,,,,,
71907,0.832,4950,,,,,,,,,,,,,,
71975,0.828,4954,,,,,,,,,,,,,,
72041,0.823,4958,,,,,,,,,,,,,,
72114,0.825,4962,,,,,,,,,,,,,,
72178,0.812,4966,,,,,,,,,,,,,,
72242,0.802,4970,,,,,,,,,,,,,,
72313,0.813,4974,,,,,,,,,,,,,,
72379,0.812,4978,,,,,,,,,,,,,,
72444,0.794,4982,,,,,,,,,,,,,,
72510,0.786,4986,,,,,,,,,,,,,,
72578,0.788,4990,,,,,,,,,,,,,,
72641,0.787,4994,,,,,,,,,,,,,,
72709,0.779,4998,,,,,,,,,,,,,,
72779,0.794,5002,,,,,,,,,,,,,,
72845,0.799,5006,,,,,,,,,,,,,,
72914,0.806,5010,,,,,,,,,,,,,,
72977,0.812,5014,,,,,,,,,,,,,,
73051,0.815,5018,,,,,,,,,,,,,,
73123,0.818,5022,,,,,,,,,,,,,,
73195,0.828,5026,,,,,,,,,,,,,,
73268,0.825,5030,,,,,,,,,,,,,,
73336,0.825,5034,,,,,,,,,,,,,,
73408,0.829,5038,,,,,,,,,,,,,,
73477,0.813,5042,,,,,,,,,,,,,,
73544,0.817,5046,,,,,,,,,,,,,,
73607,0.821,5050,,,,,,,,,,,,,,
73674,0.812,5054,,,,,,,,,,,,,,
73751,0.819,5058,,,,,,,,,,,,,,
73812,0.805,5062,,,,,,,,,,,,,,
73882,0.820,5066,,,,,,,,,,,,,,
73945,0.821,5070,,,,,,,,,,,,,,
74011,0.812,5074,,,,,,,,,,,,,,
74086,0.814,5078,,,,,,,,,,,,,,
74153,0.828,5082,,,,,,,,,,,,,,
74221,0.837,5086,,,,,,,,,,,,,,
74291,0.830,5090,,,,,,,,,,,,,,
74357,0.834,5094,,,,,,,,,,,,,,
74429,0.837,5098,,,,,,,,,,,,,,
74494,0.821,5102,,,,,,,,,,,,,,
74567,0.823,5106,,,,,,,,,,,,,,
74633,0.821,5110,,,,,,,,,,,,,,
74701,0.826,5114,,,,,,,,,,,,,,
74769,0.822,5118,,,,,,,,,,,,,,
74838,0.812,5122,,,,,,,,,,,,,,
74904,0.797,5126,,,,,,,,,,,,,,
74969,0.808,5130,,,,,,,,,,,,,,
75038,0.806,5134,,,,,,,,,,,,,,
75112,0.798,5138,,,,,,,,,,,,,,
75184,0.804,5142,,,,,,,,,,,,,,
75264,0.796,5146,,,,,,,,,,,,,,
75340,0.789,5150,,,,,,,,,,,,,,
75417,0.798,5154,,,,,,,,,,,,,,
75479,0.799,5158,,,,,,,,,,,,,,
75549,0.810,5162,,,,,,,,,,,,,,
75621,0.808,5166,,,,,,,,,,,,,,
75687,0.809,5170,,,,,,,,,,,,,,
75758,0.815,5174,,,,,,,,,,,,,,
75828,0.806,5178,,,,,,,,,,,,,,
75890,0.801,5182,,,,,,,,,,,,,,
75959,0.801,5186,,,,,,,,,,,,,,
76033,0.808,5190,,,,,,,,,,,,,,
76104,0.810,5194,,,,,,,,,,,,,,
76168,0.803,5198,,,,,,,,,,,,,,
76235,0.818,5202,,,,,,,,,,,,,,
76300,0.811,5206,,,,,,,,,,,,,,
76371,0.804,5210,,,,,,,,,,,,,,
76434,0.785,5214,,,,,,,,,,,,,,
76503,0.793,5218,,,,,,,,,,,,,,
76569,0.776,5222,,,,,,,,,,,,,,
76634,0.784,5226,,,,,,,,,,,,,,
76700,0.782,5230,,,,,,,,,,,,,,
76761,0.777,5234,,,,,,,,,,,,,,
76833,0.786,5238,,,,,,,,,,,,,,
76902,0.793,5242,,,,,,,,,,,,,,
76969,0.797,5246,,,,,,,,,,,,,,
77033,0.802,5250,,,,,,,,,,,,,,
77104,0.800,5254,,,,,,,,,,,,,,
77179,0.792,5258,,,,,,,,,,,,,,
77248,0.794,5262,,,,,,,,,,,,,,
77322,0.787,5266,,,,,,,,,,,,,,
77394,0.798,5270,,,,,,,,,,,,,,
77470,0.796,5274,,,,,,,,,,,,,,
77541,0.803,5278,,,,,,,,,,,,,,
77615,0.812,5282,,,,,,,,,,,,,,
77687,0.812,5286,,,,,,,,,,,,,,
77751,0.808,5290,,,,,,,,,,,,,,
77824,0.805,5294,,,,,,,,,,,,,,
77884,0.796,5298,,,,,,,,,,,,,,
77939,0.780,5302,,,,,,,,,,,,,,
77557,0.798,5305,,,,,,,,,,,,,,
77636,0.807,5309,,,,,,,,,,,,,,
77709,0.806,5313,,,,,,,,,,,,,,
77781,0.807,5317,,,,,,,,,,,,,,
77857,0.804,5321,,,,,,,,,,,,,,
77926,0.811,5325,,,,,,,,,,,,,,
77992,0.804,5329,,,,,,,,,,,,,,
78059,0.800,5333,,,,,,,,,,,,,,
78130,0.804,5337,,,,,,,,,,,,,,
78196,0.825,5341,,,,,,,,,,,,,,
78267,0.823,5345,,,,,,,,,,,,,,
78333,0.844,5349,,,,,,,,,,,,,,
78404,0.848,5353,,,,,,,,,,,,,,
78467,0.851,5357,,,,,,,,,,,,,,
78542,0.857,5361,,,,,,,,,,,,,,
78617,0.858,5365,,,,,,,,,,,,,,
78692,0.854,5369,,,,,,,,,,,,,,
78769,0.852,5373,,,,,,,,,,,,,,
78840,0.852,5377,,,,,,,,,,,,,,
78907,0.850,5381,,,,,,,,,,,,,,
78969,0.855,5385,,,,,,,,,,,,,,
79033,0.851,5389,,,,,,,,,,,,,,
79104,0.858,5393,,,,,,,,,,,,,,
79182,0.853,5397,,,,,,,,,,,,,,
79314,0.856,5405,,,,,,,,,,,,,,
79382,0.855,5409,,,,,,,,,,,,,,
79458,0.846,5413,,,,,,,,,,,,,,
79526,0.839,5417,,,,,,,,,,,,,,
79604,0.839,5421,,,,,,,,,,,,,,
79666,0.838,5425,,,,,,,,,,,,,,
79742,0.844,5429,,,,,,,,,,,,,,
79810,0.855,5433,,,,,,,,,,,,,,
79883,0.862,5437,,,,,,,,,,,,,,
79947,0.860,5441,,,,,,,,,,,,,,
80015,0.858,5445,,,,,,,,,,,,,,
80080,0.860,5449,,,,,,,,,,,,,,
80149,0.857,5453,,,,,,,,,,,,,,
80223,0.862,5457,,,,,,,,,,,,,,
80296,0.865,5461,,,,,,,,,,,,,,
80364,0.865,5465,,,,,,,,,,,,,,
80430,0.871,5469,,,,,,,,,,,,,,
80501,0.880,5473,,,,,,,,,,,,,,
80574,0.881,5477,,,,,,,,,,,,,,
80648,0.885,5481,,,,,,,,,,,,,,
80700,0.876,5485,,,,,,,,,,,,,,
80770,0.880,5489,,,,,,,,,,,,,,
80835,0.871,5493,,,,,,,,,,,,,,
80904,0.869,5497,,,,,,,,,,,,,,
80978,0.873,5501,,,,,,,,,,,,,,
81047,0.878,5505,,,,,,,,,,,,,,
81115,0.880,5509,,,,,,,,,,,,,,
81182,0.882,5513,,,,,,,,,,,,,,
81254,0.887,5517,,,,,,,,,,,,,,
81329,0.884,5521,,,,,,,,,,,,,,
81401,0.888,5525,,,,,,,,,,,,,,
81467,0.885,5529,,,,,,,,,,,,,,
81534,0.877,5533,,,,,,,,,,,,,,
81598,0.875,5537,,,,,,,,,,,,,,
81669,0.866,5541,,,,,,,,,,,,,,
81738,0.862,5545,,,,,,,,,,,,,,
81814,0.861,5549,,,,,,,,,,,,,,
81882,0.864,5553,,,,,,,,,,,,,,
81958,0.863,5557,,,,,,,,,,,,,,
82026,0.857,5561,,,,,,,,,,,,,,
82093,0.857,5565,,,,,,,,,,,,,,
82161,0.852,5569,,,,,,,,,,,,,,
82228,0.850,5573,,,,,,,,,,,,,,
82305,0.844,5577,,,,,,,,,,,,,,
82370,0.839,5581,,,,,,,,,,,,,,
82436,0.846,5585,,,,,,,,,,,,,,
82506,0.844,5589,,,,,,,,,,,,,,
82572,0.852,5593,,,,,,,,,,,,,,
82640,0.857,5597,,,,,,,,,,,,,,
82708,0.856,5601,,,,,,,,,,,,,,
82773,0.840,5605,,,,,,,,,,,,,,
82848,0.832,5609,,,,,,,,,,,,,,
82917,0.837,5613,,,,,,,,,,,,,,
82993,0.835,5617,,,,,,,,,,,,,,
83058,0.830,5621,,,,,,,,,,,,,,
83131,0.830,5625,,,,,,,,,,,,,,
83194,0.828,5629,,,,,,,,,,,,,,
83264,0.832,5633,,,,,,,,,,,,,,
83340,0.834,5637,,,,,,,,,,,,,,
83414,0.838,5641,,,,,,,,,,,,,,
83492,0.836,5645,,,,,,,,,,,,,,
83562,0.842,5649,,,,,,,,,,,,,,
83631,0.837,5653,,,,,,,,,,,,,,
83699,0.837,5657,,,,,,,,,,,,,,
83770,0.844,5661,,,,,,,,,,,,,,
83837,0.837,5665,,,,,,,,,,,,,,
83904,0.832,5669,,,,,,,,,,,,,,
83971,0.831,5673,,,,,,,,,,,,,,
84039,0.837,5677,,,,,,,,,,,,,,
84103,0.840,5681,,,,,,,,,,,,,,
84171,0.838,5685,,,,,,,,,,,,,,
84241,0.840,5689,,,,,,,,,,,,,,
84311,0.845,5693,,,,,,,,,,,,,,
84376,0.843,5697,,,,,,,,,,,,,,
84442,0.832,5701,,,,,,,,,,,,,,
84515,0.838,5705,,,,,,,,,,,,,,
84589,0.843,5709,,,,,,,,,,,,,,
84657,0.844,5713,,,,,,,,,,,,,,
84731,0.848,5717,,,,,,,,,,,,,,
84801,0.853,5721,,,,,,,,,,,,,,
84871,0.853,5725,,,,,,,,,,,,,,
84940,0.860,5729,,,,,,,,,,,,,,
85009,0.865,5733,,,,,,,,,,,,,,
85085,0.858,5737,,,,,,,,,,,,,,
85158,0.860,5741,,,,,,,,,,,,,,
85233,0.865,5745,,,,,,,,,,,,,,
85307,0.865,5749,,,,,,,,,,,,,,
85375,0.866,5753,,,,,,,,,,,,,,
85514,0.848,5761,,,,,,,,,,,,,,
85577,0.852,5765,,,,,,,,,,,,,,
85643,0.857,5769,,,,,,,,,,,,,,
85707,0.855,5773,,,,,,,,,,,,,,
85780,0.853,5777,,,,,,,,,,,,,,
85851,0.850,5781,,,,,,,,,,,,,,
85921,0.846,5785,,,,,,,,,,,,,,
85990,0.844,5789,,,,,,,,,,,,,,
86063,0.843,5793,,,,,,,,,,,,,,
86139,0.844,5797,,,,,,,,,,,,,,
86205,0.856,5801,,,,,,,,,,,,,,
86272,0.859,5805,,,,,,,,,,,,,,
86342,0.844,5809,,,,,,,,,,,,,,
86406,0.848,5813,,,,,,,,,,,,,,
86473,0.849,5817,,,,,,,,,,,,,,
86538,0.845,5821,,,,,,,,,,,,,,
86602,0.841,5825,,,,,,,,,,,,,,
86676,0.835,5829,,,,,,,,,,,,,,
86748,0.826,5833,,,,,,,,,,,,,,
86816,0.820,5837,,,,,,,,,,,,,,
86891,0.823,5841,,,,,,,,,,,,,,
86960,0.825,5845,,,,,,,,,,,,,,
87026,0.815,5849,,,,,,,,,,,,,,
87094,0.815,5853,,,,,,,,,,,,,,
87163,0.820,5857,,,,,,,,,,,,,,
87234,0.814,5861,,,,,,,,,,,,,,
87302,0.807,5865,,,,,,,,,,,,,,
87368,0.809,5869,,,,,,,,,,,,,,
87442,0.810,5873,,,,,,,,,,,,,,
87507,0.813,5877,,,,,,,,,,,,,,
87573,0.820,5881,,,,,,,,,,,,,,
87641,0.831,5885,,,,,,,,,,,,,,
87714,0.824,5889,,,,,,,,,,,,,,
87780,0.816,5893,,,,,,,,,,,,,,
87856,0.812,5897,,,,,,,,,,,,,,
87926,0.811,5901,,,,,,,,,,,,,,
87989,0.818,5905,,,,,,,,,,,,,,
88047,0.820,5909,,,,,,,,,,,,,,
88113,0.818,5913,,,,,,,,,,,,,,
88183,0.814,5917,,,,,,,,,,,,,,
88258,0.812,5921,,,,,,,,,,,,,,
88327,0.816,5925,,,,,,,,,,,,,,
88391,0.817,5929,,,,,,,,,,,,,,
88464,0.823,5933,,,,,,,,,,,,,,
88527,0.832,5937,,,,,,,,,,,,,,
88592,0.833,5941,,,,,,,,,,,,,,
88658,0.825,5945,,,,,,,,,,,,,,
88733,0.837,5949,,,,,,,,,,,,,,
88799,0.839,5953,,,,,,,,,,,,,,
88864,0.836,5957,,,,,,,,,,,,,,
88931,0.838,5961,,,,,,,,,,,,,,
88995,0.840,5965,,,,,,,,,,,,,,
89066,0.835,5969,,,,,,,,,,,,,,
89138,0.841,5973,,,,,,,,,,,,,,
89202,0.822,5977,,,,,,,,,,,,,,
89270,0.817,5981,,,,,,,,,,,,,,
89337,0.817,5985,,,,,,,,,,,,,,
89408,0.828,5989,,,,,,,,,,,,,,
89473,0.829,5993,,,,,,,,,,,,,,
89539,0.834,5997,,,,,,,,,,,,,,
89614,0.833,6001,,,,,,,,,,,,,,
89684,0.820,6005,,,,,,,,,,,,,,
89756,0.833,6009,,,,,,,,,,,,,,
89820,0.816,6013,,,,,,,,,,,,,,
89889,0.818,6017,,,,,,,,,,,,,,
89953,0.818,6021,,,,,,,,,,,,,,
90022,0.815,6025,,,,,,,,,,,,,,
90089,0.815,6029,,,,,,,,,,,,,,
90157,0.813,6033,,,,,,,,,,,,,,
90222,0.818,6037,,,,,,,,,,,,,,
90291,0.813,6041,,,,,,,,,,,,,,
90356,0.820,6045,,,,,,,,,,,,,,
90428,0.818,6049,,,,,,,,,,,,,,
90560,0.817,6057,,,,,,,,,,,,,,
90631,0.823,6061,,,,,,,,,,,,,,
90699,0.822,6065,,,,,,,,,,,,,,
90767,0.807,6069,,,,,,,,,,,,,,
90836,0.810,6073,,,,,,,,,,,,,,
90903,0.827,6077,,,,,,,,,,,,,,
90963,0.827,6081,,,,,,,,,,,,,,
91032,0.822,6085,,,,,,,,,,,,,,
91092,0.823,6089,,,,,,,,,,,,,,
91164,0.825,6093,,,,,,,,,,,,,,
91232,0.820,6097,,,,,,,,,,,,,,
91303,0.823,6101,,,,,,,,,,,,,,
91375,0.833,6105,,,,,,,,,,,,,,
91441,0.827,6109,,,,,,,,,,,,,,
91506,0.846,6113,,,,,,,,,,,,,,
91574,0.840,6117,,,,,,,,,,,,,,
91647,0.837,6121,,,,,,,,,,,,,,
91718,0.842,6125,,,,,,,,,,,,,,
91786,0.841,6129,,,,,,,,,,,,,,
91853,0.839,6133,,,,,,,,,,,,,,
91924,0.836,6137,,,,,,,,,,,,,,
91991,0.841,6141,,,,,,,,,,,,,,
92062,0.832,6145,,,,,,,,,,,,,,
92134,0.832,6149,,,,,,,,,,,,,,
92202,0.838,6153,,,,,,,,,,,,,,
92270,0.842,6157,,,,,,,,,,,,,,
92343,0.841,6161,,,,,,,,,,,,,,
92407,0.848,6165,,,,,,,,,,,,,,
92472,0.867,6169,,,,,,,,,,,,,,
92541,0.867,6173,,,,,,,,,,,,,,
92603,0.864,6177,,,,,,,,,,,,,,
92677,0.857,6181,,,,,,,,,,,,,,
92743,0.857,6185,,,,,,,,,,,,,,
92811,0.857,6189,,,,,,,,,,,,,,
92885,0.859,6193,,,,,,,,,,,,,,
92951,0.864,6197,,,,,,,,,,,,,,
93021,0.862,6201,,,,,,,,,,,,,,
93091,0.862,6205,,,,,,,,,,,,,,
93163,0.868,6209,,,,,,,,,,,,,,
93228,0.868,6213,,,,,,,,,,,,,,
93294,0.877,6217,,,,,,,,,,,,,,
93368,0.888,6221,,,,,,,,,,,,,,
93439,0.885,6225,,,,,,,,,,,,,,
93505,0.881,6229,,,,,,,,,,,,,,
93579,0.888,6233,,,,,,,,,,,,,,
93648,0.886,6237,,,,,,,,,,,,,,
93725,0.883,6241,,,,,,,,,,,,,,
93792,0.891,6245,,,,,,,,,,,,,,
93857,0.887,6249,,,,,,,,,,,,,,
93928,0.886,6253,,,,,,,,,,,,,,
94000,0.884,6257,,,,,,,,,,,,,,
94065,0.887,6261,,,,,,,,,,,,,,
94195,0.887,6269,,,,,,,,,,,,,,
94262,0.882,6273,,,,,,,,,,,,,,
94329,0.882,6277,,,,,,,,,,,,,,
94397,0.883,6281,,,,,,,,,,,,,,
94467,0.888,6285,,,,,,,,,,,,,,
94538,0.882,6289,,,,,,,,,,,,,,
94607,0.883,6293,,,,,,,,,,,,,,
94674,0.878,6297,,,,,,,,,,,,,,
94742,0.881,6301,,,,,,,,,,,,,,
94812,0.870,6305,,,,,,,,,,,,,,
94877,0.868,6309,,,,,,,,,,,,,,
94952,0.868,6313,,,,,,,,,,,,,,
95018,0.865,6317,,,,,,,,,,,,,,
95086,0.865,6321,,,,,,,,,,,,,,
95151,0.857,6325,,,,,,,,,,,,,,
95215,0.864,6329,,,,,,,,,,,,,,
95276,0.858,6333,,,,,,,,,,,,,,
95353,0.860,6337,,,,,,,,,,,,,,
95419,0.861,6341,,,,,,,,,,,,,,
95488,0.861,6345,,,,,,,,,,,,,,
95557,0.863,6349,,,,,,,,,,,,,,
95630,0.861,6353,,,,,,,,,,,,,,
95704,0.860,6357,,,,,,,,,,,,,,
95778,0.862,6361,,,,,,,,,,,,,,
95847,0.857,6365,,,,,,,,,,,,,,
95919,0.858,6369,,,,,,,,,,,,,,
95982,0.859,6373,,,,,,,,,,,,,,
96054,0.855,6377,,,,,,,,,,,,,,
96117,0.861,6381,,,,,,,,,,,,,,
96190,0.859,6385,,,,,,,,,,,,,,
96257,0.864,6389,,,,,,,,,,,,,,
96325,0.862,6393,,,,,,,,,,,,,,
96390,0.869,6397,,,,,,,,,,,,,,
96456,0.865,6401,,,,,,,,,,,,,,
96518,0.873,6405,,,,,,,,,,,,,,
96584,0.866,6409,,,,,,,,,,,,,,
96653,0.858,6413,,,,,,,,,,,,,,
96721,0.858,6417,,,,,,,,,,,,,,
96791,0.858,6421,,,,,,,,,,,,,,
96856,0.864,6425,,,,,,,,,,,,,,
96931,0.867,6429,,,,,,,,,,,,,,
97001,0.868,6433,,,,,,,,,,,,,,
97072,0.855,6437,,,,,,,,,,,,,,
97146,0.857,6441,,,,,,,,,,,,,,
97216,0.859,6445,,,,,,,,,,,,,,
97281,0.856,6449,,,,,,,,,,,,,,
97355,0.858,6453,,,,,,,,,,,,,,
97420,0.864,6457,,,,,,,,,,,,,,
97483,0.853,6461,,,,,,,,,,,,,,
97554,0.855,6465,,,,,,,,,,,,,,
97622,0.860,6469,,,,,,,,,,,,,,
97691,0.864,6473,,,,,,,,,,,,,,
97759,0.871,6477,,,,,,,,,,,,,,
97825,0.870,6481,,,,,,,,,,,,,,
97895,0.868,6485,,,,,,,,,,,,,,
97965,0.861,6489,,,,,,,,,,,,,,
98035,0.859,6493,,,,,,,,,,,,,,
98099,0.859,6497,,,,,,,,,,,,,,
98169,0.860,6501,,,,,,,,,,,,,,
98238,0.860,6505,,,,,,,,,,,,,,
98316,0.868,6509,,,,,,,,,,,,,,
98382,0.866,6513,,,,,,,,,,,,,,
98451,0.869,6517,,,,,,,,,,,,,,
98520,0.863,6521,,,,,,,,,,,,,,
98585,0.868,6525,,,,,,,,,,,,,,
98651,0.856,6529,,,,,,,,,,,,,,
98716,0.858,6533,,,,,,,,,,,,,,
98788,0.865,6537,,,,,,,,,,,,,,
98855,0.868,6541,,,,,,,,,,,,,,
98916,0.868,6545,,,,,,,,,,,,,,
98982,0.870,6549,,,,,,,,,,,,,,
99048,0.861,6553,,,,,,,,,,,,,,
99118,0.848,6557,,,,,,,,,,,,,,
99190,0.856,6561,,,,,,,,,,,,,,
99255,0.854,6565,,,,,,,,,,,,,,
99325,0.848,6569,,,,,,,,,,,,,,
99391,0.843,6573,,,,,,,,,,,,,,
99459,0.843,6577,,,,,,,,,,,,,,
99527,0.843,6581,,,,,,,,,,,,,,
99592,0.835,6585,,,,,,,,,,,,,,
99660,0.833,6589,,,,,,,,,,,,,,
99728,0.838,6593,,,,,,,,,,,,,,
99801,0.838,6597,,,,,,,,,,,,,,
99871,0.841,6601,,,,,,,,,,,,,,
99935,0.840,6605,,,,,,,,,,,,,,
100000,0.836,6609,,,,,,,,,,,,,,
100067,0.839,6613,,,,,,,,,,,,,,
100134,0.826,6617,,,,,,,,,,,,,,
100202,0.827,6621,,,,,,,,,,,,,,
100269,0.823,6625,,,,,,,,,,,,,,
100339,0.827,6629,,,,,,,,,,,,,,
100407,0.822,6633,,,,,,,,,,,,,,
100477,0.828,6637,,,,,,,,,,,,,,
100548,0.823,6641,,,,,,,,,,,,,,
100610,0.813,6645,,,,,,,,,,,,,,
100677,0.815,6649,,,,,,,,,,,,,,
100746,0.812,6653,,,,,,,,,,,,,,
100813,0.817,6657,,,,,,,,,,,,,,
100876,0.818,6661,,,,,,,,,,,,,,
100941,0.813,6665,,,,,,,,,,,,,,
101012,0.813,6669,,,,,,,,,,,,,,
101083,0.817,6673,,,,,,,,,,,,,,
101156,0.819,6677,,,,,,,,,,,,,,
101224,0.819,6681,,,,,,,,,,,,,,
101296,0.824,6685,,,,,,,,,,,,,,
101375,0.827,6689,,,,,,,,,,,,,,
101449,0.818,6693,,,,,,,,,,,,,,
101521,0.814,6697,,,,,,,,,,,,,,
101594,0.811,6701,,,,,,,,,,,,,,
101670,0.802,6705,,,,,,,,,,,,,,
101733,0.807,6709,,,,,,,,,,,,,,
101803,0.810,6713,,,,,,,,,,,,,,
101864,0.820,6717,,,,,,,,,,,,,,
101938,0.821,6721,,,,,,,,,,,,,,
102007,0.819,6725,,,,,,,,,,,,,,
102080,0.825,6729,,,,,,,,,,,,,,
102151,0.832,6733,,,,,,,,,,,,,,
102217,0.817,6737,,,,,,,,,,,,,,
102287,0.820,6741,,,,,,,,,,,,,,
102355,0.824,6745,,,,,,,,,,,,,,
102424,0.824,6749,,,,,,,,,,,,,,
102498,0.834,6753,,,,,,,,,,,,,,
102562,0.833,6757,,,,,,,,,,,,,,
102635,0.830,6761,,,,,,,,,,,,,,
102707,0.834,6765,,,,,,,,,,,,,,
102779,0.838,6769,,,,,,,,,,,,,,
102850,0.830,6773,,,,,,,,,,,,,,
102921,0.825,6777,,,,,,,,,,,,,,
102992,0.827,6781,,,,,,,,,,,,,,
103058,0.830,6785,,,,,,,,,,,,,,
103127,0.836,6789,,,,,,,,,,,,,,
103192,0.845,6793,,,,,,,,,,,,,,
103258,0.842,6797,,,,,,,,,,,,,,
103326,0.840,6801,,,,,,,,,,,,,,
103393,0.848,6805,,,,,,,,,,,,,,
103460,0.844,6809,,,,,,,,,,,,,,
103525,0.846,6813,,,,,,,,,,,,,,
103589,0.851,6817,,,,,,,,,,,,,,
103661,0.856,6821,,,,,,,,,,,,,,
103730,0.851,6825,,,,,,,,,,,,,,
103793,0.849,6829,,,,,,,,,,,,,,
103858,0.847,6833,,,,,,,,,,,,,,
103923,0.865,6837,,,,,,,,,,,,,,
103989,0.865,6841,,,,,,,,,,,,,,
104062,0.871,6845,,,,,,,,,,,,,,
104131,0.868,6849,,,,,,,,,,,,,,
104197,0.864,6853,,,,,,,,,,,,,,
104263,0.870,6857,,,,,,,,,,,,,,
104328,0.868,6861,,,,,,,,,,,,,,
104399,0.873,6865,,,,,,,,,,,,,,
104476,0.866,6869,,,,,,,,,,,,,,
104546,0.870,6873,,,,,,,,,,,,,,
104612,0.873,6877,,,,,,,,,,,,,,
104679,0.871,6881,,,,,,,,,,,,,,
104747,0.871,6885,,,,,,,,,,,,,,
104815,0.871,6889,,,,,,,,,,,,,,
104887,0.863,6893,,,,,,,,,,,,,,
104955,0.871,6897,,,,,,,,,,,,,,
105021,0.873,6901,,,,,,,,,,,,,,
105088,0.876,6905,,,,,,,,,,,,,,
105162,0.874,6909,,,,,,,,,,,,,,
105236,0.878,6913,,,,,,,,,,,,,,
105308,0.875,6917,,,,,,,,,,,,,,
105374,0.867,6921,,,,,,,,,,,,,,
105443,0.874,6925,,,,,,,,,,,,,,
105513,0.869,6929,,,,,,,,,,,,,,
105576,0.861,6933,,,,,,,,,,,,,,
105645,0.853,6937,,,,,,,,,,,,,,
105713,0.850,6941,,,,,,,,,,,,,,
105781,0.853,6945,,,,,,,,,,,,,,
105851,0.858,6949,,,,,,,,,,,,,,
105920,0.865,6953,,,,,,,,,,,,,,
105995,0.864,6957,,,,,,,,,,,,,,
106061,0.865,6961,,,,,,,,,,,,,,
106130,0.861,6965,,,,,,,,,,,,,,
106201,0.862,6969,,,,,,,,,,,,,,
106268,0.856,6973,,,,,,,,,,,,,,
106338,0.855,6977,,,,,,,,,,,,,,
106405,0.849,6981,,,,,,,,,,,,,,
106476,0.842,6985,,,,,,,,,,,,,,
106555,0.842,6989,,,,,,,,,,,,,,
106622,0.848,6993,,,,,,,,,,,,,,
106689,0.848,6997,,,,,,,,,,,,,,
106754,0.848,7001,,,,,,,,,,,,,,
106823,0.845,7005,,,,,,,,,,,,,,
106890,0.846,7009,,,,,,,,,,,,,,
106957,0.845,7013,,,,,,,,,,,,,,
107027,0.836,7017,,,,,,,,,,,,,,
107094,0.842,7021,,,,,,,,,,,,,,
107164,0.840,7025,,,,,,,,,,,,,,
107230,0.836,7029,,,,,,,,,,,,,,
107292,0.847,7033,,,,,,,,,,,,,,
107357,0.851,7037,,,,,,,,,,,,,,
107436,0.853,7041,,,,,,,,,,,,,,
107504,0.847,7045,,,,,,,,,,,,,,
107569,0.848,7049,,,,,,,,,,,,,,
107633,0.848,7053,,,,,,,,,,,,,,
107701,0.851,7057,,,,,,,,,,,,,,
107769,0.852,7061,,,,,,,,,,,,,,
107834,0.852,7065,,,,,,,,,,,,,,
107907,0.856,7069,,,,,,,,,,,,,,
107973,0.864,7073,,,,,,,,,,,,,,
108042,0.865,7077,,,,,,,,,,,,,,
108112,0.870,7081,,,,,,,,,,,,,,
108181,0.874,7085,,,,,,,,,,,,,,
108254,0.871,7089,,,,,,,,,,,,,,
108317,0.872,7093,,,,,,,,,,,,,,
108384,0.868,7097,,,,,,,,,,,,,,
108454,0.870,7101,,,,,,,,,,,,,,
108531,0.874,7105,,,,,,,,,,,,,,
108599,0.870,7109,,,,,,,,,,,,,,
108673,0.870,7113,,,,,,,,,,,,,,
108739,0.874,7117,,,,,,,,,,,,,,
108809,0.874,7121,,,,,,,,,,,,,,
108878,0.873,7125,,,,,,,,,,,,,,
108943,0.878,7129,,,,,,,,,,,,,,
109011,0.870,7133,,,,,,,,,,,,,,
109084,0.869,7137,,,,,,,,,,,,,,
109156,0.869,7141,,,,,,,,,,,,,,
109221,0.871,7145,,,,,,,,,,,,,,
109294,0.868,7149,,,,,,,,,,,,,,
109371,0.865,7153,,,,,,,,,,,,,,
109440,0.864,7157,,,,,,,,,,,,,,
109507,0.867,7161,,,,,,,,,,,,,,
109577,0.867,7165,,,,,,,,,,,,,,
109646,0.873,7169,,,,,,,,,,,,,,
109718,0.872,7173,,,,,,,,,,,,,,
109789,0.861,7177,,,,,,,,,,,,,,
109864,0.863,7181,,,,,,,,,,,,,,
109932,0.862,7185,,,,,,,,,,,,,,
110001,0.862,7189,,,,,,,,,,,,,,
110071,0.862,7193,,,,,,,,,,,,,,
110143,0.863,7197,,,,,,,,,,,,,,
110219,0.866,7201,,,,,,,,,,,,,,
110276,0.860,7205,,,,,,,,,,,,,,
110342,0.864,7209,,,,,,,,,,,,,,
110406,0.862,7213,,,,,,,,,,,,,,
110473,0.865,7217,,,,,,,,,,,,,,
110543,0.848,7221,,,,,,,,,,,,,,
110614,0.847,7225,,,,,,,,,,,,,,
110678,0.854,7229,,,,,,,,,,,,,,
110750,0.859,7233,,,,,,,,,,,,,,
110820,0.860,7237,,,,,,,,,,,,,,
110891,0.857,7241,,,,,,,,,,,,,,
110965,0.851,7245,,,,,,,,,,,,,,
111028,0.856,7249,,,,,,,,,,,,,,
111100,0.857,7253,,,,,,,,,,,,,,
111165,0.853,7257,,,,,,,,,,,,,,
111234,0.846,7261,,,,,,,,,,,,,,
111302,0.843,7265,,,,,,,,,,,,,,
111378,0.838,7269,,,,,,,,,,,,,,
111443,0.829,7273,,,,,,,,,,,,,,
111504,0.839,7277,,,,,,,,,,,,,,
111580,0.831,7281,,,,,,,,,,,,,,
111646,0.837,7285,,,,,,,,,,,,,,
111717,0.833,7289,,,,,,,,,,,,,,
111785,0.833,7293,,,,,,,,,,,,,,
111856,0.833,7297,,,,,,,,,,,,,,
111928,0.824,7301,,,,,,,,,,,,,,
112006,0.829,7305,,,,,,,,,,,,,,
112075,0.832,7309,,,,,,,,,,,,,,
112143,0.832,7313,,,,,,,,,,,,,,
112221,0.831,7317,,,,,,,,,,,,,,
112284,0.841,7321,,,,,,,,,,,,,,
112346,0.840,7325,,,,,,,,,,,,,,
112415,0.837,7329,,,,,,,,,,,,,,
112484,0.835,7333,,,,,,,,,,,,,,
112552,0.837,7337,,,,,,,,,,,,,,
112620,0.834,7341,,,,,,,,,,,,,,
112692,0.844,7345,,,,,,,,,,,,,,
112762,0.839,7349,,,,,,,,,,,,,,
112828,0.839,7353,,,,,,,,,,,,,,
112902,0.841,7357,,,,,,,,,,,,,,
112972,0.846,7361,,,,,,,,,,,,,,
113049,0.842,7365,,,,,,,,,,,,,,
113126,0.841,7369,,,,,,,,,,,,,,
113193,0.846,7373,,,,,,,,,,,,,,
113260,0.850,7377,,,,,,,,,,,,,,
113331,0.857,7381,,,,,,,,,,,,,,
113402,0.855,7385,,,,,,,,,,,,,,
113478,0.854,7389,,,,,,,,,,,,,,
113547,0.851,7393,,,,,,,,,,,,,,
113623,0.848,7397,,,,,,,,,,,,,,
113695,0.855,7401,,,,,,,,,,,,,,
113766,0.852,7405,,,,,,,,,,,,,,
113834,0.851,7409,,,,,,,,,,,,,,
113905,0.848,7413,,,,,,,,,,,,,,
113984,0.848,7417,,,,,,,,,,,,,,
114066,0.855,7421,,,,,,,,,,,,,,
114139,0.861,7425,,,,,,,,,,,,,,
114217,0.855,7429,,,,,,,,,,,,,,
114287,0.855,7433,,,,,,,,,,,,,,
114354,0.849,7437,,,,,,,,,,,,,,
114421,0.856,7441,,,,,,,,,,,,,,
114488,0.854,7445,,,,,,,,,,,,,,
114556,0.851,7449,,,,,,,,,,,,,,
114621,0.853,7453,,,,,,,,,,,,,,
114694,0.856,7457,,,,,,,,,,,,,,
114761,0.855,7461,,,,,,,,,,,,,,
114829,0.858,7465,,,,,,,,,,,,,,
114897,0.864,7469,,,,,,,,,,,,,,
114964,0.869,7473,,,,,,,,,,,,,,
115001,0.847,7477,,,,,,,,,,,,,,
