t,thrust_input,thrust_actual
5.021,0.0,0.0
5.029,0.0,0.0
5.059,0.0,0.0
5.071,0.0,0.0
5.099,0.0,0.0
5.121,0.0,0.0
5.139,0.0,0.0
5.179,0.0,0.0
5.19,0.0,0.0
5.199,0.0,0.0
5.25,0.0,0.0
5.29,0.0,0.0
5.299,0.0,0.0
5.329,0.0,0.0
5.359,0.0,0.0
5.379,0.0,0.0
5.409,0.0,0.0
5.42,0.0,0.0
5.449,0.0,0.0
5.479,0.0,0.0
5.509,0.0,0.0
5.529,0.0,0.0
5.549,0.0,0.0
5.579,0.0,0.0
5.589,0.0,0.0
5.61,0.0,0.0
5.629,0.0,0.0
5.659,0.0,0.0
5.679,0.0,0.0
5.699,0.0,0.0
5.699,0.0,0.0
5.729,0.0,0.0
5.76,0.0,0.0
5.779,0.0,0.0
5.8,0.0,0.0
5.82,0.0,0.0
5.859,0.0,0.0
5.871,0.0,0.0
5.9,0.0,0.0
5.94,0.0,0.0
5.949,0.0,0.0
5.988,0.0,0.0
6.01,0.0,0.0
6.029,0.0,0.0
6.04,0.0,0.0
6.059,0.0,0.0
6.08,0.0,0.0
6.129,0.0,0.0
6.149,0.0,0.0
6.189,0.0,0.0
6.209,0.0,0.0
6.239,0.0,0.0
6.259,0.0,0.0
6.299,0.0,0.0
6.359,0.0,0.0
6.389,0.0,0.0
6.422,0.0,0.0
6.45,0.0,0.0
6.48,0.0,0.0
6.53,0.0,0.0
6.549,0.0,0.0
6.58,0.0,0.0
6.6,0.0,0.0
6.621,0.0,0.0
6.639,0.0,0.0
6.67,0.0,0.0
6.69,0.0,0.0
6.73,0.0,0.0
6.74,0.0,0.0
6.759,0.0,0.0
6.759,0.0,0.0
6.779,0.0,0.0
6.809,0.0,0.0
6.839,0.0,0.0
6.85,0.0,0.0
6.871,0.0,0.0
6.89,0.0,0.0
6.92,0.0,0.0
6.939,0.0,0.0
6.979,0.0,0.0
6.99,0.0,0.0
7.021,0.0,0.0
7.039,0.0,0.0
7.059,0.0,0.0
7.079,0.0,0.0
7.089,0.0,0.0
7.139,0.0,0.0
7.159,0.0,0.0
7.18,0.0,0.0
7.221,0.0,0.0
7.229,0.0,0.0
7.25,0.0,0.0
7.289,0.0,0.0
7.289,0.0,0.0
7.289,0.0,0.0
7.299,0.0,0.0
7.321,0.0,0.0
7.33,0.0,0.0
7.349,0.0,0.0
7.379,0.0,0.0
7.399,0.0,0.0
7.44,0.0,0.0
7.471,0.0,0.0
7.471,0.0,0.0
7.471,0.0,0.0
7.471,0.0,0.0
7.489,0.0,0.0
7.5,0.0,0.0
7.53,0.0,0.0
7.58,0.0,0.0
7.61,0.0,0.0
7.621,0.0,0.0
7.639,0.0,0.0
7.659,0.0,0.0
7.689,0.0,0.0
7.699,0.0,0.0
7.711,0.0,0.0
7.739,0.0,0.0
7.771,0.0,0.0
7.809,0.0,0.0
7.829,0.0,0.0
7.859,0.0,0.0
7.92,0.0,0.0
7.94,0.0,0.0
7.95,0.0,0.0
7.971,0.0,0.0
7.971,0.0,0.0
7.979,0.0,0.0
7.999,0.0,0.0
8.049,0.0,0.0
8.059,0.0,0.0
8.1,0.0,0.0
8.109,0.0,0.0
8.129,0.0,0.0
8.171,0.0,0.0
8.199,0.0,0.0
8.22,0.0,0.0
8.231,0.0,0.0
8.271,0.0,0.0
8.291,0.0,0.0
8.329,0.0,0.0
8.339,0.0,0.0
8.359,0.0,0.0
8.389,0.0,0.0
8.399,0.0,0.0
8.409,0.0,0.0
8.429,0.0,0.0
8.45,0.0,0.0
8.48,0.0,0.0
8.51,0.0,0.0
8.529,0.0,0.0
8.539,0.0,0.0
8.549,0.0,0.0
8.559,0.0,0.0
8.571,0.0,0.0
8.619,0.0,0.0
8.639,0.0,0.0
8.68,0.0,0.0
8.73,0.0,0.0
8.771,0.0,0.0
8.779,0.0,0.0
8.779,0.0,0.0
8.809,0.0,0.0
8.83,0.0,0.0
8.859,0.0,0.0
8.871,0.0,0.0
8.9,0.0,0.0
8.929,0.0,0.0
8.939,0.0,0.0
8.959,0.0,0.0
8.98,0.0,0.0
9.0,0.0,0.0
9.0,0.0,0.0
9.029,0.0,0.0
9.059,0.0,0.0
9.09,0.0,0.0
9.099,0.0,0.0
9.12,0.0,0.0
9.129,0.0,0.0
9.16,0.0,0.0
9.171,0.0,0.0
9.189,0.0,0.0
9.209,0.0,0.0
9.23,0.0,0.0
9.27,0.0,0.0
9.289,0.0,0.0
9.34,0.0,0.0
9.359,0.0,0.0
9.359,0.0,0.0
9.39,0.0,0.0
9.4,0.0,0.0
9.409,0.0,0.0
9.429,0.0,0.0
9.459,0.0,0.0
9.479,0.0,0.0
9.521,0.0,0.0
9.521,0.0,0.0
9.55,0.0,0.0
9.559,0.0,0.0
9.579,0.0,0.0
9.599,0.0,0.0
9.629,0.0,0.0
9.66,0.0,0.0
9.671,0.0,0.0
9.7,0.0,0.0
9.72,0.0,0.0
9.771,0.0,0.0
9.8,0.0,0.0
9.839,0.0,0.0
9.859,0.0,0.0
9.88,0.0,0.0
9.889,0.0,0.0
9.909,0.0,0.0
9.921,0.0,0.0
9.959,0.0,0.0
9.959,0.0,0.0
9.959,0.0,0.0
9.971,0.0,0.0
9.971,8.14,0.626
9.971,8.14,0.775
9.971,8.14,0.92
9.971,8.14,1.063
9.999,8.14,1.737
10.01,8.14,4.896
10.039,8.14,5.831
10.059,8.14,6.74
10.089,8.14,7.416
10.099,8.14,7.431
10.129,8.14,7.593
10.171,8.14,7.958
10.209,8.14,7.972
10.24,8.14,8.093
10.25,8.14,8.112
10.271,8.14,8.114
10.299,8.14,8.126
10.321,8.14,8.131
10.36,8.14,8.133
10.39,8.14,8.138
10.4,8.14,8.138
10.409,8.14,8.138
10.449,8.14,8.139
10.489,8.14,8.14
10.499,8.14,8.14
10.529,8.14,8.14
10.539,8.14,8.14
10.579,8.14,8.14
10.61,8.14,8.14
10.61,8.14,8.14
10.62,8.14,8.14
10.65,8.14,8.14
10.7,8.14,8.14
10.722,8.14,8.14
10.74,8.14,8.14
10.74,8.14,8.14
10.779,8.14,8.14
10.829,8.14,8.14
10.871,8.14,8.14
10.899,8.14,8.14
10.92,8.14,8.14
10.959,8.14,8.14
10.971,8.14,8.14
11.009,8.14,8.14
11.03,8.14,8.14
11.04,8.14,8.14
11.059,8.14,8.14
11.079,8.14,8.14
11.109,8.14,8.14
11.149,8.14,8.14
11.159,8.14,8.14
11.199,8.14,8.14
11.22,8.14,8.14
11.24,8.14,8.14
11.259,8.14,8.14
11.31,8.14,8.14
11.349,8.14,8.14
11.371,8.14,8.14
11.409,8.14,8.14
11.44,8.14,8.14
11.45,8.14,8.14
11.499,8.14,8.14
11.529,8.14,8.14
11.559,8.14,8.14
11.599,8.14,8.14
11.609,8.14,8.14
11.659,8.14,8.14
11.671,8.14,8.14
11.699,8.14,8.14
11.709,8.14,8.14
11.739,8.14,8.14
11.759,8.14,8.14
11.771,8.14,8.14
11.81,8.14,8.14
11.839,8.14,8.14
11.871,8.14,8.14
11.879,8.14,8.14
11.909,8.14,8.14
11.949,8.14,8.14
11.959,8.14,8.14
11.959,8.14,8.14
11.959,8.14,8.14
11.979,8.14,8.14
12.01,8.14,8.14
12.021,8.14,8.14
12.071,8.14,8.14
12.09,8.14,8.14
12.11,8.14,8.14
12.11,8.14,8.14
12.129,8.14,8.14
12.159,8.14,8.14
12.199,8.14,8.14
12.199,8.14,8.14
12.22,8.14,8.14
12.229,8.14,8.14
12.26,8.14,8.14
12.27,8.14,8.14
12.321,8.14,8.14
12.33,8.14,8.14
12.371,8.14,8.14
12.41,8.14,8.14
12.44,8.14,8.14
12.459,8.14,8.14
12.48,8.14,8.14
12.509,8.14,8.14
12.521,8.14,8.14
12.549,8.14,8.14
12.571,8.14,8.14
12.589,8.14,8.14
12.609,8.14,8.14
12.621,8.14,8.14
12.649,8.14,8.14
12.671,8.14,8.14
12.689,8.14,8.14
12.709,8.14,8.14
12.721,8.14,8.14
12.739,8.14,8.14
12.749,8.14,8.14
12.77,8.14,8.14
12.78,8.14,8.14
12.821,8.14,8.14
12.829,8.14,8.14
12.871,8.14,8.14
12.871,8.14,8.14
12.92,8.14,8.14
12.979,8.14,8.14
12.989,8.14,8.14
13.009,8.14,8.14
13.029,8.14,8.14
13.07,8.14,8.14
13.129,8.14,8.14
13.14,8.14,8.14
13.16,8.14,8.14
13.179,8.14,8.14
13.221,8.14,8.14
13.239,8.14,8.14
13.25,8.14,8.14
13.279,8.14,8.14
13.279,8.14,8.14
13.32,8.14,8.14
13.329,8.14,8.14
13.371,8.14,8.14
13.38,8.14,8.14
13.389,8.14,8.14
13.399,8.14,8.14
13.408,8.14,8.14
13.429,8.14,8.14
13.459,8.14,8.14
13.471,8.14,8.14
13.509,8.14,8.14
13.53,8.14,8.14
13.56,8.14,8.14
13.571,8.14,8.14
13.61,8.14,8.14
13.64,8.14,8.14
13.671,8.14,8.14
13.679,8.14,8.14
13.699,8.14,8.14
13.72,8.14,8.14
13.73,8.14,8.14
13.739,8.14,8.14
13.772,8.14,8.14
13.8,8.14,8.14
13.829,8.14,8.14
13.849,8.14,8.14
13.879,8.14,8.14
13.9,8.14,8.14
13.9,8.14,8.14
13.921,8.14,8.14
13.989,8.14,8.14
14.01,8.14,8.14
14.059,8.14,8.14
14.079,8.14,8.14
14.109,8.14,8.14
14.159,8.14,8.14
14.18,8.14,8.14
14.208,8.14,8.14
14.208,8.14,8.14
14.239,8.14,8.14
14.239,8.14,8.14
14.259,8.14,8.14
14.29,8.14,8.14
14.309,8.14,8.14
14.33,8.14,8.14
14.36,8.14,8.14
14.379,8.14,8.14
14.389,8.14,8.14
14.4,8.14,8.14
14.409,8.14,8.14
14.441,8.14,8.14
14.46,8.14,8.14
14.48,8.14,8.14
14.509,8.14,8.14
14.54,8.14,8.14
14.549,8.14,8.14
14.579,8.14,8.14
14.589,8.14,8.14
14.66,8.14,8.14
14.7,8.14,8.14
14.721,8.14,8.14
14.759,8.14,8.14
14.771,8.14,8.14
14.78,8.14,8.14
14.82,8.14,8.14
14.86,8.14,8.14
14.871,8.14,8.14
14.88,8.14,8.14
14.899,8.14,8.14
14.93,8.14,8.14
14.93,8.14,8.14
14.96,8.14,8.14
14.96,8.14,8.14
14.96,8.14,8.14
14.96,8.14,8.14
14.96,14.3,8.262
14.96,14.3,8.382
14.97,14.3,8.499
14.97,14.3,8.726
14.97,14.3,8.837
15.01,14.3,9.051
15.03,14.3,12.166
15.039,14.3,12.621
15.06,14.3,12.811
15.109,14.3,13.833
15.139,14.3,14.054
15.172,14.3,14.17
15.209,14.3,14.238
15.209,14.3,14.26
15.249,14.3,14.281
15.299,14.3,14.286
15.32,14.3,14.294
15.339,14.3,14.295
15.349,14.3,14.296
15.371,14.3,14.297
15.39,14.3,14.299
15.429,14.3,14.299
15.44,14.3,14.299
15.46,14.3,14.3
15.479,14.3,14.3
15.509,14.3,14.3
15.521,14.3,14.3
15.539,14.3,14.3
15.571,14.3,14.3
15.58,14.3,14.3
15.609,14.3,14.3
15.64,14.3,14.3
15.649,14.3,14.3
15.689,14.3,14.3
15.709,14.3,14.3
15.76,14.3,14.3
15.779,14.3,14.3
15.82,14.3,14.3
15.849,14.3,14.3
15.86,14.3,14.3
15.889,14.3,14.3
15.899,14.3,14.3
15.909,14.3,14.3
15.939,14.3,14.3
15.979,14.3,14.3
15.999,14.3,14.3
16.009,14.3,14.3
16.04,14.3,14.3
16.04,14.3,14.3
16.079,14.3,14.3
16.099,14.3,14.3
16.121,14.3,14.3
16.149,14.3,14.3
16.17,14.3,14.3
16.19,14.3,14.3
16.21,14.3,14.3
16.249,14.3,14.3
16.279,14.3,14.3
16.279,14.3,14.3
16.288,14.3,14.3
16.288,14.3,14.3
16.309,14.3,14.3
16.329,14.3,14.3
16.349,14.3,14.3
16.371,14.3,14.3
16.399,14.3,14.3
16.399,14.3,14.3
16.421,14.3,14.3
16.449,14.3,14.3
16.479,14.3,14.3
16.509,14.3,14.3
16.521,14.3,14.3
16.559,14.3,14.3
16.609,14.3,14.3
16.64,14.3,14.3
16.65,14.3,14.3
16.69,14.3,14.3
16.699,14.3,14.3
16.739,14.3,14.3
16.76,14.3,14.3
16.799,14.3,14.3
16.829,14.3,14.3
16.839,14.3,14.3
16.859,14.3,14.3
16.899,14.3,14.3
16.909,14.3,14.3
16.959,14.3,14.3
17.0,14.3,14.3
17.01,14.3,14.3
17.04,14.3,14.3
17.059,14.3,14.3
17.1,14.3,14.3
17.121,14.3,14.3
17.179,14.3,14.3
17.221,14.3,14.3
17.228,14.3,14.3
17.239,14.3,14.3
17.249,14.3,14.3
17.279,14.3,14.3
17.299,14.3,14.3
17.321,14.3,14.3
17.329,14.3,14.3
17.371,14.3,14.3
17.371,14.3,14.3
17.38,14.3,14.3
17.389,14.3,14.3
17.4,14.3,14.3
17.43,14.3,14.3
17.449,14.3,14.3
17.449,14.3,14.3
17.469,14.3,14.3
17.509,14.3,14.3
17.54,14.3,14.3
17.549,14.3,14.3
17.56,14.3,14.3
17.599,14.3,14.3
17.621,14.3,14.3
17.659,14.3,14.3
17.7,14.3,14.3
17.721,14.3,14.3
17.771,14.3,14.3
17.779,14.3,14.3
17.829,14.3,14.3
17.871,14.3,14.3
17.889,14.3,14.3
17.91,14.3,14.3
17.93,14.3,14.3
17.95,14.3,14.3
17.959,14.3,14.3
17.989,14.3,14.3
18.029,14.3,14.3
18.029,14.3,14.3
18.059,14.3,14.3
18.071,14.3,14.3
18.11,14.3,14.3
18.139,14.3,14.3
18.15,14.3,14.3
18.199,14.3,14.3
18.249,14.3,14.3
18.289,14.3,14.3
18.309,14.3,14.3
18.309,14.3,14.3
18.309,14.3,14.3
18.349,14.3,14.3
18.371,14.3,14.3
18.389,14.3,14.3
18.409,14.3,14.3
18.42,14.3,14.3
18.439,14.3,14.3
18.45,14.3,14.3
18.489,14.3,14.3
18.53,14.3,14.3
18.559,14.3,14.3
18.571,14.3,14.3
18.599,14.3,14.3
18.63,14.3,14.3
18.63,14.3,14.3
18.639,14.3,14.3
18.659,14.3,14.3
18.671,14.3,14.3
18.699,14.3,14.3
18.729,14.3,14.3
18.75,14.3,14.3
18.778,14.3,14.3
18.8,14.3,14.3
18.809,14.3,14.3
18.85,14.3,14.3
18.871,14.3,14.3
18.899,14.3,14.3
18.92,14.3,14.3
18.959,14.3,14.3
18.989,14.3,14.3
19.03,14.3,14.3
19.049,14.3,14.3
19.079,14.3,14.3
19.099,14.3,14.3
19.14,14.3,14.3
19.159,14.3,14.3
19.18,14.3,14.3
19.221,14.3,14.3
19.239,14.3,14.3
19.26,14.3,14.3
19.321,14.3,14.3
19.339,14.3,14.3
19.371,14.3,14.3
19.389,14.3,14.3
19.409,14.3,14.3
19.429,14.3,14.3
19.46,14.3,14.3
19.471,14.3,14.3
19.489,14.3,14.3
19.54,14.3,14.3
19.55,14.3,14.3
19.579,14.3,14.3
19.589,14.3,14.3
19.629,14.3,14.3
19.649,14.3,14.3
19.659,14.3,14.3
19.689,14.3,14.3
19.71,14.3,14.3
19.73,14.3,14.3
19.749,14.3,14.3
19.789,14.3,14.3
19.829,14.3,14.3
19.9,14.3,14.3
19.93,14.3,14.3
19.95,14.3,14.3
19.95,14.3,14.3
19.95,14.3,14.3
19.95,14.3,14.3
19.95,5.3,14.24
19.95,5.3,14.181
19.959,5.3,14.063
19.971,5.3,14.005
19.989,5.3,12.718
20.0,5.3,12.571
20.021,5.3,11.967
20.04,5.3,11.455
20.049,5.3,10.272
20.079,5.3,9.317
20.109,5.3,9.29
20.149,5.3,8.336
20.171,5.3,7.657
20.171,5.3,7.61
20.18,5.3,7.39
20.222,5.3,6.869
20.25,5.3,6.838
20.258,5.3,6.494
20.28,5.3,6.317
20.309,5.3,6.196
20.34,5.3,6.01
20.38,5.3,5.87
20.39,5.3,5.847
20.439,5.3,5.714
20.459,5.3,5.625
20.471,5.3,5.613
20.49,5.3,5.592
20.509,5.3,5.539
20.521,5.3,5.525
20.559,5.3,5.48
20.589,5.3,5.441
20.622,5.3,5.438
20.679,5.3,5.379
20.71,5.3,5.375
20.729,5.3,5.355
20.75,5.3,5.346
20.75,5.3,5.342
20.76,5.3,5.342
20.779,5.3,5.341
20.789,5.3,5.336
20.8,5.3,5.331
20.829,5.3,5.329
20.839,5.3,5.324
20.849,5.3,5.323
20.879,5.3,5.322
20.899,5.3,5.318
20.921,5.3,5.315
20.949,5.3,5.315
20.971,5.3,5.312
21.03,5.3,5.309
21.05,5.3,5.306
21.079,5.3,5.305
21.089,5.3,5.305
21.139,5.3,5.304
21.159,5.3,5.303
21.171,5.3,5.303
21.18,5.3,5.303
21.199,5.3,5.302
21.209,5.3,5.302
21.229,5.3,5.302
21.26,5.3,5.302
21.28,5.3,5.301
21.299,5.3,5.301
21.309,5.3,5.301
21.321,5.3,5.301
21.34,5.3,5.301
21.359,5.3,5.301
21.371,5.3,5.301
21.389,5.3,5.301
21.409,5.3,5.301
21.45,5.3,5.3
21.489,5.3,5.3
21.499,5.3,5.3
21.529,5.3,5.3
21.539,5.3,5.3
21.559,5.3,5.3
21.599,5.3,5.3
21.621,5.3,5.3
21.64,5.3,5.3
21.659,5.3,5.3
21.671,5.3,5.3
21.689,5.3,5.3
21.689,5.3,5.3
21.71,5.3,5.3
21.72,5.3,5.3
21.73,5.3,5.3
21.771,5.3,5.3
21.79,5.3,5.3
21.799,5.3,5.3
21.83,5.3,5.3
21.849,5.3,5.3
21.872,5.3,5.3
21.909,5.3,5.3
21.939,5.3,5.3
21.949,5.3,5.3
21.979,5.3,5.3
22.021,5.3,5.3
22.071,5.3,5.3
22.099,5.3,5.3
22.109,5.3,5.3
22.15,5.3,5.3
22.189,5.3,5.3
22.199,5.3,5.3
22.229,5.3,5.3
22.25,5.3,5.3
22.259,5.3,5.3
22.289,5.3,5.3
22.321,5.3,5.3
22.371,5.3,5.3
22.389,5.3,5.3
22.421,5.3,5.3
22.439,5.3,5.3
22.46,5.3,5.3
22.48,5.3,5.3
22.51,5.3,5.3
22.521,5.3,5.3
22.56,5.3,5.3
22.579,5.3,5.3
22.599,5.3,5.3
22.609,5.3,5.3
22.63,5.3,5.3
22.65,5.3,5.3
22.67,5.3,5.3
22.7,5.3,5.3
22.72,5.3,5.3
22.76,5.3,5.3
22.799,5.3,5.3
22.799,5.3,5.3
22.83,5.3,5.3
22.88,5.3,5.3
22.899,5.3,5.3
22.91,5.3,5.3
22.979,5.3,5.3
23.021,5.3,5.3
23.039,5.3,5.3
23.071,5.3,5.3
23.09,5.3,5.3
23.129,5.3,5.3
23.139,5.3,5.3
23.159,5.3,5.3
23.21,5.3,5.3
23.25,5.3,5.3
23.259,5.3,5.3
23.279,5.3,5.3
23.3,5.3,5.3
23.359,5.3,5.3
23.371,5.3,5.3
23.399,5.3,5.3
23.429,5.3,5.3
23.429,5.3,5.3
23.45,5.3,5.3
23.479,5.3,5.3
23.499,5.3,5.3
23.53,5.3,5.3
23.539,5.3,5.3
23.56,5.3,5.3
23.571,5.3,5.3
23.609,5.3,5.3
23.63,5.3,5.3
23.649,5.3,5.3
23.659,5.3,5.3
23.689,5.3,5.3
23.749,5.3,5.3
23.78,5.3,5.3
23.809,5.3,5.3
23.849,5.3,5.3
23.87,5.3,5.3
23.889,5.3,5.3
23.92,5.3,5.3
23.949,5.3,5.3
23.971,5.3,5.3
23.989,5.3,5.3
24.039,5.3,5.3
24.07,5.3,5.3
24.109,5.3,5.3
24.12,5.3,5.3
24.159,5.3,5.3
24.179,5.3,5.3
24.209,5.3,5.3
24.24,5.3,5.3
24.249,5.3,5.3
24.26,5.3,5.3
24.29,5.3,5.3
24.31,5.3,5.3
24.32,5.3,5.3
24.33,5.3,5.3
24.371,5.3,5.3
24.379,5.3,5.3
24.4,5.3,5.3
24.43,5.3,5.3
24.471,5.3,5.3
24.479,5.3,5.3
24.521,5.3,5.3
24.539,5.3,5.3
24.58,5.3,5.3
24.599,5.3,5.3
24.621,5.3,5.3
24.639,5.3,5.3
24.659,5.3,5.3
24.671,5.3,5.3
24.69,5.3,5.3
24.709,5.3,5.3
24.739,5.3,5.3
24.747,5.3,5.3
24.78,5.3,5.3
24.79,5.3,5.3
24.829,5.3,5.3
24.85,5.3,5.3
24.87,5.3,5.3
24.91,5.3,5.3
24.929,5.3,5.3
24.96,5.3,5.3
24.96,5.3,5.3
24.96,5.3,5.3
24.96,5.3,5.3
24.96,12.0,5.433
24.96,12.0,5.563
24.97,12.0,5.815
24.97,12.0,5.938
24.97,12.0,6.058
24.989,12.0,6.175
25.01,12.0,8.096
25.01,12.0,8.249
25.049,12.0,9.276
25.06,12.0,11.056
25.09,12.0,11.163
25.109,12.0,11.601
25.129,12.0,11.609
25.149,12.0,11.809
25.16,12.0,11.824
25.171,12.0,11.856
25.199,12.0,11.884
25.22,12.0,11.95
25.25,12.0,11.969
25.259,12.0,11.973
25.299,12.0,11.987
25.33,12.0,11.993
25.34,12.0,11.994
25.349,12.0,11.996
25.37,12.0,11.997
25.4,12.0,11.998
25.439,12.0,11.999
25.45,12.0,12.0
25.471,12.0,12.0
25.499,12.0,12.0
25.521,12.0,12.0
25.529,12.0,12.0
25.55,12.0,12.0
25.56,12.0,12.0
25.589,12.0,12.0
25.599,12.0,12.0
25.609,12.0,12.0
25.639,12.0,12.0
25.66,12.0,12.0
25.679,12.0,12.0
25.679,12.0,12.0
25.699,12.0,12.0
25.74,12.0,12.0
25.75,12.0,12.0
25.771,12.0,12.0
25.81,12.0,12.0
25.839,12.0,12.0
25.859,12.0,12.0
25.89,12.0,12.0
25.899,12.0,12.0
25.922,12.0,12.0
25.94,12.0,12.0
25.96,12.0,12.0
25.96,12.0,12.0
25.99,12.0,12.0
25.999,12.0,12.0
26.01,12.0,12.0
26.03,12.0,12.0
26.059,12.0,12.0
26.079,12.0,12.0
26.11,12.0,12.0
26.14,12.0,12.0
26.16,12.0,12.0
26.18,12.0,12.0
26.189,12.0,12.0
26.2,12.0,12.0
26.229,12.0,12.0
26.26,12.0,12.0
26.3,12.0,12.0
26.32,12.0,12.0
26.339,12.0,12.0
26.349,12.0,12.0
26.389,12.0,12.0
26.4,12.0,12.0
26.43,12.0,12.0
26.449,12.0,12.0
26.46,12.0,12.0
26.471,12.0,12.0
26.479,12.0,12.0
26.509,12.0,12.0
26.53,12.0,12.0
26.577,12.0,12.0
26.6,12.0,12.0
26.621,12.0,12.0
26.64,12.0,12.0
26.671,12.0,12.0
26.689,12.0,12.0
26.722,12.0,12.0
26.739,12.0,12.0
26.749,12.0,12.0
26.771,12.0,12.0
26.789,12.0,12.0
26.83,12.0,12.0
26.859,12.0,12.0
26.88,12.0,12.0
26.91,12.0,12.0
26.93,12.0,12.0
26.93,12.0,12.0
26.96,12.0,12.0
26.99,12.0,12.0
27.022,12.0,12.0
27.029,12.0,12.0
27.049,12.0,12.0
27.071,12.0,12.0
27.088,12.0,12.0
27.121,12.0,12.0
27.149,12.0,12.0
27.179,12.0,12.0
27.21,12.0,12.0
27.259,12.0,12.0
27.271,12.0,12.0
27.289,12.0,12.0
27.3,12.0,12.0
27.309,12.0,12.0
27.349,12.0,12.0
27.389,12.0,12.0
27.389,12.0,12.0
27.421,12.0,12.0
27.439,12.0,12.0
27.479,12.0,12.0
27.509,12.0,12.0
27.529,12.0,12.0
27.559,12.0,12.0
27.589,12.0,12.0
27.599,12.0,12.0
27.61,12.0,12.0
27.629,12.0,12.0
27.649,12.0,12.0
27.68,12.0,12.0
27.709,12.0,12.0
27.73,12.0,12.0
27.759,12.0,12.0
27.79,12.0,12.0
27.809,12.0,12.0
27.829,12.0,12.0
27.849,12.0,12.0
27.849,12.0,12.0
27.871,12.0,12.0
27.889,12.0,12.0
27.909,12.0,12.0
27.949,12.0,12.0
27.971,12.0,12.0
27.99,12.0,12.0
28.0,12.0,12.0
28.04,12.0,12.0
28.079,12.0,12.0
28.13,12.0,12.0
28.159,12.0,12.0
28.17,12.0,12.0
28.22,12.0,12.0
28.239,12.0,12.0
28.26,12.0,12.0
28.279,12.0,12.0
28.299,12.0,12.0
28.329,12.0,12.0
28.329,12.0,12.0
28.329,12.0,12.0
28.359,12.0,12.0
28.389,12.0,12.0
28.41,12.0,12.0
28.429,12.0,12.0
28.459,12.0,12.0
28.479,12.0,12.0
28.499,12.0,12.0
28.509,12.0,12.0
28.521,12.0,12.0
28.549,12.0,12.0
28.549,12.0,12.0
28.59,12.0,12.0
28.609,12.0,12.0
28.62,12.0,12.0
28.63,12.0,12.0
28.649,12.0,12.0
28.679,12.0,12.0
28.699,12.0,12.0
28.721,12.0,12.0
28.74,12.0,12.0
28.759,12.0,12.0
28.79,12.0,12.0
28.81,12.0,12.0
28.86,12.0,12.0
28.879,12.0,12.0
28.9,12.0,12.0
28.921,12.0,12.0
28.94,12.0,12.0
28.949,12.0,12.0
28.989,12.0,12.0
28.999,12.0,12.0
28.999,12.0,12.0
29.007,12.0,12.0
29.007,12.0,12.0
29.03,12.0,12.0
29.039,12.0,12.0
29.07,12.0,12.0
29.1,12.0,12.0
29.12,12.0,12.0
29.138,12.0,12.0
29.149,12.0,12.0
29.17,12.0,12.0
29.2,12.0,12.0
29.21,12.0,12.0
29.23,12.0,12.0
29.24,12.0,12.0
29.259,12.0,12.0
29.28,12.0,12.0
29.299,12.0,12.0
29.34,12.0,12.0
29.359,12.0,12.0
29.389,12.0,12.0
29.421,12.0,12.0
29.449,12.0,12.0
29.47,12.0,12.0
29.49,12.0,12.0
29.521,12.0,12.0
29.549,12.0,12.0
29.589,12.0,12.0
29.629,12.0,12.0
29.639,12.0,12.0
29.649,12.0,12.0
29.679,12.0,12.0
29.689,12.0,12.0
29.71,12.0,12.0
29.71,12.0,12.0
29.739,12.0,12.0
29.749,12.0,12.0
29.759,12.0,12.0
29.799,12.0,12.0
29.829,12.0,12.0
29.85,12.0,12.0
29.871,12.0,12.0
29.899,12.0,12.0
29.899,12.0,12.0
29.921,12.0,12.0
29.94,12.0,12.0
29.95,12.0,12.0
29.95,0.0,11.92
29.95,0.0,11.841
29.95,0.0,11.762
29.95,0.0,11.684
29.959,0.0,11.607
29.959,0.0,11.529
29.959,0.0,11.453
29.959,0.0,11.377
29.959,0.0,11.301
29.959,0.0,11.226
29.959,0.0,11.151
29.959,0.0,11.077
29.959,0.0,11.004
29.959,0.0,10.931
29.959,0.0,10.858
29.959,0.0,10.786
29.971,0.0,10.643
29.971,0.0,10.572
29.971,0.0,10.502
29.971,0.0,10.432
29.971,0.0,10.363
29.971,0.0,10.294
29.971,0.0,10.226
29.98,0.0,10.158
29.98,0.0,10.023
29.98,0.0,9.957
29.98,0.0,9.89
29.98,0.0,9.825
29.98,0.0,9.759
29.98,0.0,9.695
29.98,0.0,9.63
29.989,0.0,9.566
29.989,0.0,9.44
29.989,0.0,9.377
29.989,0.0,9.315
29.989,0.0,9.191
29.989,0.0,9.13
29.989,0.0,9.069
29.989,0.0,9.009
29.989,0.0,8.949
30.0,0.0,8.89
30.0,0.0,8.772
30.0,0.0,8.714
30.0,0.0,8.598
30.0,0.0,8.541
30.0,0.0,8.484
30.0,0.0,8.428
30.0,0.0,8.372
30.009,0.0,8.316
30.009,0.0,8.261
30.009,0.0,8.152
30.009,0.0,8.098
30.009,0.0,8.044
30.009,0.0,7.99
30.009,0.0,7.937
30.009,0.0,7.832
30.009,0.0,7.78
30.009,0.0,7.728
30.021,0.0,7.677
30.021,0.0,7.626
30.021,0.0,7.575
30.021,0.0,7.525
30.021,0.0,7.475
30.021,0.0,7.425
30.021,0.0,7.376
30.03,0.0,7.327
30.03,0.0,7.134
30.03,0.0,7.087
30.03,0.0,7.04
30.03,0.0,6.993
30.03,0.0,6.947
30.03,0.0,6.9
30.03,0.0,6.855
30.039,0.0,6.719
30.039,0.0,6.63
30.039,0.0,6.586
30.039,0.0,6.542
30.039,0.0,6.499
30.039,0.0,6.455
30.049,0.0,6.412
30.049,0.0,6.244
30.049,0.0,6.202
30.049,0.0,6.161
30.049,0.0,6.12
30.049,0.0,6.079
30.049,0.0,6.039
30.049,0.0,5.999
30.059,0.0,5.959
30.059,0.0,5.919
30.059,0.0,5.88
30.059,0.0,5.841
30.059,0.0,5.802
30.059,0.0,5.764
30.059,0.0,5.725
30.059,0.0,5.687
30.059,0.0,5.65
30.059,0.0,5.612
30.069,0.0,5.575
30.069,0.0,5.538
30.069,0.0,5.428
30.069,0.0,5.392
30.069,0.0,5.356
30.069,0.0,5.285
30.079,0.0,5.215
30.079,0.0,5.146
30.079,0.0,5.112
30.079,0.0,5.078
30.079,0.0,5.044
30.079,0.0,5.011
30.079,0.0,4.977
30.089,0.0,4.911
30.089,0.0,4.846
30.089,0.0,4.814
30.089,0.0,4.782
30.089,0.0,4.75
30.089,0.0,4.719
30.089,0.0,4.688
30.089,0.0,4.656
30.089,0.0,4.625
30.089,0.0,4.595
30.099,0.0,4.564
30.099,0.0,4.504
30.099,0.0,4.444
30.099,0.0,4.415
30.099,0.0,4.385
30.099,0.0,4.356
30.099,0.0,4.327
30.099,0.0,4.298
30.109,0.0,4.27
30.109,0.0,4.213
30.109,0.0,4.185
30.109,0.0,4.157
30.109,0.0,4.13
30.109,0.0,4.075
30.109,0.0,4.048
30.109,0.0,4.021
30.109,0.0,3.994
30.109,0.0,3.968
30.12,0.0,3.915
30.12,0.0,3.889
30.12,0.0,3.838
30.12,0.0,3.812
30.12,0.0,3.787
30.129,0.0,3.762
30.129,0.0,3.737
30.129,0.0,3.687
30.129,0.0,3.639
30.129,0.0,3.614
30.129,0.0,3.59
30.129,0.0,3.566
30.129,0.0,3.543
30.129,0.0,3.519
30.139,0.0,3.496
30.139,0.0,3.473
30.139,0.0,3.381
30.139,0.0,3.359
30.139,0.0,3.336
30.139,0.0,3.314
30.139,0.0,3.292
30.149,0.0,3.227
30.149,0.0,3.184
30.149,0.0,3.163
30.149,0.0,3.142
30.149,0.0,3.121
30.16,0.0,3.08
30.16,0.0,3.019
30.16,0.0,2.979
30.16,0.0,2.959
30.16,0.0,2.94
30.16,0.0,2.901
30.16,0.0,2.881
30.16,0.0,2.862
30.16,0.0,2.843
30.171,0.0,2.824
30.171,0.0,2.805
30.171,0.0,2.787
30.171,0.0,2.768
30.171,0.0,2.75
30.171,0.0,2.732
30.171,0.0,2.714
30.171,0.0,2.695
30.179,0.0,2.678
30.179,0.0,2.66
30.179,0.0,2.625
30.179,0.0,2.59
30.179,0.0,2.573
30.179,0.0,2.555
30.179,0.0,2.538
30.179,0.0,2.522
30.189,0.0,2.505
30.189,0.0,2.488
30.189,0.0,2.455
30.189,0.0,2.439
30.189,0.0,2.423
30.189,0.0,2.407
30.189,0.0,2.391
30.189,0.0,2.375
30.189,0.0,2.359
30.2,0.0,2.297
30.2,0.0,2.267
30.2,0.0,2.251
30.2,0.0,2.236
30.209,0.0,2.222
30.209,0.0,2.149
30.209,0.0,2.135
30.209,0.0,2.12
30.209,0.0,2.092
30.209,0.0,2.078
30.209,0.0,2.065
30.209,0.0,2.051
30.221,0.0,2.037
30.221,0.0,1.984
30.221,0.0,1.97
30.221,0.0,1.957
30.221,0.0,1.944
30.221,0.0,1.931
30.221,0.0,1.919
30.23,0.0,1.906
30.23,0.0,1.893
30.23,0.0,1.881
30.23,0.0,1.868
30.23,0.0,1.856
30.23,0.0,1.831
30.239,0.0,1.819
30.239,0.0,1.807
30.239,0.0,1.759
30.239,0.0,1.748
30.239,0.0,1.724
30.239,0.0,1.713
30.239,0.0,1.702
30.239,0.0,1.69
30.25,0.0,1.646
30.25,0.0,1.635
30.25,0.0,1.624
30.25,0.0,1.613
30.25,0.0,1.603
30.25,0.0,1.592
30.25,0.0,1.581
30.25,0.0,1.571
30.259,0.0,1.55
30.259,0.0,1.54
30.259,0.0,1.519
30.259,0.0,1.509
30.259,0.0,1.499
30.259,0.0,1.489
30.259,0.0,1.479
30.259,0.0,1.469
30.271,0.0,1.46
30.271,0.0,1.44
30.271,0.0,1.431
30.271,0.0,1.421
30.271,0.0,1.412
30.271,0.0,1.393
30.28,0.0,1.384
30.28,0.0,1.366
30.28,0.0,1.339
30.28,0.0,1.321
30.28,0.0,1.312
30.28,0.0,1.303
30.28,0.0,1.295
30.28,0.0,1.286
30.29,0.0,1.278
30.29,0.0,1.269
30.29,0.0,1.236
30.29,0.0,1.211
30.299,0.0,1.203
30.299,0.0,1.195
30.299,0.0,1.179
30.299,0.0,1.171
30.299,0.0,1.164
30.299,0.0,1.156
30.299,0.0,1.148
30.299,0.0,1.141
30.299,0.0,1.133
30.299,0.0,1.126
30.31,0.0,1.118
30.31,0.0,1.111
30.31,0.0,1.103
30.31,0.0,1.096
30.31,0.0,1.074
30.31,0.0,1.06
30.31,0.0,1.053
30.31,0.0,1.046
30.321,0.0,1.039
30.321,0.0,1.032
30.321,0.0,1.025
30.321,0.0,1.018
30.321,0.0,1.012
30.321,0.0,1.005
30.321,0.0,0.998
30.329,0.0,0.992
30.329,0.0,0.985
30.329,0.0,0.978
30.329,0.0,0.972
30.329,0.0,0.953
30.329,0.0,0.946
30.329,0.0,0.94
30.329,0.0,0.934
30.329,0.0,0.928
30.339,0.0,0.921
30.339,0.0,0.909
30.339,0.0,0.903
30.339,0.0,0.897
30.339,0.0,0.891
30.339,0.0,0.885
30.339,0.0,0.879
30.339,0.0,0.874
30.339,0.0,0.868
30.35,0.0,0.862
30.35,0.0,0.856
30.35,0.0,0.839
30.35,0.0,0.828
30.35,0.0,0.823
30.35,0.0,0.817
30.35,0.0,0.812
30.36,0.0,0.801
30.36,0.0,0.79
30.36,0.0,0.785
30.36,0.0,0.78
30.36,0.0,0.775
30.36,0.0,0.765
30.36,0.0,0.76
30.37,0.0,0.749
30.37,0.0,0.74
30.37,0.0,0.73
30.37,0.0,0.725
30.37,0.0,0.72
30.37,0.0,0.715
30.37,0.0,0.711
30.38,0.0,0.696
30.38,0.0,0.692
30.38,0.0,0.687
30.38,0.0,0.683
30.38,0.0,0.678
30.409,0.0,0.533
30.421,0.0,0.526
30.421,0.0,0.516
30.421,0.0,0.513
30.421,0.0,0.509
30.428,0.0,0.506
30.428,0.0,0.502
30.428,0.0,0.499
30.428,0.0,0.492
30.428,0.0,0.486
30.428,0.0,0.483
30.428,0.0,0.479
30.428,0.0,0.476
30.44,0.0,0.473
30.44,0.0,0.47
30.44,0.0,0.461
30.44,0.0,0.452
30.44,0.0,0.449
30.44,0.0,0.443
30.449,0.0,0.437
30.449,0.0,0.431
30.449,0.0,0.428
30.449,0.0,0.425
30.449,0.0,0.422
30.449,0.0,0.42
30.449,0.0,0.417
30.459,0.0,0.411
30.459,0.0,0.406
30.459,0.0,0.403
30.459,0.0,0.4
30.459,0.0,0.398
30.459,0.0,0.393
30.459,0.0,0.385
30.471,0.0,0.38
30.471,0.0,0.375
30.471,0.0,0.372
30.471,0.0,0.37
30.471,0.0,0.367
30.479,0.0,0.362
30.479,0.0,0.36
30.479,0.0,0.358
30.479,0.0,0.355
30.479,0.0,0.353
30.479,0.0,0.35
30.479,0.0,0.346
30.479,0.0,0.344
30.479,0.0,0.341
30.489,0.0,0.339
30.489,0.0,0.337
30.489,0.0,0.332
30.489,0.0,0.33
30.489,0.0,0.328
30.489,0.0,0.326
30.489,0.0,0.324
30.489,0.0,0.321
30.489,0.0,0.319
30.499,0.0,0.317
30.499,0.0,0.313
30.499,0.0,0.311
30.499,0.0,0.309
30.499,0.0,0.307
30.499,0.0,0.305
30.499,0.0,0.303
30.509,0.0,0.299
30.509,0.0,0.297
30.509,0.0,0.293
30.509,0.0,0.291
30.509,0.0,0.287
30.509,0.0,0.285
30.509,0.0,0.283
30.509,0.0,0.281
30.509,0.0,0.279
30.521,0.0,0.276
30.521,0.0,0.272
30.521,0.0,0.27
30.521,0.0,0.268
30.521,0.0,0.267
30.521,0.0,0.265
30.521,0.0,0.263
30.521,0.0,0.261
30.529,0.0,0.26
30.529,0.0,0.256
30.529,0.0,0.255
30.529,0.0,0.253
30.529,0.0,0.251
30.529,0.0,0.249
30.529,0.0,0.248
30.529,0.0,0.246
30.529,0.0,0.245
30.529,0.0,0.243
30.54,0.0,0.241
30.54,0.0,0.24
30.54,0.0,0.238
30.54,0.0,0.237
30.54,0.0,0.235
30.54,0.0,0.233
30.54,0.0,0.232
30.54,0.0,0.23
30.549,0.0,0.229
30.549,0.0,0.227
30.549,0.0,0.224
30.549,0.0,0.223
30.549,0.0,0.221
30.549,0.0,0.22
30.549,0.0,0.218
30.549,0.0,0.217
30.549,0.0,0.215
30.549,0.0,0.214
30.558,0.0,0.213
30.558,0.0,0.211
30.558,0.0,0.21
30.558,0.0,0.208
30.558,0.0,0.207
30.558,0.0,0.206
30.558,0.0,0.203
30.558,0.0,0.2
30.558,0.0,0.199
30.558,0.0,0.198
30.571,0.0,0.196
30.571,0.0,0.194
30.571,0.0,0.192
30.571,0.0,0.191
30.571,0.0,0.19
30.571,0.0,0.189
30.571,0.0,0.187
30.58,0.0,0.184
30.58,0.0,0.182
30.58,0.0,0.181
30.58,0.0,0.18
30.58,0.0,0.179
30.58,0.0,0.178
30.58,0.0,0.176
30.58,0.0,0.175
30.589,0.0,0.173
30.589,0.0,0.172
30.589,0.0,0.171
30.589,0.0,0.169
30.589,0.0,0.168
30.589,0.0,0.167
30.589,0.0,0.165
30.589,0.0,0.164
30.599,0.0,0.163
30.599,0.0,0.157
30.599,0.0,0.156
30.599,0.0,0.154
30.599,0.0,0.153
30.609,0.0,0.152
30.609,0.0,0.15
30.609,0.0,0.148
30.609,0.0,0.147
30.609,0.0,0.146
30.609,0.0,0.144
30.609,0.0,0.143
30.609,0.0,0.142
30.62,0.0,0.141
30.62,0.0,0.138
30.62,0.0,0.137
30.62,0.0,0.136
30.62,0.0,0.135
30.63,0.0,0.134
30.63,0.0,0.132
30.63,0.0,0.131
30.63,0.0,0.13
30.63,0.0,0.129
30.63,0.0,0.128
30.63,0.0,0.127
30.63,0.0,0.126
30.63,0.0,0.126
30.63,0.0,0.125
30.639,0.0,0.122
30.639,0.0,0.121
30.639,0.0,0.121
30.639,0.0,0.12
30.639,0.0,0.119
30.639,0.0,0.118
30.649,0.0,0.117
30.649,0.0,0.116
30.649,0.0,0.114
30.649,0.0,0.114
30.649,0.0,0.113
30.649,0.0,0.112
30.649,0.0,0.111
30.649,0.0,0.11
30.659,0.0,0.109
30.659,0.0,0.108
30.659,0.0,0.107
30.659,0.0,0.106
30.659,0.0,0.104
30.659,0.0,0.103
30.659,0.0,0.103
30.659,0.0,0.101
30.672,0.0,0.1
30.672,0.0,0.098
30.672,0.0,0.097
30.672,0.0,0.096
30.68,0.0,0.096
30.68,0.0,0.092
30.68,0.0,0.092
30.68,0.0,0.091
30.68,0.0,0.091
30.68,0.0,0.09
30.688,0.0,0.089
30.688,0.0,0.089
30.688,0.0,0.088
30.688,0.0,0.087
30.688,0.0,0.086
30.688,0.0,0.086
30.688,0.0,0.085
30.688,0.0,0.085
30.688,0.0,0.084
30.699,0.0,0.084
30.699,0.0,0.083
30.699,0.0,0.081
30.699,0.0,0.081
30.699,0.0,0.08
30.699,0.0,0.079
30.709,0.0,0.078
30.709,0.0,0.077
30.709,0.0,0.076
30.709,0.0,0.076
30.709,0.0,0.075
30.709,0.0,0.075
30.709,0.0,0.074
30.709,0.0,0.074
30.709,0.0,0.073
30.721,0.0,0.073
30.721,0.0,0.071
30.721,0.0,0.07
30.721,0.0,0.07
30.721,0.0,0.069
30.721,0.0,0.069
30.729,0.0,0.068
30.729,0.0,0.067
30.729,0.0,0.067
30.729,0.0,0.066
30.729,0.0,0.066
30.729,0.0,0.065
30.729,0.0,0.065
30.729,0.0,0.064
30.729,0.0,0.064
30.74,0.0,0.064
30.74,0.0,0.063
30.74,0.0,0.063
30.74,0.0,0.062
30.74,0.0,0.062
30.74,0.0,0.062
30.74,0.0,0.061
30.74,0.0,0.06
30.74,0.0,0.06
30.749,0.0,0.059
30.749,0.0,0.058
30.749,0.0,0.058
30.749,0.0,0.058
30.749,0.0,0.057
30.749,0.0,0.057
30.749,0.0,0.056
30.749,0.0,0.056
30.76,0.0,0.056
30.76,0.0,0.055
30.76,0.0,0.055
30.76,0.0,0.054
30.76,0.0,0.053
30.76,0.0,0.053
30.771,0.0,0.052
30.771,0.0,0.051
30.771,0.0,0.051
30.771,0.0,0.05
30.771,0.0,0.05
30.771,0.0,0.05
30.78,0.0,0.049
30.78,0.0,0.049
30.78,0.0,0.048
30.78,0.0,0.048
30.78,0.0,0.047
30.78,0.0,0.047
30.789,0.0,0.046
30.789,0.0,0.046
30.789,0.0,0.045
30.789,0.0,0.044
30.789,0.0,0.044
30.789,0.0,0.044
30.789,0.0,0.043
30.798,0.0,0.043
30.798,0.0,0.042
30.798,0.0,0.042
30.798,0.0,0.042
30.798,0.0,0.041
30.798,0.0,0.041
30.798,0.0,0.041
30.798,0.0,0.04
30.81,0.0,0.04
30.81,0.0,0.04
30.81,0.0,0.04
30.81,0.0,0.039
30.81,0.0,0.039
30.81,0.0,0.039
30.81,0.0,0.039
30.81,0.0,0.038
30.81,0.0,0.038
30.81,0.0,0.038
30.81,0.0,0.038
30.81,0.0,0.037
30.821,0.0,0.037
30.821,0.0,0.036
30.821,0.0,0.036
30.821,0.0,0.036
30.821,0.0,0.036
30.83,0.0,0.035
30.83,0.0,0.034
30.83,0.0,0.034
30.83,0.0,0.034
30.83,0.0,0.034
30.83,0.0,0.034
30.83,0.0,0.033
30.83,0.0,0.033
30.839,0.0,0.033
30.839,0.0,0.033
30.839,0.0,0.032
30.839,0.0,0.032
30.839,0.0,0.032
30.839,0.0,0.031
30.839,0.0,0.031
30.849,0.0,0.031
30.849,0.0,0.031
30.849,0.0,0.03
30.849,0.0,0.03
30.849,0.0,0.03
30.849,0.0,0.03
30.849,0.0,0.03
30.849,0.0,0.029
30.849,0.0,0.029
30.849,0.0,0.029
30.849,0.0,0.029
30.856,0.0,0.028
30.856,0.0,0.028
30.856,0.0,0.028
30.856,0.0,0.028
30.856,0.0,0.027
30.856,0.0,0.027
30.856,0.0,0.027
30.856,0.0,0.027
30.87,0.0,0.027
30.87,0.0,0.026
30.87,0.0,0.026
30.87,0.0,0.026
30.87,0.0,0.026
30.87,0.0,0.026
30.87,0.0,0.025
30.879,0.0,0.025
30.879,0.0,0.025
30.879,0.0,0.025
30.879,0.0,0.025
30.879,0.0,0.024
30.879,0.0,0.024
30.879,0.0,0.024
30.879,0.0,0.024
30.879,0.0,0.024
30.889,0.0,0.023
30.889,0.0,0.023
30.889,0.0,0.023
30.889,0.0,0.022
30.9,0.0,0.022
30.9,0.0,0.022
30.9,0.0,0.021
30.9,0.0,0.021
30.9,0.0,0.021
30.9,0.0,0.021
30.9,0.0,0.021
30.9,0.0,0.021
30.909,0.0,0.021
30.909,0.0,0.02
30.909,0.0,0.02
30.909,0.0,0.02
30.909,0.0,0.02
30.909,0.0,0.02
30.909,0.0,0.02
30.909,0.0,0.02
30.909,0.0,0.02
30.909,0.0,0.019
30.909,0.0,0.019
30.909,0.0,0.019
30.922,0.0,0.019
30.922,0.0,0.019
30.922,0.0,0.018
30.93,0.0,0.018
30.93,0.0,0.018
30.93,0.0,0.017
30.93,0.0,0.017
30.93,0.0,0.017
30.939,0.0,0.017
30.939,0.0,0.017
30.939,0.0,0.017
30.939,0.0,0.016
30.939,0.0,0.016
30.939,0.0,0.016
30.939,0.0,0.016
30.939,0.0,0.016
30.95,0.0,0.015
30.95,0.0,0.015
30.95,0.0,0.015
30.95,0.0,0.015
30.95,0.0,0.015
30.95,0.0,0.015
30.96,0.0,0.015
30.96,0.0,0.015
30.96,0.0,0.014
30.96,0.0,0.014
30.96,0.0,0.014
30.96,0.0,0.014
30.96,0.0,0.014
30.971,0.0,0.014
30.971,0.0,0.014
30.971,0.0,0.014
30.971,0.0,0.013
30.971,0.0,0.013
30.971,0.0,0.013
30.971,0.0,0.013
30.971,0.0,0.013
30.971,0.0,0.013
30.979,0.0,0.013
30.979,0.0,0.013
30.979,0.0,0.013
30.979,0.0,0.013
30.979,0.0,0.012
30.979,0.0,0.012
30.979,0.0,0.012
30.989,0.0,0.012
30.989,0.0,0.012
30.989,0.0,0.012
30.989,0.0,0.012
30.989,0.0,0.012
30.989,0.0,0.012
30.989,0.0,0.011
30.999,0.0,0.011
30.999,0.0,0.011
30.999,0.0,0.011
30.999,0.0,0.011
30.999,0.0,0.011
30.999,0.0,0.011
30.999,0.0,0.011
30.999,0.0,0.011
30.999,0.0,0.011
30.999,0.0,0.011
30.999,0.0,0.011
31.01,0.0,0.011
31.01,0.0,0.01
31.01,0.0,0.01
31.01,0.0,0.01
31.01,0.0,0.01
31.01,0.0,0.01
31.01,0.0,0.01
31.01,0.0,0.01
31.01,0.0,0.01
31.01,0.0,0.01
31.01,0.0,0.01
31.022,0.0,0.01
31.022,0.0,0.01
31.022,0.0,0.009
31.022,0.0,0.009
31.03,0.0,0.009
31.03,0.0,0.009
31.03,0.0,0.009
31.03,0.0,0.009
31.03,0.0,0.009
31.03,0.0,0.009
31.03,0.0,0.009
31.039,0.0,0.009
31.039,0.0,0.009
31.039,0.0,0.008
31.039,0.0,0.008
31.039,0.0,0.008
31.039,0.0,0.008
31.039,0.0,0.008
31.039,0.0,0.008
31.049,0.0,0.008
31.049,0.0,0.008
31.049,0.0,0.008
31.049,0.0,0.008
31.049,0.0,0.008
31.049,0.0,0.008
31.049,0.0,0.008
31.049,0.0,0.008
31.059,0.0,0.008
31.059,0.0,0.007
31.059,0.0,0.007
31.059,0.0,0.007
31.059,0.0,0.007
31.071,0.0,0.007
31.071,0.0,0.007
31.071,0.0,0.007
31.071,0.0,0.007
31.071,0.0,0.007
31.071,0.0,0.007
31.071,0.0,0.007
31.079,0.0,0.007
31.079,0.0,0.007
31.079,0.0,0.006
31.079,0.0,0.006
31.079,0.0,0.006
31.09,0.0,0.006
31.09,0.0,0.006
31.09,0.0,0.006
31.09,0.0,0.006
31.09,0.0,0.006
31.09,0.0,0.006
31.09,0.0,0.006
31.099,0.0,0.006
31.099,0.0,0.006
31.099,0.0,0.006
31.099,0.0,0.006
31.099,0.0,0.006
31.109,0.0,0.006
31.109,0.0,0.005
31.109,0.0,0.005
31.109,0.0,0.005
31.109,0.0,0.005
31.109,0.0,0.005
31.109,0.0,0.005
31.109,0.0,0.005
31.109,0.0,0.005
31.121,0.0,0.005
31.121,0.0,0.005
31.121,0.0,0.005
31.121,0.0,0.005
31.121,0.0,0.005
31.129,0.0,0.005
31.129,0.0,0.005
31.129,0.0,0.005
31.129,0.0,0.005
31.129,0.0,0.005
31.129,0.0,0.005
31.129,0.0,0.005
31.129,0.0,0.005
31.14,0.0,0.004
31.14,0.0,0.004
31.14,0.0,0.004
31.14,0.0,0.004
31.14,0.0,0.004
31.14,0.0,0.004
31.14,0.0,0.004
31.14,0.0,0.004
31.14,0.0,0.004
31.15,0.0,0.004
31.15,0.0,0.004
31.15,0.0,0.004
31.15,0.0,0.004
31.15,0.0,0.004
31.15,0.0,0.004
31.15,0.0,0.004
31.15,0.0,0.004
31.16,0.0,0.004
31.16,0.0,0.004
31.16,0.0,0.004
31.16,0.0,0.004
31.16,0.0,0.004
31.16,0.0,0.004
31.16,0.0,0.004
31.16,0.0,0.004
31.16,0.0,0.004
31.17,0.0,0.004
31.17,0.0,0.004
31.17,0.0,0.004
31.17,0.0,0.003
31.17,0.0,0.003
31.17,0.0,0.003
31.179,0.0,0.003
31.179,0.0,0.003
31.179,0.0,0.003
31.179,0.0,0.003
31.179,0.0,0.003
31.179,0.0,0.003
31.189,0.0,0.003
31.189,0.0,0.003
31.189,0.0,0.003
31.189,0.0,0.003
31.189,0.0,0.003
31.189,0.0,0.003
31.189,0.0,0.003
31.199,0.0,0.003
31.199,0.0,0.003
31.199,0.0,0.003
31.199,0.0,0.003
31.199,0.0,0.003
31.199,0.0,0.003
31.199,0.0,0.003
31.199,0.0,0.003
31.21,0.0,0.003
31.21,0.0,0.003
31.21,0.0,0.003
31.21,0.0,0.003
31.21,0.0,0.003
31.21,0.0,0.003
31.21,0.0,0.003
31.21,0.0,0.003
31.21,0.0,0.003
31.22,0.0,0.003
31.22,0.0,0.003
31.22,0.0,0.003
31.22,0.0,0.003
31.22,0.0,0.003
31.22,0.0,0.002
31.22,0.0,0.002
31.229,0.0,0.002
31.229,0.0,0.002
31.229,0.0,0.002
31.229,0.0,0.002
31.229,0.0,0.002
31.229,0.0,0.002
31.24,0.0,0.002
31.24,0.0,0.002
31.24,0.0,0.002
31.24,0.0,0.002
31.24,0.0,0.002
31.24,0.0,0.002
31.24,0.0,0.002
31.24,0.0,0.002
31.249,0.0,0.002
31.249,0.0,0.002
31.249,0.0,0.002
31.249,0.0,0.002
31.249,0.0,0.002
31.249,0.0,0.002
31.249,0.0,0.002
31.249,0.0,0.002
31.249,0.0,0.002
31.249,0.0,0.002
31.26,0.0,0.002
31.26,0.0,0.002
31.26,0.0,0.002
31.26,0.0,0.002
31.26,0.0,0.002
31.26,0.0,0.002
31.26,0.0,0.002
31.26,0.0,0.002
31.26,0.0,0.002
31.271,0.0,0.002
31.271,0.0,0.002
31.271,0.0,0.002
31.271,0.0,0.002
31.271,0.0,0.002
31.271,0.0,0.002
31.271,0.0,0.002
31.271,0.0,0.002
31.271,0.0,0.002
31.28,0.0,0.002
31.28,0.0,0.002
31.28,0.0,0.002
31.28,0.0,0.002
31.28,0.0,0.002
31.28,0.0,0.002
31.28,0.0,0.002
31.28,0.0,0.002
31.29,0.0,0.002
31.29,0.0,0.002
31.29,0.0,0.002
31.29,0.0,0.002
31.29,0.0,0.002
31.29,0.0,0.002
31.29,0.0,0.002
31.29,0.0,0.002
31.3,0.0,0.002
31.3,0.0,0.002
31.3,0.0,0.002
31.3,0.0,0.001
31.3,0.0,0.001
31.3,0.0,0.001
31.3,0.0,0.001
31.3,0.0,0.001
31.31,0.0,0.001
31.31,0.0,0.001
31.31,0.0,0.001
31.31,0.0,0.001
31.31,0.0,0.001
31.31,0.0,0.001
31.31,0.0,0.001
31.31,0.0,0.001
31.31,0.0,0.001
31.31,0.0,0.001
31.321,0.0,0.001
31.321,0.0,0.001
31.321,0.0,0.001
31.321,0.0,0.001
31.321,0.0,0.001
31.33,0.0,0.001
31.33,0.0,0.001
31.33,0.0,0.001
31.33,0.0,0.001
31.33,0.0,0.001
31.33,0.0,0.001
31.33,0.0,0.001
31.33,0.0,0.001
31.33,0.0,0.001
31.33,0.0,0.001
31.339,0.0,0.001
31.339,0.0,0.001
31.339,0.0,0.001
31.339,0.0,0.001
31.339,0.0,0.001
31.339,0.0,0.001
31.339,0.0,0.001
31.339,0.0,0.001
31.339,0.0,0.001
31.35,0.0,0.001
31.35,0.0,0.001
31.35,0.0,0.001
31.35,0.0,0.001
31.35,0.0,0.001
31.35,0.0,0.001
31.36,0.0,0.001
31.36,0.0,0.001
31.36,0.0,0.001
31.36,0.0,0.001
31.36,0.0,0.001
31.36,0.0,0.001
31.36,0.0,0.001
31.36,0.0,0.001
31.36,0.0,0.001
31.371,0.0,0.001
31.371,0.0,0.001
31.371,0.0,0.001
31.371,0.0,0.001
31.371,0.0,0.001
31.38,0.0,0.001
31.38,0.0,0.001
31.38,0.0,0.001
31.38,0.0,0.001
31.38,0.0,0.001
31.38,0.0,0.001
31.38,0.0,0.001
31.38,0.0,0.001
31.38,0.0,0.001
31.38,0.0,0.001
31.389,0.0,0.001
31.389,0.0,0.001
31.389,0.0,0.001
31.389,0.0,0.001
31.389,0.0,0.001
31.389,0.0,0.001
31.389,0.0,0.001
31.399,0.0,0.001
31.399,0.0,0.001
31.399,0.0,0.001
31.399,0.0,0.001
31.399,0.0,0.001
31.399,0.0,0.001
31.399,0.0,0.001
31.409,0.0,0.001
31.409,0.0,0.001
31.409,0.0,0.001
31.409,0.0,0.001
31.409,0.0,0.001
31.409,0.0,0.001
31.409,0.0,0.001
31.409,0.0,0.001
31.409,0.0,0.001
31.409,0.0,0.001
31.409,0.0,0.001
31.421,0.0,0.001
31.421,0.0,0.001
31.421,0.0,0.001
31.421,0.0,0.001
31.421,0.0,0.001
31.421,0.0,0.001
31.421,0.0,0.001
31.429,0.0,0.001
31.429,0.0,0.001
31.429,0.0,0.001
31.429,0.0,0.001
31.439,0.0,0.001
31.439,0.0,0.001
31.439,0.0,0.001
31.439,0.0,0.001
31.439,0.0,0.001
31.439,0.0,0.001
31.439,0.0,0.001
31.449,0.0,0.001
31.449,0.0,0.001
31.449,0.0,0.001
31.449,0.0,0.001
31.449,0.0,0.001
31.449,0.0,0.001
31.449,0.0,0.001
31.449,0.0,0.001
31.449,0.0,0.001
31.449,0.0,0.001
31.458,0.0,0.001
31.458,0.0,0.001
31.458,0.0,0.001
31.458,0.0,0.0
31.471,0.0,0.0
31.471,0.0,0.0
31.471,0.0,0.0
31.471,0.0,0.0
31.471,0.0,0.0
31.471,0.0,0.0
31.471,0.0,0.0
31.471,0.0,0.0
31.471,0.0,0.0
31.48,0.0,0.0
31.48,0.0,0.0
31.48,0.0,0.0
31.48,0.0,0.0
31.48,0.0,0.0
31.48,0.0,0.0
31.48,0.0,0.0
31.49,0.0,0.0
31.49,0.0,0.0
31.49,0.0,0.0
31.49,0.0,0.0
31.49,0.0,0.0
31.49,0.0,0.0
31.499,0.0,0.0
31.499,0.0,0.0
31.499,0.0,0.0
31.499,0.0,0.0
31.499,0.0,0.0
31.499,0.0,0.0
31.499,0.0,0.0
31.509,0.0,0.0
31.509,0.0,0.0
31.509,0.0,0.0
31.509,0.0,0.0
31.509,0.0,0.0
31.509,0.0,0.0
31.509,0.0,0.0
31.509,0.0,0.0
31.509,0.0,0.0
31.521,0.0,0.0
31.521,0.0,0.0
31.521,0.0,0.0
31.521,0.0,0.0
31.521,0.0,0.0
31.521,0.0,0.0
31.521,0.0,0.0
31.521,0.0,0.0
31.53,0.0,0.0
31.53,0.0,0.0
31.53,0.0,0.0
31.53,0.0,0.0
31.53,0.0,0.0
31.53,0.0,0.0
31.539,0.0,0.0
31.539,0.0,0.0
31.539,0.0,0.0
31.539,0.0,0.0
31.539,0.0,0.0
31.539,0.0,0.0
31.539,0.0,0.0
31.55,0.0,0.0
31.55,0.0,0.0
31.55,0.0,0.0
31.55,0.0,0.0
31.55,0.0,0.0
31.55,0.0,0.0
31.55,0.0,0.0
31.56,0.0,0.0
31.56,0.0,0.0
31.56,0.0,0.0
31.56,0.0,0.0
31.56,0.0,0.0
31.56,0.0,0.0
31.56,0.0,0.0
31.56,0.0,0.0
31.56,0.0,0.0
31.56,0.0,0.0
31.57,0.0,0.0
31.57,0.0,0.0
31.57,0.0,0.0
31.57,0.0,0.0
31.57,0.0,0.0
31.57,0.0,0.0
31.57,0.0,0.0
31.57,0.0,0.0
31.579,0.0,0.0
31.579,0.0,0.0
31.579,0.0,0.0
31.579,0.0,0.0
31.579,0.0,0.0
31.579,0.0,0.0
31.579,0.0,0.0
31.579,0.0,0.0
31.589,0.0,0.0
31.589,0.0,0.0
31.589,0.0,0.0
31.589,0.0,0.0
31.589,0.0,0.0
31.589,0.0,0.0
31.589,0.0,0.0
31.589,0.0,0.0
31.589,0.0,0.0
31.6,0.0,0.0
31.6,0.0,0.0
31.6,0.0,0.0
31.6,0.0,0.0
31.6,0.0,0.0
31.6,0.0,0.0
31.6,0.0,0.0
31.6,0.0,0.0
31.61,0.0,0.0
31.61,0.0,0.0
31.61,0.0,0.0
31.61,0.0,0.0
31.61,0.0,0.0
31.61,0.0,0.0
31.61,0.0,0.0
31.61,0.0,0.0
31.61,0.0,0.0
31.61,0.0,0.0
31.621,0.0,0.0
31.621,0.0,0.0
31.621,0.0,0.0
31.621,0.0,0.0
31.621,0.0,0.0
31.621,0.0,0.0
31.63,0.0,0.0
31.63,0.0,0.0
31.63,0.0,0.0
31.63,0.0,0.0
31.63,0.0,0.0
31.63,0.0,0.0
31.63,0.0,0.0
31.63,0.0,0.0
31.639,0.0,0.0
31.639,0.0,0.0
31.639,0.0,0.0
31.639,0.0,0.0
31.639,0.0,0.0
31.639,0.0,0.0
31.639,0.0,0.0
31.648,0.0,0.0
31.648,0.0,0.0
31.648,0.0,0.0
31.648,0.0,0.0
31.648,0.0,0.0
31.648,0.0,0.0
31.648,0.0,0.0
31.648,0.0,0.0
31.659,0.0,0.0
31.659,0.0,0.0
31.659,0.0,0.0
31.659,0.0,0.0
31.659,0.0,0.0
31.659,0.0,0.0
31.659,0.0,0.0
31.659,0.0,0.0
31.67,0.0,0.0
31.67,0.0,0.0
31.67,0.0,0.0
31.67,0.0,0.0
31.67,0.0,0.0
31.67,0.0,0.0
31.67,0.0,0.0
31.679,0.0,0.0
31.679,0.0,0.0
31.679,0.0,0.0
31.679,0.0,0.0
31.679,0.0,0.0
31.679,0.0,0.0
31.689,0.0,0.0
31.689,0.0,0.0
31.689,0.0,0.0
31.689,0.0,0.0
31.689,0.0,0.0
31.689,0.0,0.0
31.7,0.0,0.0
31.7,0.0,0.0
31.7,0.0,0.0
31.7,0.0,0.0
31.7,0.0,0.0
31.7,0.0,0.0
31.7,0.0,0.0
31.7,0.0,0.0
31.7,0.0,0.0
31.7,0.0,0.0
31.7,0.0,0.0
31.709,0.0,0.0
31.709,0.0,0.0
31.709,0.0,0.0
31.709,0.0,0.0
31.709,0.0,0.0
31.709,0.0,0.0
31.709,0.0,0.0
31.709,0.0,0.0
31.72,0.0,0.0
31.72,0.0,0.0
31.72,0.0,0.0
31.72,0.0,0.0
31.72,0.0,0.0
31.72,0.0,0.0
31.72,0.0,0.0
31.729,0.0,0.0
31.729,0.0,0.0
31.729,0.0,0.0
31.729,0.0,0.0
31.729,0.0,0.0
31.729,0.0,0.0
31.729,0.0,0.0
31.739,0.0,0.0
31.739,0.0,0.0
31.739,0.0,0.0
31.739,0.0,0.0
31.739,0.0,0.0
31.739,0.0,0.0
31.749,0.0,0.0
31.749,0.0,0.0
31.749,0.0,0.0
31.749,0.0,0.0
31.76,0.0,0.0
31.76,0.0,0.0
31.76,0.0,0.0
31.76,0.0,0.0
31.76,0.0,0.0
31.76,0.0,0.0
31.76,0.0,0.0
31.76,0.0,0.0
31.76,0.0,0.0
31.76,0.0,0.0
31.76,0.0,0.0
31.773,0.0,0.0
31.78,0.0,0.0
31.78,0.0,0.0
31.78,0.0,0.0
31.78,0.0,0.0
31.789,0.0,0.0
31.789,0.0,0.0
31.789,0.0,0.0
31.789,0.0,0.0
31.789,0.0,0.0
31.789,0.0,0.0
31.789,0.0,0.0
31.789,0.0,0.0
31.799,0.0,0.0
31.799,0.0,0.0
31.799,0.0,0.0
31.799,0.0,0.0
31.799,0.0,0.0
31.799,0.0,0.0
31.799,0.0,0.0
31.799,0.0,0.0
31.81,0.0,0.0
31.81,0.0,0.0
31.81,0.0,0.0
31.81,0.0,0.0
31.81,0.0,0.0
31.81,0.0,0.0
31.81,0.0,0.0
31.81,0.0,0.0
31.81,0.0,0.0
31.81,0.0,0.0
31.821,0.0,0.0
31.821,0.0,0.0
31.821,0.0,0.0
31.821,0.0,0.0
31.821,0.0,0.0
31.829,0.0,0.0
31.829,0.0,0.0
31.829,0.0,0.0
31.829,0.0,0.0
31.829,0.0,0.0
31.829,0.0,0.0
31.829,0.0,0.0
31.829,0.0,0.0
31.839,0.0,0.0
31.839,0.0,0.0
31.839,0.0,0.0
31.839,0.0,0.0
31.839,0.0,0.0
31.839,0.0,0.0
31.839,0.0,0.0
31.85,0.0,0.0
31.85,0.0,0.0
31.85,0.0,0.0
31.85,0.0,0.0
31.85,0.0,0.0
31.85,0.0,0.0
31.86,0.0,0.0
31.86,0.0,0.0
31.86,0.0,0.0
31.86,0.0,0.0
31.86,0.0,0.0
31.86,0.0,0.0
31.86,0.0,0.0
31.86,0.0,0.0
31.86,0.0,0.0
31.86,0.0,0.0
31.871,0.0,0.0
31.871,0.0,0.0
31.871,0.0,0.0
31.871,0.0,0.0
31.871,0.0,0.0
31.871,0.0,0.0
31.871,0.0,0.0
31.88,0.0,0.0
31.88,0.0,0.0
31.88,0.0,0.0
31.88,0.0,0.0
31.88,0.0,0.0
31.88,0.0,0.0
31.88,0.0,0.0
31.889,0.0,0.0
31.889,0.0,0.0
31.889,0.0,0.0
31.889,0.0,0.0
31.889,0.0,0.0
31.889,0.0,0.0
31.889,0.0,0.0
31.889,0.0,0.0
31.889,0.0,0.0
31.889,0.0,0.0
31.9,0.0,0.0
31.9,0.0,0.0
31.9,0.0,0.0
31.9,0.0,0.0
31.909,0.0,0.0
31.909,0.0,0.0
31.909,0.0,0.0
31.909,0.0,0.0
31.909,0.0,0.0
31.909,0.0,0.0
31.909,0.0,0.0
31.909,0.0,0.0
31.909,0.0,0.0
31.909,0.0,0.0
31.921,0.0,0.0
31.921,0.0,0.0
31.921,0.0,0.0
31.921,0.0,0.0
31.921,0.0,0.0
31.921,0.0,0.0
31.921,0.0,0.0
31.921,0.0,0.0
31.921,0.0,0.0
31.93,0.0,0.0
31.93,0.0,0.0
31.93,0.0,0.0
31.93,0.0,0.0
31.93,0.0,0.0
31.93,0.0,0.0
31.94,0.0,0.0
31.94,0.0,0.0
31.94,0.0,0.0
31.94,0.0,0.0
31.94,0.0,0.0
31.94,0.0,0.0
31.94,0.0,0.0
31.94,0.0,0.0
31.95,0.0,0.0
31.95,0.0,0.0
31.95,0.0,0.0
31.95,0.0,0.0
31.95,0.0,0.0
31.95,0.0,0.0
31.95,0.0,0.0
31.95,0.0,0.0
31.95,0.0,0.0
31.959,0.0,0.0
31.959,0.0,0.0
31.959,0.0,0.0
31.959,0.0,0.0
31.959,0.0,0.0
31.959,0.0,0.0
31.959,0.0,0.0
31.959,0.0,0.0
31.959,0.0,0.0
31.97,0.0,0.0
31.97,0.0,0.0
31.97,0.0,0.0
31.97,0.0,0.0
31.97,0.0,0.0
31.97,0.0,0.0
31.97,0.0,0.0
31.979,0.0,0.0
31.979,0.0,0.0
31.979,0.0,0.0
31.979,0.0,0.0
31.979,0.0,0.0
31.979,0.0,0.0
31.979,0.0,0.0
31.979,0.0,0.0
31.979,0.0,0.0
31.99,0.0,0.0
31.99,0.0,0.0
31.99,0.0,0.0
31.99,0.0,0.0
31.99,0.0,0.0
31.99,0.0,0.0
31.99,0.0,0.0
31.99,0.0,0.0
31.99,0.0,0.0
31.999,0.0,0.0
31.999,0.0,0.0
31.999,0.0,0.0
31.999,0.0,0.0
31.999,0.0,0.0
31.999,0.0,0.0
31.999,0.0,0.0
31.999,0.0,0.0
31.999,0.0,0.0
31.999,0.0,0.0
32.01,0.0,0.0
32.01,0.0,0.0
32.01,0.0,0.0
32.01,0.0,0.0
32.01,0.0,0.0
32.01,0.0,0.0
32.01,0.0,0.0
32.01,0.0,0.0
32.01,0.0,0.0
32.01,0.0,0.0
32.01,0.0,0.0
32.021,0.0,0.0
32.021,0.0,0.0
32.021,0.0,0.0
32.021,0.0,0.0
32.021,0.0,0.0
32.021,0.0,0.0
32.021,0.0,0.0
32.03,0.0,0.0
32.03,0.0,0.0
32.03,0.0,0.0
32.03,0.0,0.0
32.03,0.0,0.0
32.03,0.0,0.0
32.03,0.0,0.0
32.03,0.0,0.0
32.03,0.0,0.0
32.039,0.0,0.0
32.039,0.0,0.0
32.039,0.0,0.0
32.039,0.0,0.0
32.039,0.0,0.0
32.039,0.0,0.0
32.039,0.0,0.0
32.039,0.0,0.0
32.05,0.0,0.0
32.05,0.0,0.0
32.05,0.0,0.0
32.05,0.0,0.0
32.05,0.0,0.0
32.05,0.0,0.0
32.05,0.0,0.0
32.05,0.0,0.0
32.05,0.0,0.0
32.05,0.0,0.0
32.057,0.0,0.0
32.057,0.0,0.0
32.057,0.0,0.0
32.057,0.0,0.0
32.057,0.0,0.0
32.057,0.0,0.0
32.057,0.0,0.0
32.057,0.0,0.0
32.057,0.0,0.0
32.071,0.0,0.0
32.071,0.0,0.0
32.071,0.0,0.0
32.071,0.0,0.0
32.071,0.0,0.0
32.071,0.0,0.0
32.071,0.0,0.0
32.071,0.0,0.0
32.079,0.0,0.0
32.079,0.0,0.0
32.079,0.0,0.0
32.079,0.0,0.0
32.079,0.0,0.0
32.079,0.0,0.0
32.079,0.0,0.0
32.079,0.0,0.0
32.089,0.0,0.0
32.089,0.0,0.0
32.089,0.0,0.0
32.089,0.0,0.0
32.089,0.0,0.0
32.089,0.0,0.0
32.089,0.0,0.0
32.089,0.0,0.0
32.089,0.0,0.0
32.099,0.0,0.0
32.099,0.0,0.0
32.099,0.0,0.0
32.099,0.0,0.0
32.099,0.0,0.0
32.099,0.0,0.0
32.099,0.0,0.0
32.099,0.0,0.0
32.099,0.0,0.0
32.109,0.0,0.0
32.109,0.0,0.0
32.109,0.0,0.0
32.109,0.0,0.0
32.109,0.0,0.0
32.109,0.0,0.0
32.109,0.0,0.0
32.109,0.0,0.0
32.109,0.0,0.0
32.12,0.0,0.0
32.12,0.0,0.0
32.12,0.0,0.0
32.12,0.0,0.0
32.12,0.0,0.0
32.12,0.0,0.0
32.12,0.0,0.0
32.12,0.0,0.0
32.12,0.0,0.0
32.129,0.0,0.0
32.129,0.0,0.0
32.129,0.0,0.0
32.129,0.0,0.0
32.129,0.0,0.0
32.129,0.0,0.0
32.139,0.0,0.0
32.139,0.0,0.0
32.139,0.0,0.0
32.139,0.0,0.0
32.139,0.0,0.0
32.139,0.0,0.0
32.139,0.0,0.0
32.139,0.0,0.0
32.149,0.0,0.0
32.149,0.0,0.0
32.149,0.0,0.0
32.149,0.0,0.0
32.149,0.0,0.0
32.149,0.0,0.0
32.149,0.0,0.0
32.149,0.0,0.0
32.149,0.0,0.0
32.16,0.0,0.0
32.16,0.0,0.0
32.16,0.0,0.0
32.16,0.0,0.0
32.16,0.0,0.0
32.16,0.0,0.0
32.16,0.0,0.0
32.16,0.0,0.0
32.16,0.0,0.0
32.171,0.0,0.0
32.171,0.0,0.0
32.171,0.0,0.0
32.171,0.0,0.0
32.171,0.0,0.0
32.171,0.0,0.0
32.171,0.0,0.0
32.171,0.0,0.0
32.179,0.0,0.0
32.179,0.0,0.0
32.179,0.0,0.0
32.179,0.0,0.0
32.179,0.0,0.0
32.179,0.0,0.0
32.189,0.0,0.0
32.189,0.0,0.0
32.189,0.0,0.0
32.189,0.0,0.0
32.189,0.0,0.0
32.189,0.0,0.0
32.189,0.0,0.0
32.189,0.0,0.0
32.199,0.0,0.0
32.199,0.0,0.0
32.199,0.0,0.0
32.199,0.0,0.0
32.199,0.0,0.0
32.199,0.0,0.0
32.199,0.0,0.0
32.199,0.0,0.0
32.208,0.0,0.0
32.208,0.0,0.0
32.208,0.0,0.0
32.208,0.0,0.0
32.208,0.0,0.0
32.208,0.0,0.0
32.208,0.0,0.0
32.208,0.0,0.0
32.208,0.0,0.0
32.208,0.0,0.0
32.221,0.0,0.0
32.221,0.0,0.0
32.221,0.0,0.0
32.221,0.0,0.0
32.221,0.0,0.0
32.221,0.0,0.0
32.229,0.0,0.0
32.229,0.0,0.0
32.229,0.0,0.0
32.229,0.0,0.0
32.229,0.0,0.0
32.229,0.0,0.0
32.229,0.0,0.0
32.239,0.0,0.0
32.239,0.0,0.0
32.239,0.0,0.0
32.239,0.0,0.0
32.239,0.0,0.0
32.239,0.0,0.0
32.239,0.0,0.0
32.239,0.0,0.0
32.239,0.0,0.0
32.249,0.0,0.0
32.249,0.0,0.0
32.249,0.0,0.0
32.249,0.0,0.0
32.249,0.0,0.0
32.249,0.0,0.0
32.249,0.0,0.0
32.249,0.0,0.0
32.26,0.0,0.0
32.26,0.0,0.0
32.26,0.0,0.0
32.26,0.0,0.0
32.26,0.0,0.0
32.26,0.0,0.0
32.26,0.0,0.0
32.26,0.0,0.0
32.26,0.0,0.0
32.27,0.0,0.0
32.27,0.0,0.0
32.27,0.0,0.0
32.27,0.0,0.0
32.27,0.0,0.0
32.27,0.0,0.0
32.28,0.0,0.0
32.28,0.0,0.0
32.28,0.0,0.0
32.28,0.0,0.0
32.28,0.0,0.0
32.28,0.0,0.0
32.28,0.0,0.0
32.28,0.0,0.0
32.289,0.0,0.0
32.289,0.0,0.0
32.289,0.0,0.0
32.289,0.0,0.0
32.289,0.0,0.0
32.289,0.0,0.0
32.289,0.0,0.0
32.289,0.0,0.0
32.289,0.0,0.0
32.299,0.0,0.0
32.299,0.0,0.0
32.299,0.0,0.0
32.299,0.0,0.0
32.299,0.0,0.0
32.299,0.0,0.0
32.299,0.0,0.0
32.299,0.0,0.0
32.309,0.0,0.0
32.309,0.0,0.0
32.309,0.0,0.0
32.309,0.0,0.0
32.309,0.0,0.0
32.309,0.0,0.0
32.309,0.0,0.0
32.309,0.0,0.0
32.309,0.0,0.0
32.309,0.0,0.0
32.324,0.0,0.0
32.324,0.0,0.0
32.324,0.0,0.0
32.324,0.0,0.0
32.324,0.0,0.0
32.328,0.0,0.0
32.328,0.0,0.0
32.328,0.0,0.0
32.328,0.0,0.0
32.328,0.0,0.0
32.328,0.0,0.0
32.328,0.0,0.0
32.328,0.0,0.0
32.339,0.0,0.0
32.339,0.0,0.0
32.339,0.0,0.0
32.339,0.0,0.0
32.339,0.0,0.0
32.339,0.0,0.0
32.339,0.0,0.0
32.339,0.0,0.0
32.35,0.0,0.0
32.35,0.0,0.0
32.35,0.0,0.0
32.35,0.0,0.0
32.35,0.0,0.0
32.35,0.0,0.0
32.35,0.0,0.0
32.359,0.0,0.0
32.359,0.0,0.0
32.359,0.0,0.0
32.359,0.0,0.0
32.359,0.0,0.0
32.359,0.0,0.0
32.399,0.0,0.0
32.409,0.0,0.0
32.409,0.0,0.0
32.409,0.0,0.0
32.409,0.0,0.0
32.409,0.0,0.0
32.409,0.0,0.0
32.409,0.0,0.0
32.409,0.0,0.0
32.421,0.0,0.0
32.421,0.0,0.0
32.421,0.0,0.0
32.421,0.0,0.0
32.421,0.0,0.0
32.421,0.0,0.0
32.421,0.0,0.0
32.421,0.0,0.0
32.429,0.0,0.0
32.429,0.0,0.0
32.429,0.0,0.0
32.429,0.0,0.0
32.429,0.0,0.0
32.429,0.0,0.0
32.429,0.0,0.0
32.429,0.0,0.0
32.439,0.0,0.0
32.439,0.0,0.0
32.439,0.0,0.0
32.439,0.0,0.0
32.439,0.0,0.0
32.439,0.0,0.0
32.439,0.0,0.0
32.439,0.0,0.0
32.439,0.0,0.0
32.45,0.0,0.0
32.45,0.0,0.0
32.45,0.0,0.0
32.45,0.0,0.0
32.46,0.0,0.0
32.46,0.0,0.0
32.46,0.0,0.0
32.46,0.0,0.0
32.46,0.0,0.0
32.46,0.0,0.0
32.46,0.0,0.0
32.46,0.0,0.0
32.46,0.0,0.0
32.471,0.0,0.0
32.471,0.0,0.0
32.471,0.0,0.0
32.471,0.0,0.0
32.471,0.0,0.0
32.471,0.0,0.0
32.471,0.0,0.0
32.479,0.0,0.0
32.479,0.0,0.0
32.479,0.0,0.0
32.479,0.0,0.0
32.479,0.0,0.0
32.479,0.0,0.0
32.479,0.0,0.0
32.479,0.0,0.0
32.49,0.0,0.0
32.49,0.0,0.0
32.49,0.0,0.0
32.49,0.0,0.0
32.49,0.0,0.0
32.49,0.0,0.0
32.49,0.0,0.0
32.49,0.0,0.0
32.49,0.0,0.0
32.499,0.0,0.0
32.499,0.0,0.0
32.499,0.0,0.0
32.499,0.0,0.0
32.499,0.0,0.0
32.499,0.0,0.0
32.499,0.0,0.0
32.499,0.0,0.0
32.509,0.0,0.0
32.509,0.0,0.0
32.509,0.0,0.0
32.509,0.0,0.0
32.509,0.0,0.0
32.509,0.0,0.0
32.509,0.0,0.0
32.509,0.0,0.0
32.509,0.0,0.0
32.522,0.0,0.0
32.522,0.0,0.0
32.522,0.0,0.0
32.522,0.0,0.0
32.522,0.0,0.0
32.522,0.0,0.0
32.529,0.0,0.0
32.529,0.0,0.0
32.529,0.0,0.0
32.529,0.0,0.0
32.529,0.0,0.0
32.529,0.0,0.0
32.529,0.0,0.0
32.529,0.0,0.0
32.529,0.0,0.0
32.529,0.0,0.0
32.539,0.0,0.0
32.539,0.0,0.0
32.539,0.0,0.0
32.539,0.0,0.0
32.539,0.0,0.0
32.539,0.0,0.0
32.539,0.0,0.0
32.539,0.0,0.0
32.55,0.0,0.0
32.55,0.0,0.0
32.55,0.0,0.0
32.55,0.0,0.0
32.55,0.0,0.0
32.55,0.0,0.0
32.55,0.0,0.0
32.55,0.0,0.0
32.559,0.0,0.0
32.559,0.0,0.0
32.559,0.0,0.0
32.559,0.0,0.0
32.559,0.0,0.0
32.559,0.0,0.0
32.559,0.0,0.0
32.559,0.0,0.0
32.559,0.0,0.0
32.571,0.0,0.0
32.571,0.0,0.0
32.571,0.0,0.0
32.571,0.0,0.0
32.571,0.0,0.0
32.579,0.0,0.0
32.579,0.0,0.0
32.579,0.0,0.0
32.579,0.0,0.0
32.579,0.0,0.0
32.579,0.0,0.0
32.579,0.0,0.0
32.579,0.0,0.0
32.579,0.0,0.0
32.59,0.0,0.0
32.59,0.0,0.0
32.59,0.0,0.0
32.59,0.0,0.0
32.59,0.0,0.0
32.59,0.0,0.0
32.59,0.0,0.0
32.59,0.0,0.0
32.59,0.0,0.0
32.59,0.0,0.0
32.599,0.0,0.0
32.599,0.0,0.0
32.599,0.0,0.0
32.599,0.0,0.0
32.599,0.0,0.0
32.61,0.0,0.0
32.61,0.0,0.0
32.61,0.0,0.0
32.61,0.0,0.0
32.61,0.0,0.0
32.61,0.0,0.0
32.61,0.0,0.0
32.61,0.0,0.0
32.61,0.0,0.0
32.61,0.0,0.0
32.621,0.0,0.0
32.621,0.0,0.0
32.621,0.0,0.0
32.621,0.0,0.0
32.621,0.0,0.0
32.621,0.0,0.0
32.629,0.0,0.0
32.629,0.0,0.0
32.629,0.0,0.0
32.629,0.0,0.0
32.629,0.0,0.0
32.629,0.0,0.0
32.629,0.0,0.0
32.629,0.0,0.0
32.639,0.0,0.0
32.639,0.0,0.0
32.639,0.0,0.0
32.639,0.0,0.0
32.639,0.0,0.0
32.639,0.0,0.0
32.639,0.0,0.0
32.65,0.0,0.0
32.65,0.0,0.0
32.65,0.0,0.0
32.65,0.0,0.0
32.65,0.0,0.0
32.65,0.0,0.0
32.65,0.0,0.0
32.65,0.0,0.0
32.65,0.0,0.0
32.65,0.0,0.0
32.66,0.0,0.0
32.66,0.0,0.0
32.66,0.0,0.0
32.66,0.0,0.0
32.66,0.0,0.0
32.66,0.0,0.0
32.66,0.0,0.0
32.67,0.0,0.0
32.67,0.0,0.0
32.67,0.0,0.0
32.67,0.0,0.0
32.67,0.0,0.0
32.67,0.0,0.0
32.67,0.0,0.0
32.679,0.0,0.0
32.679,0.0,0.0
32.679,0.0,0.0
32.679,0.0,0.0
32.679,0.0,0.0
32.679,0.0,0.0
32.689,0.0,0.0
32.689,0.0,0.0
32.689,0.0,0.0
32.689,0.0,0.0
32.689,0.0,0.0
32.689,0.0,0.0
32.689,0.0,0.0
32.689,0.0,0.0
32.689,0.0,0.0
32.699,0.0,0.0
32.699,0.0,0.0
32.699,0.0,0.0
32.699,0.0,0.0
32.699,0.0,0.0
32.699,0.0,0.0
32.699,0.0,0.0
32.699,0.0,0.0
32.699,0.0,0.0
32.71,0.0,0.0
32.71,0.0,0.0
32.71,0.0,0.0
32.71,0.0,0.0
32.71,0.0,0.0
32.71,0.0,0.0
32.71,0.0,0.0
32.71,0.0,0.0
32.71,0.0,0.0
32.71,0.0,0.0
32.71,0.0,0.0
32.721,0.0,0.0
32.721,0.0,0.0
32.721,0.0,0.0
32.721,0.0,0.0
32.721,0.0,0.0
32.721,0.0,0.0
32.721,0.0,0.0
32.729,0.0,0.0
32.729,0.0,0.0
32.729,0.0,0.0
32.729,0.0,0.0
32.729,0.0,0.0
32.729,0.0,0.0
32.74,0.0,0.0
32.74,0.0,0.0
32.74,0.0,0.0
32.74,0.0,0.0
32.74,0.0,0.0
32.74,0.0,0.0
32.74,0.0,0.0
32.749,0.0,0.0
32.749,0.0,0.0
32.749,0.0,0.0
32.749,0.0,0.0
32.749,0.0,0.0
32.749,0.0,0.0
32.749,0.0,0.0
32.749,0.0,0.0
32.749,0.0,0.0
32.759,0.0,0.0
32.759,0.0,0.0
32.759,0.0,0.0
32.759,0.0,0.0
32.759,0.0,0.0
32.759,0.0,0.0
32.77,0.0,0.0
32.77,0.0,0.0
32.77,0.0,0.0
32.77,0.0,0.0
32.779,0.0,0.0
32.779,0.0,0.0
32.779,0.0,0.0
32.779,0.0,0.0
32.779,0.0,0.0
32.779,0.0,0.0
32.779,0.0,0.0
32.779,0.0,0.0
32.79,0.0,0.0
32.79,0.0,0.0
32.79,0.0,0.0
32.79,0.0,0.0
32.79,0.0,0.0
32.79,0.0,0.0
32.79,0.0,0.0
32.79,0.0,0.0
32.799,0.0,0.0
32.799,0.0,0.0
32.799,0.0,0.0
32.799,0.0,0.0
32.799,0.0,0.0
32.799,0.0,0.0
32.799,0.0,0.0
32.81,0.0,0.0
32.81,0.0,0.0
32.81,0.0,0.0
32.81,0.0,0.0
32.81,0.0,0.0
32.81,0.0,0.0
32.81,0.0,0.0
32.81,0.0,0.0
32.81,0.0,0.0
32.81,0.0,0.0
32.81,0.0,0.0
32.82,0.0,0.0
32.82,0.0,0.0
32.82,0.0,0.0
32.82,0.0,0.0
32.82,0.0,0.0
32.82,0.0,0.0
32.82,0.0,0.0
32.829,0.0,0.0
32.829,0.0,0.0
32.829,0.0,0.0
32.829,0.0,0.0
32.829,0.0,0.0
32.829,0.0,0.0
32.829,0.0,0.0
32.829,0.0,0.0
32.839,0.0,0.0
32.839,0.0,0.0
32.839,0.0,0.0
32.839,0.0,0.0
32.839,0.0,0.0
32.839,0.0,0.0
32.839,0.0,0.0
32.839,0.0,0.0
32.839,0.0,0.0
32.839,0.0,0.0
32.849,0.0,0.0
32.849,0.0,0.0
32.849,0.0,0.0
32.849,0.0,0.0
32.849,0.0,0.0
32.849,0.0,0.0
32.849,0.0,0.0
32.849,0.0,0.0
32.849,0.0,0.0
32.86,0.0,0.0
32.86,0.0,0.0
32.86,0.0,0.0
32.86,0.0,0.0
32.86,0.0,0.0
32.86,0.0,0.0
32.86,0.0,0.0
32.86,0.0,0.0
32.871,0.0,0.0
32.871,0.0,0.0
32.871,0.0,0.0
32.871,0.0,0.0
32.871,0.0,0.0
32.871,0.0,0.0
32.871,0.0,0.0
32.879,0.0,0.0
32.879,0.0,0.0
32.879,0.0,0.0
32.879,0.0,0.0
32.879,0.0,0.0
32.879,0.0,0.0
32.879,0.0,0.0
32.879,0.0,0.0
32.89,0.0,0.0
32.89,0.0,0.0
32.89,0.0,0.0
32.89,0.0,0.0
32.89,0.0,0.0
32.89,0.0,0.0
32.89,0.0,0.0
32.89,0.0,0.0
32.899,0.0,0.0
32.899,0.0,0.0
32.899,0.0,0.0
32.899,0.0,0.0
32.899,0.0,0.0
32.899,0.0,0.0
32.899,0.0,0.0
32.899,0.0,0.0
32.899,0.0,0.0
32.899,0.0,0.0
32.91,0.0,0.0
32.91,0.0,0.0
32.91,0.0,0.0
32.91,0.0,0.0
32.91,0.0,0.0
32.91,0.0,0.0
32.91,0.0,0.0
32.91,0.0,0.0
32.921,0.0,0.0
32.921,0.0,0.0
32.921,0.0,0.0
32.921,0.0,0.0
32.93,0.0,0.0
32.93,0.0,0.0
32.93,0.0,0.0
32.93,0.0,0.0
32.93,0.0,0.0
32.93,0.0,0.0
32.93,0.0,0.0
32.93,0.0,0.0
32.93,0.0,0.0
32.94,0.0,0.0
32.94,0.0,0.0
32.94,0.0,0.0
32.94,0.0,0.0
32.94,0.0,0.0
32.94,0.0,0.0
32.949,0.0,0.0
32.949,0.0,0.0
32.949,0.0,0.0
32.949,0.0,0.0
32.949,0.0,0.0
32.949,0.0,0.0
32.949,0.0,0.0
32.949,0.0,0.0
32.959,0.0,0.0
32.959,0.0,0.0
32.959,0.0,0.0
32.959,0.0,0.0
32.959,0.0,0.0
32.959,0.0,0.0
32.959,0.0,0.0
32.959,0.0,0.0
32.959,0.0,0.0
32.971,0.0,0.0
32.971,0.0,0.0
32.971,0.0,0.0
32.971,0.0,0.0
32.971,0.0,0.0
32.98,0.0,0.0
32.98,0.0,0.0
32.98,0.0,0.0
32.98,0.0,0.0
32.98,0.0,0.0
32.989,0.0,0.0
32.989,0.0,0.0
32.989,0.0,0.0
32.989,0.0,0.0
32.989,0.0,0.0
32.989,0.0,0.0
32.989,0.0,0.0
33.0,0.0,0.0
33.0,0.0,0.0
33.0,0.0,0.0
33.0,0.0,0.0
33.0,0.0,0.0
33.0,0.0,0.0
33.01,0.0,0.0
33.01,0.0,0.0
33.01,0.0,0.0
33.01,0.0,0.0
33.01,0.0,0.0
33.01,0.0,0.0
33.01,0.0,0.0
33.01,0.0,0.0
33.01,0.0,0.0
33.021,0.0,0.0
33.021,0.0,0.0
33.021,0.0,0.0
33.021,0.0,0.0
33.021,0.0,0.0
33.021,0.0,0.0
33.029,0.0,0.0
33.029,0.0,0.0
33.029,0.0,0.0
33.029,0.0,0.0
33.029,0.0,0.0
33.029,0.0,0.0
33.029,0.0,0.0
33.029,0.0,0.0
33.029,0.0,0.0
33.029,0.0,0.0
33.029,0.0,0.0
33.039,0.0,0.0
33.039,0.0,0.0
33.039,0.0,0.0
33.039,0.0,0.0
33.039,0.0,0.0
33.039,0.0,0.0
33.05,0.0,0.0
33.05,0.0,0.0
33.05,0.0,0.0
33.05,0.0,0.0
33.05,0.0,0.0
33.05,0.0,0.0
33.05,0.0,0.0
33.05,0.0,0.0
33.059,0.0,0.0
33.059,0.0,0.0
33.059,0.0,0.0
33.059,0.0,0.0
33.059,0.0,0.0
33.059,0.0,0.0
33.059,0.0,0.0
33.059,0.0,0.0
33.059,0.0,0.0
33.071,0.0,0.0
33.071,0.0,0.0
33.071,0.0,0.0
33.071,0.0,0.0
33.071,0.0,0.0
33.071,0.0,0.0
33.071,0.0,0.0
33.079,0.0,0.0
33.079,0.0,0.0
33.079,0.0,0.0
33.079,0.0,0.0
33.079,0.0,0.0
33.079,0.0,0.0
33.079,0.0,0.0
33.079,0.0,0.0
33.09,0.0,0.0
33.09,0.0,0.0
33.09,0.0,0.0
33.09,0.0,0.0
33.09,0.0,0.0
33.09,0.0,0.0
33.09,0.0,0.0
33.09,0.0,0.0
33.1,0.0,0.0
33.1,0.0,0.0
33.1,0.0,0.0
33.1,0.0,0.0
33.1,0.0,0.0
33.1,0.0,0.0
33.1,0.0,0.0
33.1,0.0,0.0
33.11,0.0,0.0
33.11,0.0,0.0
33.11,0.0,0.0
33.11,0.0,0.0
33.11,0.0,0.0
33.11,0.0,0.0
33.11,0.0,0.0
33.11,0.0,0.0
33.12,0.0,0.0
33.12,0.0,0.0
33.12,0.0,0.0
33.12,0.0,0.0
33.12,0.0,0.0
33.12,0.0,0.0
33.12,0.0,0.0
33.12,0.0,0.0
33.12,0.0,0.0
33.12,0.0,0.0
33.129,0.0,0.0
33.129,0.0,0.0
33.129,0.0,0.0
33.129,0.0,0.0
33.129,0.0,0.0
33.129,0.0,0.0
33.129,0.0,0.0
33.129,0.0,0.0
33.139,0.0,0.0
33.139,0.0,0.0
33.139,0.0,0.0
33.139,0.0,0.0
33.139,0.0,0.0
33.139,0.0,0.0
33.139,0.0,0.0
33.139,0.0,0.0
33.139,0.0,0.0
33.149,0.0,0.0
33.149,0.0,0.0
33.149,0.0,0.0
33.149,0.0,0.0
33.149,0.0,0.0
33.149,0.0,0.0
33.149,0.0,0.0
33.149,0.0,0.0
33.159,0.0,0.0
33.159,0.0,0.0
33.159,0.0,0.0
33.159,0.0,0.0
33.159,0.0,0.0
33.159,0.0,0.0
33.159,0.0,0.0
33.159,0.0,0.0
33.159,0.0,0.0
33.159,0.0,0.0
33.159,0.0,0.0
33.159,0.0,0.0
33.171,0.0,0.0
33.171,0.0,0.0
33.171,0.0,0.0
33.171,0.0,0.0
33.171,0.0,0.0
33.171,0.0,0.0
33.171,0.0,0.0
33.179,0.0,0.0
33.179,0.0,0.0
33.179,0.0,0.0
33.179,0.0,0.0
33.179,0.0,0.0
33.179,0.0,0.0
33.19,0.0,0.0
33.19,0.0,0.0
33.19,0.0,0.0
33.19,0.0,0.0
33.19,0.0,0.0
33.19,0.0,0.0
33.19,0.0,0.0
33.19,0.0,0.0
33.199,0.0,0.0
33.199,0.0,0.0
33.199,0.0,0.0
33.199,0.0,0.0
33.199,0.0,0.0
33.199,0.0,0.0
33.199,0.0,0.0
33.199,0.0,0.0
33.199,0.0,0.0
33.21,0.0,0.0
33.21,0.0,0.0
33.21,0.0,0.0
33.21,0.0,0.0
33.21,0.0,0.0
33.21,0.0,0.0
33.21,0.0,0.0
33.21,0.0,0.0
33.21,0.0,0.0
33.21,0.0,0.0
33.21,0.0,0.0
33.223,0.0,0.0
33.223,0.0,0.0
33.223,0.0,0.0
33.223,0.0,0.0
33.23,0.0,0.0
33.23,0.0,0.0
33.23,0.0,0.0
33.23,0.0,0.0
33.23,0.0,0.0
33.23,0.0,0.0
33.24,0.0,0.0
33.24,0.0,0.0
33.24,0.0,0.0
33.24,0.0,0.0
33.24,0.0,0.0
33.24,0.0,0.0
33.24,0.0,0.0
33.24,0.0,0.0
33.24,0.0,0.0
33.25,0.0,0.0
33.25,0.0,0.0
33.25,0.0,0.0
33.25,0.0,0.0
33.25,0.0,0.0
33.25,0.0,0.0
33.25,0.0,0.0
33.259,0.0,0.0
33.259,0.0,0.0
33.259,0.0,0.0
33.259,0.0,0.0
33.259,0.0,0.0
33.259,0.0,0.0
33.259,0.0,0.0
33.259,0.0,0.0
33.259,0.0,0.0
33.259,0.0,0.0
33.259,0.0,0.0
33.272,0.0,0.0
33.272,0.0,0.0
33.272,0.0,0.0
33.272,0.0,0.0
33.272,0.0,0.0
33.272,0.0,0.0
33.279,0.0,0.0
33.279,0.0,0.0
33.279,0.0,0.0
33.279,0.0,0.0
33.279,0.0,0.0
33.279,0.0,0.0
33.279,0.0,0.0
33.29,0.0,0.0
33.29,0.0,0.0
33.29,0.0,0.0
33.29,0.0,0.0
33.29,0.0,0.0
33.29,0.0,0.0
33.29,0.0,0.0
33.3,0.0,0.0
33.3,0.0,0.0
33.3,0.0,0.0
33.3,0.0,0.0
33.3,0.0,0.0
33.3,0.0,0.0
33.3,0.0,0.0
33.3,0.0,0.0
33.31,0.0,0.0
33.31,0.0,0.0
33.31,0.0,0.0
33.31,0.0,0.0
33.31,0.0,0.0
33.31,0.0,0.0
33.31,0.0,0.0
33.31,0.0,0.0
33.31,0.0,0.0
33.31,0.0,0.0
33.321,0.0,0.0
33.321,0.0,0.0
33.321,0.0,0.0
33.321,0.0,0.0
33.321,0.0,0.0
33.321,0.0,0.0
33.33,0.0,0.0
33.33,0.0,0.0
33.33,0.0,0.0
33.33,0.0,0.0
33.33,0.0,0.0
33.33,0.0,0.0
33.33,0.0,0.0
33.33,0.0,0.0
33.34,0.0,0.0
33.34,0.0,0.0
33.34,0.0,0.0
33.34,0.0,0.0
33.34,0.0,0.0
33.34,0.0,0.0
33.35,0.0,0.0
33.35,0.0,0.0
33.35,0.0,0.0
33.35,0.0,0.0
33.35,0.0,0.0
33.35,0.0,0.0
33.35,0.0,0.0
33.359,0.0,0.0
33.359,0.0,0.0
33.359,0.0,0.0
33.359,0.0,0.0
33.359,0.0,0.0
33.359,0.0,0.0
33.359,0.0,0.0
33.359,0.0,0.0
33.371,0.0,0.0
33.371,0.0,0.0
33.371,0.0,0.0
33.371,0.0,0.0
33.371,0.0,0.0
33.371,0.0,0.0
33.371,0.0,0.0
33.371,0.0,0.0
33.379,0.0,0.0
33.379,0.0,0.0
33.379,0.0,0.0
33.379,0.0,0.0
33.379,0.0,0.0
33.379,0.0,0.0
33.379,0.0,0.0
33.379,0.0,0.0
33.379,0.0,0.0
33.379,0.0,0.0
33.389,0.0,0.0
33.389,0.0,0.0
33.389,0.0,0.0
33.389,0.0,0.0
33.389,0.0,0.0
33.389,0.0,0.0
33.389,0.0,0.0
33.399,0.0,0.0
33.399,0.0,0.0
33.399,0.0,0.0
33.399,0.0,0.0
33.399,0.0,0.0
33.399,0.0,0.0
33.399,0.0,0.0
33.399,0.0,0.0
33.399,0.0,0.0
33.409,0.0,0.0
33.409,0.0,0.0
33.409,0.0,0.0
33.409,0.0,0.0
33.409,0.0,0.0
33.409,0.0,0.0
33.409,0.0,0.0
33.409,0.0,0.0
33.409,0.0,0.0
33.409,0.0,0.0
33.409,0.0,0.0
33.421,0.0,0.0
33.421,0.0,0.0
33.421,0.0,0.0
33.421,0.0,0.0
33.421,0.0,0.0
33.421,0.0,0.0
33.429,0.0,0.0
33.429,0.0,0.0
33.429,0.0,0.0
33.429,0.0,0.0
33.429,0.0,0.0
33.44,0.0,0.0
33.44,0.0,0.0
33.44,0.0,0.0
33.44,0.0,0.0
33.44,0.0,0.0
33.44,0.0,0.0
33.44,0.0,0.0
33.44,0.0,0.0
33.44,0.0,0.0
33.449,0.0,0.0
33.449,0.0,0.0
33.449,0.0,0.0
33.449,0.0,0.0
33.449,0.0,0.0
33.449,0.0,0.0
33.449,0.0,0.0
33.449,0.0,0.0
33.449,0.0,0.0
33.46,0.0,0.0
33.46,0.0,0.0
33.46,0.0,0.0
33.46,0.0,0.0
33.46,0.0,0.0
33.46,0.0,0.0
33.46,0.0,0.0
33.46,0.0,0.0
33.46,0.0,0.0
33.46,0.0,0.0
33.47,0.0,0.0
33.47,0.0,0.0
33.47,0.0,0.0
33.47,0.0,0.0
33.47,0.0,0.0
33.47,0.0,0.0
33.47,0.0,0.0
33.479,0.0,0.0
33.479,0.0,0.0
33.479,0.0,0.0
33.479,0.0,0.0
33.479,0.0,0.0
33.479,0.0,0.0
33.479,0.0,0.0
33.479,0.0,0.0
33.479,0.0,0.0
33.479,0.0,0.0
33.49,0.0,0.0
33.49,0.0,0.0
33.49,0.0,0.0
33.49,0.0,0.0
33.49,0.0,0.0
33.49,0.0,0.0
33.49,0.0,0.0
33.49,0.0,0.0
33.49,0.0,0.0
33.499,0.0,0.0
33.499,0.0,0.0
33.499,0.0,0.0
33.499,0.0,0.0
33.499,0.0,0.0
33.499,0.0,0.0
33.499,0.0,0.0
33.499,0.0,0.0
33.499,0.0,0.0
33.509,0.0,0.0
33.509,0.0,0.0
33.509,0.0,0.0
33.509,0.0,0.0
33.509,0.0,0.0
33.509,0.0,0.0
33.509,0.0,0.0
33.509,0.0,0.0
33.52,0.0,0.0
33.52,0.0,0.0
33.52,0.0,0.0
33.52,0.0,0.0
33.52,0.0,0.0
33.52,0.0,0.0
33.52,0.0,0.0
33.52,0.0,0.0
33.53,0.0,0.0
33.53,0.0,0.0
33.53,0.0,0.0
33.53,0.0,0.0
33.53,0.0,0.0
33.53,0.0,0.0
33.539,0.0,0.0
33.539,0.0,0.0
33.539,0.0,0.0
33.539,0.0,0.0
33.539,0.0,0.0
33.539,0.0,0.0
33.539,0.0,0.0
33.539,0.0,0.0
33.55,0.0,0.0
33.55,0.0,0.0
33.55,0.0,0.0
33.55,0.0,0.0
33.55,0.0,0.0
33.55,0.0,0.0
33.55,0.0,0.0
33.55,0.0,0.0
33.55,0.0,0.0
33.55,0.0,0.0
33.559,0.0,0.0
33.559,0.0,0.0
33.559,0.0,0.0
33.559,0.0,0.0
33.559,0.0,0.0
33.559,0.0,0.0
33.57,0.0,0.0
33.57,0.0,0.0
33.57,0.0,0.0
33.57,0.0,0.0
33.57,0.0,0.0
33.57,0.0,0.0
33.57,0.0,0.0
33.57,0.0,0.0
33.57,0.0,0.0
33.579,0.0,0.0
33.579,0.0,0.0
33.579,0.0,0.0
33.579,0.0,0.0
33.579,0.0,0.0
33.579,0.0,0.0
33.579,0.0,0.0
33.579,0.0,0.0
33.589,0.0,0.0
33.589,0.0,0.0
33.589,0.0,0.0
33.589,0.0,0.0
33.589,0.0,0.0
33.589,0.0,0.0
33.589,0.0,0.0
33.589,0.0,0.0
33.589,0.0,0.0
33.599,0.0,0.0
33.599,0.0,0.0
33.599,0.0,0.0
33.599,0.0,0.0
33.599,0.0,0.0
33.599,0.0,0.0
33.599,0.0,0.0
33.599,0.0,0.0
33.609,0.0,0.0
33.609,0.0,0.0
33.609,0.0,0.0
33.609,0.0,0.0
33.609,0.0,0.0
33.609,0.0,0.0
33.609,0.0,0.0
33.609,0.0,0.0
33.609,0.0,0.0
33.621,0.0,0.0
33.621,0.0,0.0
33.621,0.0,0.0
33.621,0.0,0.0
33.621,0.0,0.0
33.621,0.0,0.0
33.621,0.0,0.0
33.629,0.0,0.0
33.629,0.0,0.0
33.629,0.0,0.0
33.629,0.0,0.0
33.629,0.0,0.0
33.629,0.0,0.0
33.629,0.0,0.0
33.629,0.0,0.0
33.639,0.0,0.0
33.639,0.0,0.0
33.639,0.0,0.0
33.639,0.0,0.0
33.639,0.0,0.0
33.639,0.0,0.0
33.639,0.0,0.0
33.65,0.0,0.0
33.65,0.0,0.0
33.65,0.0,0.0
33.65,0.0,0.0
33.65,0.0,0.0
33.65,0.0,0.0
33.65,0.0,0.0
33.65,0.0,0.0
33.659,0.0,0.0
33.659,0.0,0.0
33.659,0.0,0.0
33.659,0.0,0.0
33.659,0.0,0.0
33.659,0.0,0.0
33.659,0.0,0.0
33.659,0.0,0.0
33.659,0.0,0.0
33.671,0.0,0.0
33.671,0.0,0.0
33.671,0.0,0.0
33.671,0.0,0.0
33.671,0.0,0.0
33.671,0.0,0.0
33.671,0.0,0.0
33.671,0.0,0.0
33.679,0.0,0.0
33.679,0.0,0.0
33.679,0.0,0.0
33.679,0.0,0.0
33.679,0.0,0.0
33.679,0.0,0.0
33.689,0.0,0.0
33.689,0.0,0.0
33.689,0.0,0.0
33.689,0.0,0.0
33.689,0.0,0.0
33.689,0.0,0.0
33.689,0.0,0.0
33.689,0.0,0.0
33.7,0.0,0.0
33.7,0.0,0.0
33.7,0.0,0.0
33.7,0.0,0.0
33.7,0.0,0.0
33.7,0.0,0.0
33.7,0.0,0.0
33.7,0.0,0.0
33.709,0.0,0.0
33.709,0.0,0.0
33.709,0.0,0.0
33.709,0.0,0.0
33.709,0.0,0.0
33.709,0.0,0.0
33.709,0.0,0.0
33.709,0.0,0.0
33.709,0.0,0.0
33.72,0.0,0.0
33.72,0.0,0.0
33.72,0.0,0.0
33.72,0.0,0.0
33.72,0.0,0.0
33.72,0.0,0.0
33.72,0.0,0.0
33.73,0.0,0.0
33.73,0.0,0.0
33.73,0.0,0.0
33.73,0.0,0.0
33.73,0.0,0.0
33.73,0.0,0.0
33.73,0.0,0.0
33.73,0.0,0.0
33.74,0.0,0.0
33.74,0.0,0.0
33.74,0.0,0.0
33.74,0.0,0.0
33.74,0.0,0.0
33.74,0.0,0.0
33.74,0.0,0.0
33.74,0.0,0.0
33.749,0.0,0.0
33.749,0.0,0.0
33.749,0.0,0.0
33.749,0.0,0.0
33.749,0.0,0.0
33.749,0.0,0.0
33.749,0.0,0.0
33.749,0.0,0.0
33.759,0.0,0.0
33.759,0.0,0.0
33.759,0.0,0.0
33.759,0.0,0.0
33.759,0.0,0.0
33.759,0.0,0.0
33.759,0.0,0.0
33.771,0.0,0.0
33.771,0.0,0.0
33.771,0.0,0.0
33.771,0.0,0.0
33.771,0.0,0.0
33.771,0.0,0.0
33.771,0.0,0.0
33.779,0.0,0.0
33.779,0.0,0.0
33.779,0.0,0.0
33.779,0.0,0.0
33.779,0.0,0.0
33.779,0.0,0.0
33.779,0.0,0.0
33.779,0.0,0.0
33.779,0.0,0.0
33.79,0.0,0.0
33.79,0.0,0.0
33.79,0.0,0.0
33.79,0.0,0.0
33.79,0.0,0.0
33.79,0.0,0.0
33.798,0.0,0.0
33.798,0.0,0.0
33.798,0.0,0.0
33.798,0.0,0.0
33.798,0.0,0.0
33.798,0.0,0.0
33.798,0.0,0.0
33.798,0.0,0.0
33.798,0.0,0.0
33.81,0.0,0.0
33.81,0.0,0.0
33.81,0.0,0.0
33.81,0.0,0.0
33.81,0.0,0.0
33.81,0.0,0.0
33.81,0.0,0.0
33.81,0.0,0.0
33.81,0.0,0.0
33.81,0.0,0.0
33.821,0.0,0.0
33.821,0.0,0.0
33.821,0.0,0.0
33.821,0.0,0.0
33.821,0.0,0.0
33.821,0.0,0.0
33.821,0.0,0.0
33.829,0.0,0.0
33.829,0.0,0.0
33.829,0.0,0.0
33.829,0.0,0.0
33.829,0.0,0.0
33.829,0.0,0.0
33.839,0.0,0.0
33.839,0.0,0.0
33.839,0.0,0.0
33.839,0.0,0.0
33.839,0.0,0.0
33.839,0.0,0.0
33.839,0.0,0.0
33.839,0.0,0.0
33.85,0.0,0.0
33.85,0.0,0.0
33.85,0.0,0.0
33.85,0.0,0.0
33.85,0.0,0.0
33.85,0.0,0.0
33.85,0.0,0.0
33.86,0.0,0.0
33.86,0.0,0.0
33.86,0.0,0.0
33.86,0.0,0.0
33.86,0.0,0.0
33.86,0.0,0.0
33.86,0.0,0.0
33.86,0.0,0.0
33.86,0.0,0.0
33.871,0.0,0.0
33.871,0.0,0.0
33.871,0.0,0.0
33.871,0.0,0.0
33.871,0.0,0.0
33.871,0.0,0.0
33.871,0.0,0.0
33.871,0.0,0.0
33.871,0.0,0.0
33.88,0.0,0.0
33.88,0.0,0.0
33.88,0.0,0.0
33.88,0.0,0.0
33.88,0.0,0.0
33.88,0.0,0.0
33.88,0.0,0.0
33.89,0.0,0.0
33.89,0.0,0.0
33.89,0.0,0.0
33.89,0.0,0.0
33.89,0.0,0.0
33.89,0.0,0.0
33.89,0.0,0.0
33.9,0.0,0.0
33.9,0.0,0.0
33.9,0.0,0.0
33.9,0.0,0.0
33.9,0.0,0.0
33.9,0.0,0.0
33.9,0.0,0.0
33.9,0.0,0.0
33.9,0.0,0.0
33.91,0.0,0.0
33.91,0.0,0.0
33.91,0.0,0.0
33.91,0.0,0.0
33.91,0.0,0.0
33.91,0.0,0.0
33.91,0.0,0.0
33.91,0.0,0.0
33.91,0.0,0.0
33.92,0.0,0.0
33.92,0.0,0.0
33.92,0.0,0.0
33.92,0.0,0.0
33.92,0.0,0.0
33.92,0.0,0.0
33.92,0.0,0.0
33.93,0.0,0.0
33.93,0.0,0.0
33.93,0.0,0.0
33.93,0.0,0.0
33.93,0.0,0.0
33.93,0.0,0.0
33.93,0.0,0.0
33.93,0.0,0.0
33.939,0.0,0.0
33.939,0.0,0.0
33.939,0.0,0.0
33.939,0.0,0.0
33.939,0.0,0.0
33.939,0.0,0.0
33.939,0.0,0.0
33.939,0.0,0.0
33.939,0.0,0.0
33.95,0.0,0.0
33.95,0.0,0.0
33.95,0.0,0.0
33.95,0.0,0.0
33.95,0.0,0.0
33.95,0.0,0.0
33.96,0.0,0.0
33.96,0.0,0.0
33.96,0.0,0.0
33.96,0.0,0.0
33.96,0.0,0.0
33.96,0.0,0.0
33.96,0.0,0.0
33.96,0.0,0.0
33.96,0.0,0.0
33.97,0.0,0.0
33.97,0.0,0.0
33.97,0.0,0.0
33.97,0.0,0.0
33.97,0.0,0.0
33.97,0.0,0.0
33.97,0.0,0.0
33.98,0.0,0.0
33.98,0.0,0.0
33.98,0.0,0.0
33.98,0.0,0.0
33.98,0.0,0.0
33.98,0.0,0.0
33.98,0.0,0.0
33.98,0.0,0.0
33.989,0.0,0.0
33.989,0.0,0.0
33.989,0.0,0.0
33.989,0.0,0.0
33.989,0.0,0.0
33.989,0.0,0.0
33.989,0.0,0.0
33.989,0.0,0.0
33.999,0.0,0.0
33.999,0.0,0.0
33.999,0.0,0.0
33.999,0.0,0.0
33.999,0.0,0.0
33.999,0.0,0.0
33.999,0.0,0.0
33.999,0.0,0.0
33.999,0.0,0.0
33.999,0.0,0.0
34.01,0.0,0.0
34.01,0.0,0.0
34.01,0.0,0.0
34.01,0.0,0.0
34.01,0.0,0.0
34.01,0.0,0.0
34.01,0.0,0.0
34.021,0.0,0.0
34.021,0.0,0.0
34.021,0.0,0.0
34.021,0.0,0.0
34.021,0.0,0.0
34.021,0.0,0.0
34.021,0.0,0.0
34.03,0.0,0.0
34.03,0.0,0.0
34.03,0.0,0.0
34.03,0.0,0.0
34.03,0.0,0.0
34.03,0.0,0.0
34.03,0.0,0.0
34.03,0.0,0.0
34.03,0.0,0.0
34.04,0.0,0.0
34.04,0.0,0.0
34.04,0.0,0.0
34.04,0.0,0.0
34.04,0.0,0.0
34.04,0.0,0.0
34.04,0.0,0.0
34.05,0.0,0.0
34.05,0.0,0.0
34.05,0.0,0.0
34.05,0.0,0.0
34.05,0.0,0.0
34.05,0.0,0.0
34.059,0.0,0.0
34.059,0.0,0.0
34.059,0.0,0.0
34.059,0.0,0.0
34.059,0.0,0.0
34.059,0.0,0.0
34.059,0.0,0.0
34.059,0.0,0.0
34.059,0.0,0.0
34.059,0.0,0.0
34.071,0.0,0.0
34.071,0.0,0.0
34.071,0.0,0.0
34.071,0.0,0.0
34.071,0.0,0.0
34.071,0.0,0.0
34.071,0.0,0.0
34.071,0.0,0.0
34.079,0.0,0.0
34.079,0.0,0.0
34.079,0.0,0.0
34.079,0.0,0.0
34.079,0.0,0.0
34.079,0.0,0.0
34.079,0.0,0.0
34.079,0.0,0.0
34.079,0.0,0.0
34.079,0.0,0.0
34.079,0.0,0.0
34.09,0.0,0.0
34.09,0.0,0.0
34.09,0.0,0.0
34.09,0.0,0.0
34.09,0.0,0.0
34.09,0.0,0.0
34.09,0.0,0.0
34.09,0.0,0.0
34.099,0.0,0.0
34.099,0.0,0.0
34.099,0.0,0.0
34.099,0.0,0.0
34.099,0.0,0.0
34.099,0.0,0.0
34.099,0.0,0.0
34.099,0.0,0.0
34.11,0.0,0.0
34.11,0.0,0.0
34.11,0.0,0.0
34.11,0.0,0.0
34.11,0.0,0.0
34.11,0.0,0.0
34.121,0.0,0.0
34.121,0.0,0.0
34.121,0.0,0.0
34.121,0.0,0.0
34.121,0.0,0.0
34.121,0.0,0.0
34.121,0.0,0.0
34.129,0.0,0.0
34.129,0.0,0.0
34.129,0.0,0.0
34.129,0.0,0.0
34.129,0.0,0.0
34.129,0.0,0.0
34.129,0.0,0.0
34.129,0.0,0.0
34.129,0.0,0.0
34.14,0.0,0.0
34.14,0.0,0.0
34.14,0.0,0.0
34.14,0.0,0.0
34.14,0.0,0.0
34.14,0.0,0.0
34.14,0.0,0.0
34.14,0.0,0.0
34.149,0.0,0.0
34.149,0.0,0.0
34.149,0.0,0.0
34.149,0.0,0.0
34.149,0.0,0.0
34.149,0.0,0.0
34.149,0.0,0.0
34.149,0.0,0.0
34.149,0.0,0.0
34.149,0.0,0.0
34.16,0.0,0.0
34.16,0.0,0.0
34.16,0.0,0.0
34.16,0.0,0.0
34.16,0.0,0.0
34.16,0.0,0.0
34.16,0.0,0.0
34.16,0.0,0.0
34.16,0.0,0.0
34.17,0.0,0.0
34.17,0.0,0.0
34.17,0.0,0.0
34.17,0.0,0.0
34.17,0.0,0.0
34.17,0.0,0.0
34.17,0.0,0.0
34.17,0.0,0.0
34.179,0.0,0.0
34.179,0.0,0.0
34.179,0.0,0.0
34.179,0.0,0.0
34.179,0.0,0.0
34.179,0.0,0.0
34.179,0.0,0.0
34.179,0.0,0.0
34.179,0.0,0.0
34.19,0.0,0.0
34.19,0.0,0.0
34.19,0.0,0.0
34.19,0.0,0.0
34.19,0.0,0.0
34.19,0.0,0.0
34.19,0.0,0.0
34.19,0.0,0.0
34.2,0.0,0.0
34.2,0.0,0.0
34.2,0.0,0.0
34.2,0.0,0.0
34.2,0.0,0.0
34.2,0.0,0.0
34.2,0.0,0.0
34.2,0.0,0.0
34.208,0.0,0.0
34.208,0.0,0.0
34.208,0.0,0.0
34.208,0.0,0.0
34.208,0.0,0.0
34.208,0.0,0.0
34.22,0.0,0.0
34.22,0.0,0.0
34.22,0.0,0.0
34.22,0.0,0.0
34.22,0.0,0.0
34.22,0.0,0.0
34.22,0.0,0.0
34.22,0.0,0.0
34.229,0.0,0.0
34.229,0.0,0.0
34.229,0.0,0.0
34.229,0.0,0.0
34.229,0.0,0.0
34.229,0.0,0.0
34.229,0.0,0.0
34.229,0.0,0.0
34.229,0.0,0.0
34.24,0.0,0.0
34.24,0.0,0.0
34.24,0.0,0.0
34.24,0.0,0.0
34.24,0.0,0.0
34.24,0.0,0.0
34.24,0.0,0.0
34.24,0.0,0.0
34.24,0.0,0.0
34.25,0.0,0.0
34.25,0.0,0.0
34.25,0.0,0.0
34.25,0.0,0.0
34.25,0.0,0.0
34.25,0.0,0.0
34.25,0.0,0.0
34.25,0.0,0.0
34.25,0.0,0.0
34.26,0.0,0.0
34.26,0.0,0.0
34.26,0.0,0.0
34.26,0.0,0.0
34.26,0.0,0.0
34.26,0.0,0.0
34.26,0.0,0.0
34.26,0.0,0.0
34.26,0.0,0.0
34.271,0.0,0.0
34.271,0.0,0.0
34.271,0.0,0.0
34.271,0.0,0.0
34.271,0.0,0.0
34.28,0.0,0.0
34.28,0.0,0.0
34.28,0.0,0.0
34.28,0.0,0.0
34.28,0.0,0.0
34.28,0.0,0.0
34.28,0.0,0.0
34.28,0.0,0.0
34.289,0.0,0.0
34.289,0.0,0.0
34.289,0.0,0.0
34.289,0.0,0.0
34.289,0.0,0.0
34.289,0.0,0.0
34.289,0.0,0.0
34.289,0.0,0.0
34.289,0.0,0.0
34.3,0.0,0.0
34.3,0.0,0.0
34.3,0.0,0.0
34.3,0.0,0.0
34.3,0.0,0.0
34.3,0.0,0.0
34.3,0.0,0.0
34.3,0.0,0.0
34.3,0.0,0.0
34.309,0.0,0.0
34.309,0.0,0.0
34.309,0.0,0.0
34.309,0.0,0.0
34.309,0.0,0.0
34.309,0.0,0.0
34.309,0.0,0.0
34.309,0.0,0.0
34.32,0.0,0.0
34.32,0.0,0.0
34.32,0.0,0.0
34.32,0.0,0.0
34.32,0.0,0.0
34.32,0.0,0.0
34.32,0.0,0.0
34.329,0.0,0.0
34.329,0.0,0.0
34.329,0.0,0.0
34.329,0.0,0.0
34.329,0.0,0.0
34.329,0.0,0.0
34.329,0.0,0.0
34.329,0.0,0.0
34.329,0.0,0.0
34.329,0.0,0.0
34.34,0.0,0.0
34.34,0.0,0.0
34.34,0.0,0.0
34.34,0.0,0.0
34.34,0.0,0.0
34.34,0.0,0.0
34.34,0.0,0.0
34.34,0.0,0.0
34.349,0.0,0.0
34.349,0.0,0.0
34.349,0.0,0.0
34.349,0.0,0.0
34.349,0.0,0.0
34.349,0.0,0.0
34.349,0.0,0.0
34.349,0.0,0.0
34.36,0.0,0.0
34.36,0.0,0.0
34.36,0.0,0.0
34.36,0.0,0.0
34.36,0.0,0.0
34.36,0.0,0.0
34.36,0.0,0.0
34.36,0.0,0.0
34.36,0.0,0.0
34.371,0.0,0.0
34.371,0.0,0.0
34.371,0.0,0.0
34.371,0.0,0.0
34.371,0.0,0.0
34.371,0.0,0.0
34.371,0.0,0.0
34.371,0.0,0.0
34.371,0.0,0.0
34.379,0.0,0.0
34.379,0.0,0.0
34.379,0.0,0.0
34.379,0.0,0.0
34.379,0.0,0.0
34.379,0.0,0.0
34.379,0.0,0.0
34.379,0.0,0.0
34.389,0.0,0.0
34.389,0.0,0.0
34.389,0.0,0.0
34.389,0.0,0.0
34.389,0.0,0.0
34.389,0.0,0.0
34.389,0.0,0.0
34.389,0.0,0.0
34.399,0.0,0.0
34.399,0.0,0.0
34.399,0.0,0.0
34.399,0.0,0.0
34.399,0.0,0.0
34.399,0.0,0.0
34.399,0.0,0.0
34.41,0.0,0.0
34.41,0.0,0.0
34.41,0.0,0.0
34.41,0.0,0.0
34.41,0.0,0.0
34.41,0.0,0.0
34.41,0.0,0.0
34.41,0.0,0.0
34.41,0.0,0.0
34.41,0.0,0.0
34.41,0.0,0.0
34.41,0.0,0.0
34.41,0.0,0.0
34.423,0.0,0.0
34.423,0.0,0.0
34.423,0.0,0.0
34.423,0.0,0.0
34.423,0.0,0.0
34.43,0.0,0.0
34.43,0.0,0.0
34.43,0.0,0.0
34.43,0.0,0.0
34.43,0.0,0.0
34.43,0.0,0.0
34.43,0.0,0.0
34.43,0.0,0.0
34.43,0.0,0.0
34.439,0.0,0.0
34.439,0.0,0.0
34.439,0.0,0.0
34.439,0.0,0.0
34.439,0.0,0.0
34.439,0.0,0.0
34.439,0.0,0.0
34.439,0.0,0.0
34.439,0.0,0.0
34.45,0.0,0.0
34.45,0.0,0.0
34.45,0.0,0.0
34.45,0.0,0.0
34.45,0.0,0.0
34.45,0.0,0.0
34.45,0.0,0.0
34.459,0.0,0.0
34.459,0.0,0.0
34.459,0.0,0.0
34.459,0.0,0.0
34.459,0.0,0.0
34.459,0.0,0.0
34.459,0.0,0.0
34.459,0.0,0.0
34.459,0.0,0.0
34.459,0.0,0.0
34.471,0.0,0.0
34.471,0.0,0.0
34.471,0.0,0.0
34.471,0.0,0.0
34.471,0.0,0.0
34.471,0.0,0.0
34.471,0.0,0.0
34.479,0.0,0.0
34.479,0.0,0.0
34.479,0.0,0.0
34.479,0.0,0.0
34.479,0.0,0.0
34.479,0.0,0.0
34.479,0.0,0.0
34.479,0.0,0.0
34.479,0.0,0.0
34.489,0.0,0.0
34.489,0.0,0.0
34.489,0.0,0.0
34.489,0.0,0.0
34.489,0.0,0.0
34.489,0.0,0.0
34.489,0.0,0.0
34.489,0.0,0.0
34.499,0.0,0.0
34.499,0.0,0.0
34.499,0.0,0.0
34.499,0.0,0.0
34.499,0.0,0.0
34.499,0.0,0.0
34.499,0.0,0.0
34.499,0.0,0.0
34.499,0.0,0.0
34.51,0.0,0.0
34.51,0.0,0.0
34.51,0.0,0.0
34.51,0.0,0.0
34.51,0.0,0.0
34.51,0.0,0.0
34.51,0.0,0.0
34.51,0.0,0.0
34.51,0.0,0.0
34.51,0.0,0.0
34.51,0.0,0.0
34.52,0.0,0.0
34.52,0.0,0.0
34.52,0.0,0.0
34.52,0.0,0.0
34.52,0.0,0.0
34.529,0.0,0.0
34.529,0.0,0.0
34.529,0.0,0.0
34.529,0.0,0.0
34.529,0.0,0.0
34.529,0.0,0.0
34.529,0.0,0.0
34.529,0.0,0.0
34.539,0.0,0.0
34.539,0.0,0.0
34.539,0.0,0.0
34.539,0.0,0.0
34.539,0.0,0.0
34.539,0.0,0.0
34.539,0.0,0.0
34.539,0.0,0.0
34.55,0.0,0.0
34.55,0.0,0.0
34.55,0.0,0.0
34.55,0.0,0.0
34.55,0.0,0.0
34.55,0.0,0.0
34.55,0.0,0.0
34.559,0.0,0.0
34.559,0.0,0.0
34.61,0.0,0.0
34.61,0.0,0.0
34.61,0.0,0.0
34.61,0.0,0.0
34.61,0.0,0.0
34.61,0.0,0.0
34.61,0.0,0.0
34.622,0.0,0.0
34.622,0.0,0.0
34.622,0.0,0.0
34.622,0.0,0.0
34.622,0.0,0.0
34.622,0.0,0.0
34.622,0.0,0.0
34.63,0.0,0.0
34.63,0.0,0.0
34.63,0.0,0.0
34.63,0.0,0.0
34.63,0.0,0.0
34.63,0.0,0.0
34.63,0.0,0.0
34.64,0.0,0.0
34.64,0.0,0.0
34.64,0.0,0.0
34.64,0.0,0.0
34.64,0.0,0.0
34.64,0.0,0.0
34.64,0.0,0.0
34.64,0.0,0.0
34.64,0.0,0.0
34.64,0.0,0.0
34.64,0.0,0.0
34.649,0.0,0.0
34.649,0.0,0.0
34.649,0.0,0.0
34.649,0.0,0.0
34.649,0.0,0.0
34.649,0.0,0.0
34.649,0.0,0.0
34.649,0.0,0.0
34.659,0.0,0.0
34.659,0.0,0.0
34.659,0.0,0.0
34.659,0.0,0.0
34.659,0.0,0.0
34.659,0.0,0.0
34.659,0.0,0.0
34.659,0.0,0.0
34.659,0.0,0.0
34.659,0.0,0.0
34.671,0.0,0.0
34.671,0.0,0.0
34.671,0.0,0.0
34.671,0.0,0.0
34.671,0.0,0.0
34.671,0.0,0.0
34.671,0.0,0.0
34.671,0.0,0.0
34.679,0.0,0.0
34.679,0.0,0.0
34.679,0.0,0.0
34.679,0.0,0.0
34.679,0.0,0.0
34.679,0.0,0.0
34.679,0.0,0.0
34.69,0.0,0.0
34.69,0.0,0.0
34.69,0.0,0.0
34.69,0.0,0.0
34.69,0.0,0.0
34.69,0.0,0.0
34.7,0.0,0.0
34.7,0.0,0.0
34.7,0.0,0.0
34.7,0.0,0.0
34.7,0.0,0.0
34.7,0.0,0.0
34.7,0.0,0.0
34.7,0.0,0.0
34.7,0.0,0.0
34.709,0.0,0.0
34.709,0.0,0.0
34.709,0.0,0.0
34.709,0.0,0.0
34.709,0.0,0.0
34.709,0.0,0.0
34.709,0.0,0.0
34.709,0.0,0.0
34.721,0.0,0.0
34.721,0.0,0.0
34.721,0.0,0.0
34.721,0.0,0.0
34.721,0.0,0.0
34.73,0.0,0.0
34.73,0.0,0.0
34.73,0.0,0.0
34.73,0.0,0.0
34.73,0.0,0.0
34.73,0.0,0.0
34.73,0.0,0.0
34.739,0.0,0.0
34.739,0.0,0.0
34.739,0.0,0.0
34.739,0.0,0.0
34.739,0.0,0.0
34.739,0.0,0.0
34.739,0.0,0.0
34.739,0.0,0.0
34.739,0.0,0.0
34.747,0.0,0.0
34.747,0.0,0.0
34.747,0.0,0.0
34.747,0.0,0.0
34.747,0.0,0.0
34.747,0.0,0.0
34.759,0.0,0.0
34.759,0.0,0.0
34.759,0.0,0.0
34.759,0.0,0.0
34.759,0.0,0.0
34.759,0.0,0.0
34.759,0.0,0.0
34.759,0.0,0.0
34.759,0.0,0.0
34.759,0.0,0.0
34.759,0.0,0.0
34.77,0.0,0.0
34.77,0.0,0.0
34.77,0.0,0.0
34.77,0.0,0.0
34.77,0.0,0.0
34.77,0.0,0.0
34.78,0.0,0.0
34.78,0.0,0.0
34.78,0.0,0.0
34.78,0.0,0.0
34.78,0.0,0.0
34.78,0.0,0.0
34.78,0.0,0.0
34.789,0.0,0.0
34.789,0.0,0.0
34.789,0.0,0.0
34.789,0.0,0.0
34.789,0.0,0.0
34.789,0.0,0.0
34.789,0.0,0.0
34.789,0.0,0.0
34.789,0.0,0.0
34.789,0.0,0.0
34.799,0.0,0.0
34.799,0.0,0.0
34.799,0.0,0.0
34.799,0.0,0.0
34.799,0.0,0.0
34.809,0.0,0.0
34.809,0.0,0.0
34.809,0.0,0.0
34.809,0.0,0.0
34.809,0.0,0.0
34.809,0.0,0.0
34.82,0.0,0.0
34.82,0.0,0.0
34.82,0.0,0.0
34.82,0.0,0.0
34.82,0.0,0.0
34.82,0.0,0.0
34.82,0.0,0.0
34.82,0.0,0.0
34.82,0.0,0.0
34.829,0.0,0.0
34.829,0.0,0.0
34.829,0.0,0.0
34.829,0.0,0.0
34.829,0.0,0.0
34.829,0.0,0.0
34.829,0.0,0.0
34.829,0.0,0.0
34.829,0.0,0.0
34.839,0.0,0.0
34.839,0.0,0.0
34.839,0.0,0.0
34.839,0.0,0.0
34.839,0.0,0.0
34.839,0.0,0.0
34.839,0.0,0.0
34.839,0.0,0.0
34.839,0.0,0.0
34.85,0.0,0.0
34.85,0.0,0.0
34.85,0.0,0.0
34.85,0.0,0.0
34.85,0.0,0.0
34.85,0.0,0.0
34.85,0.0,0.0
34.85,0.0,0.0
34.85,0.0,0.0
34.859,0.0,0.0
34.859,0.0,0.0
34.859,0.0,0.0
34.859,0.0,0.0
34.859,0.0,0.0
34.859,0.0,0.0
34.859,0.0,0.0
34.859,0.0,0.0
34.859,0.0,0.0
34.859,0.0,0.0
34.859,0.0,0.0
34.859,0.0,0.0
34.87,0.0,0.0
34.87,0.0,0.0
34.87,0.0,0.0
34.87,0.0,0.0
34.87,0.0,0.0
34.87,0.0,0.0
34.87,0.0,0.0
34.87,0.0,0.0
34.87,0.0,0.0
34.88,0.0,0.0
34.88,0.0,0.0
34.88,0.0,0.0
34.88,0.0,0.0
34.88,0.0,0.0
34.88,0.0,0.0
34.88,0.0,0.0
34.88,0.0,0.0
34.88,0.0,0.0
34.888,0.0,0.0
34.888,0.0,0.0
34.888,0.0,0.0
34.888,0.0,0.0
34.888,0.0,0.0
34.888,0.0,0.0
34.888,0.0,0.0
34.888,0.0,0.0
34.888,0.0,0.0
34.888,0.0,0.0
34.899,0.0,0.0
34.899,0.0,0.0
34.899,0.0,0.0
34.899,0.0,0.0
34.899,0.0,0.0
34.899,0.0,0.0
34.899,0.0,0.0
34.899,0.0,0.0
34.899,0.0,0.0
34.908,0.0,0.0
34.908,0.0,0.0
34.908,0.0,0.0
34.908,0.0,0.0
34.908,0.0,0.0
34.908,0.0,0.0
34.908,0.0,0.0
34.908,0.0,0.0
34.908,0.0,0.0
34.908,0.0,0.0
34.908,0.0,0.0
34.92,0.0,0.0
34.92,0.0,0.0
34.92,0.0,0.0
34.92,0.0,0.0
34.92,0.0,0.0
34.92,0.0,0.0
34.92,0.0,0.0
34.92,0.0,0.0
34.929,0.0,0.0
34.929,0.0,0.0
34.929,0.0,0.0
34.929,0.0,0.0
34.929,0.0,0.0
34.929,0.0,0.0
34.929,0.0,0.0
34.929,0.0,0.0
34.929,0.0,0.0
34.929,0.0,0.0
34.94,0.0,0.0
34.94,0.0,0.0
34.94,0.0,0.0
34.94,0.0,0.0
34.94,0.0,0.0
34.94,0.0,0.0
34.94,0.0,0.0
34.94,0.0,0.0
34.94,0.0,0.0
34.949,0.0,0.0
34.949,0.0,0.0
34.949,0.0,0.0
34.949,0.0,0.0
34.949,0.0,0.0
34.949,0.0,0.0
34.949,0.0,0.0
34.949,0.0,0.0
34.949,0.0,0.0
34.949,0.0,0.0
34.949,0.0,0.0
34.96,0.0,0.0
34.96,0.0,0.0
34.96,0.0,0.0
34.96,0.0,0.0
34.96,0.0,0.0
34.96,0.0,0.0
34.96,0.0,0.0
34.96,0.0,0.0
34.96,0.0,0.0
34.96,0.0,0.0
34.971,0.0,0.0
34.971,0.0,0.0
34.971,0.0,0.0
34.971,0.0,0.0
34.971,0.0,0.0
34.971,0.0,0.0
34.971,0.0,0.0
34.971,0.0,0.0
34.979,0.0,0.0
34.979,0.0,0.0
34.979,0.0,0.0
34.979,0.0,0.0
34.979,0.0,0.0
34.979,0.0,0.0
34.979,0.0,0.0
34.979,0.0,0.0
34.979,0.0,0.0
34.979,0.0,0.0
34.979,0.0,0.0
34.989,0.0,0.0
34.989,0.0,0.0
34.989,0.0,0.0
34.989,0.0,0.0
34.989,0.0,0.0
34.989,0.0,0.0
34.989,0.0,0.0
34.989,0.0,0.0
34.989,0.0,0.0
35.0,0.0,0.0
35.0,0.0,0.0
35.0,0.0,0.0
35.0,0.0,0.0
35.0,0.0,0.0
35.0,0.0,0.0
35.0,0.0,0.0
35.0,0.0,0.0
35.0,0.0,0.0
35.0,0.0,0.0
35.009,0.0,0.0
35.009,0.0,0.0
35.009,0.0,0.0
35.009,0.0,0.0
35.009,0.0,0.0
35.009,0.0,0.0
35.009,0.0,0.0
35.009,0.0,0.0
35.009,0.0,0.0
35.009,0.0,0.0
35.009,0.0,0.0
35.021,0.0,0.0
35.021,0.0,0.0
35.021,0.0,0.0
35.021,0.0,0.0
35.021,0.0,0.0
35.021,0.0,0.0
35.021,0.0,0.0
35.021,0.0,0.0
35.029,0.0,0.0
35.029,0.0,0.0
35.029,0.0,0.0
35.029,0.0,0.0
35.029,0.0,0.0
35.029,0.0,0.0
35.029,0.0,0.0
35.029,0.0,0.0
35.029,0.0,0.0
35.029,0.0,0.0
35.039,0.0,0.0
35.039,0.0,0.0
35.039,0.0,0.0
35.039,0.0,0.0
35.039,0.0,0.0
35.039,0.0,0.0
35.039,0.0,0.0
35.039,0.0,0.0
35.039,0.0,0.0
35.039,0.0,0.0
35.05,0.0,0.0
35.05,0.0,0.0
35.05,0.0,0.0
35.05,0.0,0.0
35.05,0.0,0.0
35.05,0.0,0.0
35.05,0.0,0.0
35.05,0.0,0.0
35.05,0.0,0.0
35.06,0.0,0.0
35.06,0.0,0.0
35.06,0.0,0.0
35.06,0.0,0.0
35.06,0.0,0.0
35.06,0.0,0.0
35.06,0.0,0.0
35.06,0.0,0.0
35.06,0.0,0.0
35.06,0.0,0.0
35.06,0.0,0.0
35.06,0.0,0.0
35.071,0.0,0.0
35.071,0.0,0.0
35.071,0.0,0.0
35.071,0.0,0.0
35.071,0.0,0.0
35.071,0.0,0.0
35.071,0.0,0.0
35.071,0.0,0.0
35.079,0.0,0.0
35.079,0.0,0.0
35.079,0.0,0.0
35.079,0.0,0.0
35.079,0.0,0.0
35.079,0.0,0.0
35.079,0.0,0.0
35.089,0.0,0.0
35.089,0.0,0.0
35.089,0.0,0.0
35.089,0.0,0.0
35.089,0.0,0.0
