vz_d,vx_d,trial_num,landing_rate,RREV_threshold,G1,G2,RREV_sig,G1_sig,G2_sig,RREV_trigger,OF_y,My_d,impact_eul,alpha_mu,alpha_sigma,mu_ini,sigma_ini
1.5,0.0,0,0.0,4.81,9.69,2.22,0.01,0.17,0.02,,,,,[0. 0.],[0. 0.],[5.47 4.49 3.57],[2. 2. 2.]
1.5,0.0,1,0.0,15.17,6.04,6.3,1.23,0.72,0.08,,,,,[0. 0.],[0. 0.],[2.08 5.95 3.96],[2. 2. 2.]
1.5,0.0,2,0.0,1.1,6.36,2.43,0.0,0.01,0.09,,,,,[0. 0.],[0. 0.],[1.26 6.07 4.5 ],[2. 2. 2.]
1.5,0.0,3,0.0,4.89,8.53,4.55,0.04,0.05,0.02,,,,,[0. 0.],[0. 0.],[6.37 6.68 2.3 ],[2. 2. 2.]
1.5,0.0,4,0.0,1.08,6.66,3.39,0.01,0.02,0.87,,,,,[0. 0.],[0. 0.],[1.5  4.   3.05],[2. 2. 2.]
1.5,0.0,5,0.0,12.56,0.23,5.55,0.3,0.0,0.04,,,,,[0. 0.],[0. 0.],[2.97 4.94 4.64],[2. 2. 2.]
1.5,0.25,0,0.0,10.02,6.84,1.22,0.06,0.04,0.38,,,,,[0. 0.],[0. 0.],[4.84 4.72 3.11],[2. 2. 2.]
1.5,0.25,1,0.0,2.05,3.47,7.81,0.04,0.04,0.16,,,,,[0. 0.],[0. 0.],[2.   5.68 4.19],[2. 2. 2.]
1.5,0.25,2,0.0,3.51,1.7,5.45,0.04,0.02,0.1,,,,,[0. 0.],[0. 0.],[2.6  2.19 1.15],[2. 2. 2.]
1.5,0.25,4,0.04545454680919647,5.39,5.3,2.66,0.01,0.0,0.1,6.2139999999999995,-0.912,-3.056,-59.4867250941681,[0. 0.],[0. 0.],[5.95 4.72 3.49],[2. 2. 2.]
1.5,0.25,5,0.03846153989434242,5.08,7.48,7.19,0.01,0.4,0.23,6.229,-0.914,-4.1610000000000005,-70.50686972489345,[0. 0.],[0. 0.],[5.47 6.05 5.45],[2. 2. 2.]
1.5,0.5,0,0.0,3.85,2.49,2.84,0.15,0.0,0.01,,,,,[0. 0.],[0. 0.],[4.99 6.46 4.15],[2. 2. 2.]
1.5,0.5,1,0.0,7.09,1.91,4.69,0.34,0.01,0.02,,,,,[0. 0.],[0. 0.],[2.17 3.94 1.51],[2. 2. 2.]
1.5,0.5,2,0.0,12.4,14.17,8.25,0.63,0.83,0.38,,,,,[0. 0.],[0. 0.],[1.43 6.59 6.28],[2. 2. 2.]
1.5,0.5,4,0.0,4.45,5.26,15.12,0.05,0.09,0.06,,,,,[0. 0.],[0. 0.],[3.2  5.54 4.3 ],[2. 2. 2.]
1.5,0.5,5,0.0,4.96,10.9,12.43,0.05,0.05,0.11,,,,,[0. 0.],[0. 0.],[6.74 6.7  2.88],[2. 2. 2.]
1.5,0.75,0,0.0,4.5,10.79,1.28,0.05,2.92,0.14,,,,,[0. 0.],[0. 0.],[5.93 5.27 1.57],[2. 2. 2.]
1.5,0.75,1,0.0,1.49,3.74,1.69,0.0,0.45,0.04,,,,,[0. 0.],[0. 0.],[2.48 6.17 1.5 ],[2. 2. 2.]
1.5,0.75,2,0.0,5.12,8.26,3.26,0.01,0.34,0.01,,,,,[0. 0.],[0. 0.],[6.65 6.87 3.86],[2. 2. 2.]
1.5,0.75,3,0.0,12.62,9.33,3.5,0.01,0.06,0.08,,,,,[0. 0.],[0. 0.],[6.84 4.29 3.28],[2. 2. 2.]
1.5,0.75,4,0.0,2.89,4.09,6.18,0.02,0.01,0.02,,,,,[0. 0.],[0. 0.],[1.39 4.48 3.74],[2. 2. 2.]
1.5,0.75,5,0.0,13.39,6.36,3.09,0.86,0.03,0.32,,,,,[0. 0.],[0. 0.],[5.61 5.62 3.2 ],[2. 2. 2.]
1.5,1.0,0,0.4166666567325592,5.15,5.68,2.05,0.55,0.02,0.0,5.6158,-3.2966,-2.5164,-99.05707857350528,[0. 0.],[0. 0.],[4.19 2.7  1.92],[2. 2. 2.]
1.5,1.0,1,0.1111111119389534,5.31,7.21,2.9,0.04,0.2,0.27,5.8709999999999996,-3.4456666666666664,-3.1946666666666665,-87.7216935341872,[0. 0.],[0. 0.],[6.98 5.41 5.24],[2. 2. 2.]
1.5,1.0,2,0.0,4.22,5.88,9.15,0.0,0.01,0.01,,,,,[0. 0.],[0. 0.],[4.48 4.84 4.11],[2. 2. 2.]
1.5,1.0,3,0.0,5.52,7.32,2.01,0.06,0.9,0.02,,,,,[0. 0.],[0. 0.],[3.97 6.29 2.3 ],[2. 2. 2.]
1.5,1.0,5,0.03448275849223137,4.83,11.44,2.74,0.1,0.74,0.2,4.997,-2.9339999999999997,-5.7989999999999995,-132.32610996119155,[0. 0.],[0. 0.],[6.37 6.88 4.81],[2. 2. 2.]
1.5,1.25,2,0.25,5.13,7.12,1.26,0.16,0.47,0.22,5.4276,-3.9823999999999997,-3.3897999999999997,-97.72202335305498,[0. 0.],[0. 0.],[1.58 4.59 4.35],[2. 2. 2.]
1.5,1.25,3,0.1599999964237213,5.0,7.59,0.36,0.0,0.12,0.01,5.309,-3.8955,-3.90575,-106.94223757149211,[0. 0.],[0. 0.],[6.12 5.39 1.08],[2. 2. 2.]
1.5,1.25,4,0.23333333432674408,5.19,10.38,3.34,0.14,0.09,0.26,5.271285714285715,-3.8677142857142863,-4.138428571428571,-99.91110493421154,[0. 0.],[0. 0.],[4.86 3.43 1.48],[2. 2. 2.]
1.5,1.5,0,0.4482758641242981,5.13,12.44,4.23,0.06,0.32,0.02,5.241076923076922,-4.614461538461538,-4.62276923076923,-107.40803272470784,[0. 0.],[0. 0.],[6.54 5.51 3.74],[2. 2. 2.]
1.5,1.5,5,0.23333333432674408,5.63,7.53,1.4,0.05,0.15,0.71,5.983857142857144,-5.268285714285715,-3.6710000000000003,-81.97563838763035,[0. 0.],[0. 0.],[4.48 4.13 2.36],[2. 2. 2.]
1.5,1.75,0,0.5199999809265137,4.9,12.8,1.12,0.45,0.02,0.01,5.282769230769231,-5.426461538461538,-6.148076923076923,-105.40522866753622,[0. 0.],[0. 0.],[4.68 4.39 1.02],[2. 2. 2.]
1.5,1.75,1,0.4137931168079376,5.01,12.52,2.24,0.12,0.18,0.02,5.374083333333334,-5.520499999999999,-5.486083333333333,-106.10444822539426,[0. 0.],[0. 0.],[6.26 3.08 2.48],[2. 2. 2.]
1.5,1.75,3,0.4642857015132904,5.67,6.5,2.69,0.03,0.06,0.01,6.137307692307692,-6.304000000000001,-2.300461538461538,-75.55416785461912,[0. 0.],[0. 0.],[6.08 4.63 3.21],[2. 2. 2.]
1.5,2.0,3,0.0,3.0,8.68,6.26,0.02,0.0,0.06,,,,,[0. 0.],[0. 0.],[2.93 6.49 5.7 ],[2. 2. 2.]
1.5,2.0,4,0.5333333611488342,5.58,7.08,1.41,0.01,0.01,0.08,6.0473125,-7.0995625,-3.302625,-79.41080638105353,[0. 0.],[0. 0.],[1.36 4.81 1.69],[2. 2. 2.]
1.5,2.0,5,0.0,2.21,3.66,1.68,0.01,0.01,0.05,,,,,[0. 0.],[0. 0.],[1.3  3.31 1.1 ],[2. 2. 2.]
1.5,2.25,0,0.7666666507720947,5.31,8.86,1.47,0.0,0.01,0.26,5.8533043478260876,-7.7308260869565215,-4.004782608695652,-89.38500949893448,[0. 0.],[0. 0.],[4.93 6.16 1.63],[2. 2. 2.]
1.5,2.25,1,0.699999988079071,5.45,10.02,1.79,0.0,0.22,0.63,5.943476190476191,-7.8497619047619045,-4.455952380952381,-84.38206459562599,[0. 0.],[0. 0.],[6.07 5.65 1.19],[2. 2. 2.]
1.5,2.25,4,0.7333333492279053,5.23,14.39,4.24,0.16,0.22,0.1,5.837954545454545,-7.710636363636365,-5.226590909090909,-88.5932290696044,[0. 0.],[0. 0.],[6.69 6.86 3.81],[2. 2. 2.]
1.5,2.5,3,0.6363636255264282,5.58,4.6,0.69,0.01,0.0,0.02,6.108571428571429,-8.964714285714285,-2.1919285714285714,-75.54312841169346,[0. 0.],[0. 0.],[6.43 2.91 2.58],[2. 2. 2.]
1.5,2.5,5,0.8999999761581421,4.98,11.24,1.32,0.01,0.13,0.01,5.597592592592592,-8.214370370370368,-5.225296296296296,-95.07508220234706,[0. 0.],[0. 0.],[4.91 2.25 1.62],[2. 2. 2.]
1.75,0.0,0,0.0,11.34,7.22,6.96,0.03,0.29,0.0,,,,,[0. 0.],[0. 0.],[6.1  6.52 5.71],[2. 2. 2.]
1.75,0.0,1,0.0,1.19,5.09,3.96,0.01,0.13,0.06,,,,,[0. 0.],[0. 0.],[2.09 5.49 3.06],[2. 2. 2.]
1.75,0.0,2,0.0,13.95,5.4,5.44,0.05,0.04,0.08,,,,,[0. 0.],[0. 0.],[4.51 4.73 4.69],[2. 2. 2.]
1.75,0.0,3,,1.68,19.66,2.72,0.02,0.08,0.07,,,,,[0. 0.],[0. 0.],[1.66 5.46 2.57],[2. 2. 2.]
1.75,0.0,4,0.0,10.28,9.88,3.53,0.1,0.1,0.14,,,,,[0. 0.],[0. 0.],[5.56 4.75 2.14],[2. 2. 2.]
1.75,0.25,0,0.0,14.07,13.58,6.66,0.88,0.07,0.26,,,,,[0. 0.],[0. 0.],[1.96 6.01 3.13],[2. 2. 2.]
1.75,0.25,1,0.0416666679084301,5.19,4.45,4.98,0.0,0.02,0.32,6.25,-0.8,-2.394,-57.640600127558976,[0. 0.],[0. 0.],[5.2  3.16 3.  ],[2. 2. 2.]
1.75,0.25,2,0.0,7.32,1.29,5.41,0.12,0.02,0.03,,,,,[0. 0.],[0. 0.],[6.52 2.48 1.75],[2. 2. 2.]
1.75,0.25,3,0.0,13.75,5.98,3.73,0.14,2.77,0.03,,,,,[0. 0.],[0. 0.],[6.96 2.   1.82],[2. 2. 2.]
1.75,0.25,4,0.0,8.61,11.34,2.77,0.53,0.9,0.33,,,,,[0. 0.],[0. 0.],[3.36 4.61 2.72],[2. 2. 2.]
1.75,0.25,5,0.0,3.59,1.18,1.85,0.03,0.05,0.04,,,,,[0. 0.],[0. 0.],[3.25 1.94 1.04],[2. 2. 2.]
1.75,0.5,0,0.0,3.25,1.44,2.68,0.0,0.02,0.35,,,,,[0. 0.],[0. 0.],[2.41 3.12 1.23],[2. 2. 2.]
1.75,0.5,1,0.07692307978868484,5.64,6.86,2.83,0.02,0.07,0.03,6.253,-1.6005,-3.834,-71.1397455851753,[0. 0.],[0. 0.],[5.98 5.6  3.88],[2. 2. 2.]
1.75,0.5,2,0.0,2.0,2.16,0.61,0.0,0.25,0.27,,,,,[0. 0.],[0. 0.],[3.83 5.04 1.42],[2. 2. 2.]
1.75,0.5,3,0.0,5.14,9.38,4.12,0.11,0.77,0.14,,,,,[0. 0.],[0. 0.],[3.76 6.81 3.3 ],[2. 2. 2.]
1.75,0.5,4,0.2142857164144516,5.95,4.87,4.48,0.01,0.1,0.68,6.190666666666668,-1.5843333333333334,-2.330666666666667,-66.49217791826987,[0. 0.],[0. 0.],[5.72 6.67 4.52],[2. 2. 2.]
1.75,0.5,5,0.03703703731298447,5.07,6.12,4.86,0.03,2.27,0.11,6.222,-1.59,-1.719,-69.9765108527655,[0. 0.],[0. 0.],[6.55 6.62 4.38],[2. 2. 2.]
1.75,0.75,0,0.0,4.88,11.93,0.41,0.02,0.05,0.01,,,,,[0. 0.],[0. 0.],[3.68 5.1  1.19],[2. 2. 2.]
1.75,0.75,3,0.0,4.08,6.3,1.15,0.33,0.71,0.26,,,,,[0. 0.],[0. 0.],[1.06 2.43 1.88],[2. 2. 2.]
1.75,0.75,4,0.0,15.36,7.72,2.23,0.81,0.33,0.26,,,,,[0. 0.],[0. 0.],[4.48 5.84 1.85],[2. 2. 2.]
1.75,0.75,5,0.0,5.46,6.01,2.2,0.04,0.07,0.04,,,,,[0. 0.],[0. 0.],[6.43 3.84 3.43],[2. 2. 2.]
1.75,1.0,0,0.0,2.14,4.34,4.8,0.0,0.01,0.03,,,,,[0. 0.],[0. 0.],[2.78 6.18 5.99],[2. 2. 2.]
1.75,1.0,1,0.0,12.72,8.98,1.76,1.27,0.87,0.1,,,,,[0. 0.],[0. 0.],[5.17 2.63 1.02],[2. 2. 2.]
1.75,1.0,2,0.0,3.27,2.15,1.95,0.13,0.1,0.02,,,,,[0. 0.],[0. 0.],[2.6  3.5  2.96],[2. 2. 2.]
1.75,1.0,3,0.06666667014360428,4.85,10.46,1.66,0.02,0.63,0.03,4.964,-2.5395000000000003,-4.834,-145.6317073591061,[0. 0.],[0. 0.],[2.07 3.11 2.45],[2. 2. 2.]
1.75,1.0,4,0.0,7.98,9.83,1.23,0.91,0.17,0.36,,,,,[0. 0.],[0. 0.],[6.42 6.41 2.87],[2. 2. 2.]
1.75,1.0,5,0.26923078298568726,5.05,5.9,4.2,0.12,0.0,0.9,5.932571428571428,-3.0354285714285716,-2.178142857142857,-78.92736894177077,[0. 0.],[0. 0.],[3.02 5.3  1.07],[2. 2. 2.]
1.75,1.25,3,0.4615384638309479,5.16,5.46,2.0,0.02,0.01,0.06,5.6883333333333335,-3.63925,-2.3802499999999998,-82.75763410380539,[0. 0.],[0. 0.],[5.1  5.02 2.51],[2. 2. 2.]
1.75,1.5,2,0.2666666805744171,5.0,12.63,1.13,0.22,0.67,0.12,5.296125,-4.0657499999999995,-6.2170000000000005,-128.69633223909514,[0. 0.],[0. 0.],[5.79 6.99 1.95],[2. 2. 2.]
1.75,1.5,4,0.44999998807907104,5.81,5.28,1.85,0.01,0.02,0.23,6.053111111111111,-4.646555555555555,-2.3746666666666667,-70.66451550452906,[0. 0.],[0. 0.],[6.57 5.59 4.31],[2. 2. 2.]
1.75,1.75,3,0.9583333134651184,4.95,6.27,2.0,0.01,0.03,0.13,5.8163478260869566,-5.210217391304349,-2.6183478260869566,-80.10215384774797,[0. 0.],[0. 0.],[2.63 5.71 4.73],[2. 2. 2.]
1.75,1.75,5,0.6333333253860474,5.09,9.88,3.7,0.04,0.26,0.02,5.578947368421052,-4.996842105263158,-3.691789473684211,-92.75367503571992,[0. 0.],[0. 0.],[2.79 5.21 4.63],[2. 2. 2.]
1.75,2.0,3,0.7586206793785095,5.24,8.95,4.06,0.07,0.01,0.02,5.831363636363636,-5.96881818181818,-2.793818181818182,-82.19853309944575,[0. 0.],[0. 0.],[5.35 6.61 5.21],[2. 2. 2.]
1.75,2.0,4,0.9599999785423279,5.04,5.93,1.51,0.02,0.15,0.03,5.760625,-5.896708333333333,-2.591833333333333,-79.45225231834758,[0. 0.],[0. 0.],[5.88 6.7  5.07],[2. 2. 2.]
1.75,2.0,5,1.0,4.75,8.38,1.96,0.09,1.5,0.46,5.603285714285714,-5.7362142857142855,-3.404357142857143,-91.49834706233176,[0. 0.],[0. 0.],[4.27 2.1  1.26],[2. 2. 2.]
1.75,2.25,0,0.8999999761581421,4.81,4.32,0.41,0.0,0.15,0.17,5.746055555555555,-6.617500000000001,-2.147222222222222,-88.10732539250691,[0. 0.],[0. 0.],[4.35 4.12 1.14],[2. 2. 2.]
1.75,2.25,1,0.9666666388511658,4.97,10.59,2.96,0.01,0.09,0.1,5.722827586206896,-6.590620689655173,-4.113310344827587,-89.66399504467256,[0. 0.],[0. 0.],[3.2  6.46 5.8 ],[2. 2. 2.]
1.75,2.25,5,0.699999988079071,5.25,9.82,1.45,0.01,0.41,0.0,5.714619047619047,-6.580285714285713,-4.827,-87.24292472592846,[0. 0.],[0. 0.],[6.96 6.2  1.44],[2. 2. 2.]
1.75,2.5,0,0.7857142686843872,5.37,8.25,3.13,0.0,0.32,0.01,5.8183181818181815,-7.445681818181819,-2.446909090909091,-87.89684480913932,[0. 0.],[0. 0.],[2.29 5.01 2.83],[2. 2. 2.]
1.75,2.5,2,1.0,4.81,8.23,1.52,0.03,0.25,0.03,5.6089,-7.178049999999999,-3.5483999999999996,-92.32439718577874,[0. 0.],[0. 0.],[4.1  2.9  1.42],[2. 2. 2.]
2.0,0.0,0,0.0,1.73,2.8,2.35,0.03,0.02,0.45,,,,,[0. 0.],[0. 0.],[1.53 2.64 1.69],[2. 2. 2.]
2.0,0.0,1,,0.51,7.41,2.92,0.01,0.1,0.17,,,,,[0. 0.],[0. 0.],[4.16 6.74 2.52],[2. 2. 2.]
2.0,0.0,2,0.0,4.77,5.99,6.15,0.0,0.11,0.07,,,,,[0. 0.],[0. 0.],[4.49 6.05 5.67],[2. 2. 2.]
2.0,0.0,3,0.0,1.09,5.6,11.99,0.0,0.11,0.01,,,,,[0. 0.],[0. 0.],[2.05 6.54 4.51],[2. 2. 2.]
2.0,0.0,4,,6.25,9.3,4.95,0.03,0.01,0.0,,,,,[0. 0.],[0. 0.],[5.53 5.24 4.2 ],[2. 2. 2.]
2.0,0.25,0,0.0,4.97,7.11,1.53,0.06,0.45,0.06,,,,,[0. 0.],[0. 0.],[4.56 3.82 1.71],[2. 2. 2.]
2.0,0.25,1,0.0,5.05,6.1,1.37,0.03,0.45,0.78,,,,,[0. 0.],[0. 0.],[2.67 5.14 2.55],[2. 2. 2.]
2.0,0.25,2,0.0,1.56,3.6,4.9,0.0,0.34,0.04,,,,,[0. 0.],[0. 0.],[2.23 4.94 1.96],[2. 2. 2.]
2.0,0.25,3,0.03333333507180214,5.05,12.95,4.36,0.03,0.17,0.06,5.088,-0.5760000000000001,-6.414,-163.32385838412299,[0. 0.],[0. 0.],[3.43 6.28 1.98],[2. 2. 2.]
2.0,0.25,4,0.0,4.82,9.43,0.45,0.01,0.39,0.04,,,,,[0. 0.],[0. 0.],[5.61 6.37 1.15],[2. 2. 2.]
2.0,0.25,5,0.1111111119389534,4.96,5.4,1.11,0.0,0.02,0.52,5.842666666666667,-0.6616666666666666,-3.113,-56.69126748725545,[0. 0.],[0. 0.],[3.97 6.57 2.23],[2. 2. 2.]
2.0,0.5,0,0.0,5.27,7.01,3.17,0.0,0.24,0.1,,,,,[0. 0.],[0. 0.],[6.42 6.45 4.16],[2. 2. 2.]
2.0,0.5,1,0.03999999910593033,5.39,6.38,5.03,0.03,0.07,0.03,5.86,-1.329,-3.032,-68.12193453413533,[0. 0.],[0. 0.],[2.79 6.88 4.06],[2. 2. 2.]
2.0,0.5,2,0.0,4.58,1.54,4.63,0.02,0.02,0.36,,,,,[0. 0.],[0. 0.],[3.63 3.71 3.07],[2. 2. 2.]
2.0,0.5,3,0.0,8.27,9.89,2.22,0.23,0.08,0.09,,,,,[0. 0.],[0. 0.],[6.8  6.79 4.69],[2. 2. 2.]
2.0,0.5,4,0.0,11.87,11.09,7.26,0.29,0.01,0.24,,,,,[0. 0.],[0. 0.],[2.73 6.75 3.42],[2. 2. 2.]
2.0,0.5,5,0.0,10.96,6.91,1.3,0.17,0.26,0.12,,,,,[0. 0.],[0. 0.],[2.6  5.27 4.17],[2. 2. 2.]
2.0,0.75,0,0.0,1.82,4.82,6.05,0.04,0.01,0.02,,,,,[0. 0.],[0. 0.],[1.46 6.41 6.33],[2. 2. 2.]
2.0,0.75,1,0.0,4.8,5.95,1.85,0.08,0.05,0.01,,,,,[0. 0.],[0. 0.],[5.49 5.81 2.34],[2. 2. 2.]
2.0,0.75,2,0.0,3.78,2.74,5.69,0.06,0.08,0.11,,,,,[0. 0.],[0. 0.],[4.19 5.57 5.1 ],[2. 2. 2.]
2.0,0.75,3,0.03703703731298447,5.14,5.57,3.13,0.01,0.0,0.5,6.109,-2.076,-2.847,-54.90441772802615,[0. 0.],[0. 0.],[2.53 4.48 3.93],[2. 2. 2.]
2.0,0.75,4,0.0,1.87,5.39,8.25,0.02,0.01,0.18,,,,,[0. 0.],[0. 0.],[1.58 6.65 3.61],[2. 2. 2.]
2.0,0.75,5,0.0,5.11,4.51,1.06,0.0,0.02,0.03,,,,,[0. 0.],[0. 0.],[3.03 2.85 1.33],[2. 2. 2.]
2.0,1.0,0,0.6666666865348816,4.81,6.83,3.04,0.03,0.26,0.01,5.47655,-2.4836,-2.9692000000000003,-84.56601856397826,[0. 0.],[0. 0.],[4.08 4.93 2.21],[2. 2. 2.]
2.0,1.0,1,0.0,9.58,3.37,6.35,0.36,0.01,0.04,,,,,[0. 0.],[0. 0.],[3.66 4.49 1.83],[2. 2. 2.]
2.0,1.0,2,0.0,5.55,6.22,5.28,0.02,0.28,0.01,,,,,[0. 0.],[0. 0.],[4.01 6.37 6.28],[2. 2. 2.]
2.0,1.0,3,0.0,5.9,1.8,8.65,0.01,0.0,0.35,,,,,[0. 0.],[0. 0.],[4.17 1.74 1.25],[2. 2. 2.]
2.0,1.0,4,0.03333333507180214,5.19,8.52,2.76,0.12,0.31,0.14,5.156000000000001,-2.338,-3.6630000000000003,-118.76735327216534,[0. 0.],[0. 0.],[5.34 3.69 2.1 ],[2. 2. 2.]
2.0,1.0,5,,1.97,5.0,0.56,0.03,0.01,0.0,,,,,[0. 0.],[0. 0.],[1.67 4.07 3.64],[2. 2. 2.]
2.0,1.25,1,0.23333333432674408,4.96,11.54,0.36,0.06,2.18,0.03,5.355428571428571,-3.0365714285714285,-6.343285714285713,-131.03461840444268,[0. 0.],[0. 0.],[3.17 6.26 1.09],[2. 2. 2.]
2.0,1.25,3,0.20000000298023224,4.96,6.17,2.28,0.0,1.46,0.19,5.301,-3.005,-2.617,-100.02924526158301,[0. 0.],[0. 0.],[6.66 6.68 3.19],[2. 2. 2.]
2.0,1.25,4,0.6399999856948853,5.34,6.07,4.42,0.0,0.08,0.04,5.5605625,-3.1525,-1.9917500000000001,-84.81382760839436,[0. 0.],[0. 0.],[6.43 4.32 2.66],[2. 2. 2.]
2.0,1.25,5,0.40740740299224854,5.13,4.78,1.31,0.01,0.12,0.01,5.493454545454545,-3.1121818181818184,-2.2018181818181817,-84.51673908797741,[0. 0.],[0. 0.],[6.25 4.84 1.12],[2. 2. 2.]
2.0,1.5,5,0.8461538553237915,5.04,4.58,1.04,0.21,0.17,0.02,5.503590909090908,-3.743227272727272,-2.1305454545454547,-86.34502229453122,[0. 0.],[0. 0.],[3.97 2.58 2.45],[2. 2. 2.]
2.0,1.75,1,0.5925925970077515,4.87,7.71,2.25,0.11,0.43,0.31,5.335875,-4.2358125,-3.3440625,-104.65178082122915,[0. 0.],[0. 0.],[5.87 4.14 3.01],[2. 2. 2.]
2.0,1.75,3,0.7241379022598267,4.67,17.91,5.67,0.05,0.19,0.16,5.190142857142858,-4.11904761904762,-6.955190476190476,-103.94577549406954,[0. 0.],[0. 0.],[6.11 5.52 4.89],[2. 2. 2.]
2.0,1.75,4,0.6896551847457886,4.73,10.91,2.92,0.12,2.4,0.06,5.3337,-4.234399999999999,-4.27265,-95.30970827765603,[0. 0.],[0. 0.],[6.72 6.81 3.38],[2. 2. 2.]
2.0,2.0,0,0.9130434989929199,4.77,5.95,1.51,0.03,0.26,0.35,5.512761904761905,-5.001380952380952,-2.4619047619047625,-93.10034056019784,[0. 0.],[0. 0.],[2.67 5.5  1.18],[2. 2. 2.]
2.0,2.0,2,0.7586206793785095,5.25,5.11,0.77,0.01,0.04,0.04,5.641545454545454,-5.119090909090908,-2.4812272727272724,-82.74787514266409,[0. 0.],[0. 0.],[6.1  4.03 3.61],[2. 2. 2.]
2.0,2.0,3,0.7142857313156128,4.95,11.89,1.63,0.08,1.08,0.03,5.31045,-4.818250000000001,-5.3831,-113.40869593144672,[0. 0.],[0. 0.],[3.51 4.91 1.6 ],[2. 2. 2.]
2.0,2.25,0,0.6842105388641357,5.05,6.43,2.7,0.05,0.06,0.0,5.520076923076923,-5.634923076923077,-2.018692307692308,-89.51171703530795,[0. 0.],[0. 0.],[5.03 3.41 3.14],[2. 2. 2.]
2.0,2.25,2,0.6551724076271057,5.13,14.79,2.57,0.15,0.12,0.0,5.523052631578947,-5.638473684210526,-6.750421052631579,-118.02588213810063,[0. 0.],[0. 0.],[5.54 6.25 2.19],[2. 2. 2.]
2.0,2.25,3,0.95652174949646,4.79,7.16,3.17,0.06,0.1,0.25,5.497863636363636,-5.611909090909091,-2.1684545454545456,-90.43982833003115,[0. 0.],[0. 0.],[3.   6.37 2.39],[2. 2. 2.]
2.0,2.5,0,0.9333333373069763,5.07,6.13,0.56,0.13,1.1,0.07,5.564571428571428,-6.311392857142857,-3.538,-96.82240301251649,[0. 0.],[0. 0.],[5.66 5.31 3.7 ],[2. 2. 2.]
2.0,2.5,3,0.1666666716337204,6.06,6.81,2.44,0.01,0.19,0.35,6.268666666666667,-7.1113333333333335,-2.5559999999999996,-67.00442200075645,[0. 0.],[0. 0.],[4.44 6.5  4.8 ],[2. 2. 2.]
2.0,2.75,0,0.9629629850387573,5.12,8.81,1.34,0.17,0.11,0.02,5.517307692307692,-6.883346153846153,-3.9306153846153853,-96.2964636297009,[0. 0.],[0. 0.],[6.37 4.32 1.52],[2. 2. 2.]
2.0,2.75,2,0.7241379022598267,5.19,8.21,1.89,0.12,0.1,0.57,5.654190476190475,-7.054380952380954,-3.3459523809523817,-93.43505028502328,[0. 0.],[0. 0.],[6.96 5.87 2.8 ],[2. 2. 2.]
2.0,2.75,5,0.8214285969734192,5.09,10.27,1.64,0.14,1.13,0.37,5.601695652173913,-6.9898695652173926,-4.791652173913043,-105.37165047016465,[0. 0.],[0. 0.],[2.76 3.99 3.79],[2. 2. 2.]
2.25,0.0,0,0.2142857164144516,4.71,9.42,3.11,0.01,0.0,2.5,5.189833333333333,0.0008333333333333334,3.204,-18.4333210269688,[0. 0.],[0. 0.],[2.19 6.85 1.82],[2. 2. 2.]
2.25,0.0,1,0.30434781312942505,4.2,13.34,6.88,0.06,1.24,0.04,4.850142857142857,0.0014285714285714288,6.545428571428572,-30.22742327249436,[0. 0.],[0. 0.],[5.93 5.14 3.77],[2. 2. 2.]
2.25,1.0,2,0.550000011920929,5.21,2.76,0.65,0.01,0.06,0.15,5.580272727272727,-2.273727272727273,-1.4126363636363637,-76.9070511885693,[0. 0.],[0. 0.],[4.56 2.04 1.48],[2. 2. 2.]
2.25,1.0,3,0.23076923191547394,4.84,4.47,5.32,0.07,0.03,0.01,5.617999999999999,-2.2870000000000004,-1.2883333333333333,-77.30873237565642,[0. 0.],[0. 0.],[2.12 5.69 1.51],[2. 2. 2.]
2.25,1.25,5,0.30000001192092896,4.83,15.01,10.01,0.22,0.03,0.28,5.285222222222221,-2.6886666666666668,-5.241555555555554,-127.05267575954738,[0. 0.],[0. 0.],[1.43 6.48 4.08],[2. 2. 2.]
2.25,1.5,1,0.4444444477558136,4.86,6.81,5.56,0.01,0.12,0.03,5.5345,-3.3815000000000004,-1.8570833333333334,-79.04084120969706,[0. 0.],[0. 0.],[6.17 5.89 5.75],[2. 2. 2.]
2.25,1.5,2,0.5,4.95,5.31,2.07,0.01,0.17,0.05,5.2695333333333325,-3.2175999999999996,-2.1359999999999997,-93.49871219044464,[0. 0.],[0. 0.],[5.47 6.72 1.14],[2. 2. 2.]
2.25,1.5,4,0.5600000023841858,4.56,8.4,1.34,0.02,0.26,0.05,5.171,-3.1592857142857143,-3.8979999999999997,-123.73999655942696,[0. 0.],[0. 0.],[5.77 5.53 1.79],[2. 2. 2.]
2.25,1.75,4,0.517241358757019,5.03,5.0,2.41,0.03,0.01,0.23,5.524733333333333,-3.937533333333333,-1.8594,-83.14110531432127,[0. 0.],[0. 0.],[3.11 4.9  4.77],[2. 2. 2.]
2.25,1.75,5,0.5714285969734192,4.94,6.17,0.58,0.07,0.27,0.15,5.296374999999999,-3.7748125,-3.0760625,-103.62386673938363,[0. 0.],[0. 0.],[4.61 4.01 3.08],[2. 2. 2.]
2.25,2.0,2,0.7931034564971924,4.76,12.08,0.41,0.04,0.25,0.19,5.397,-4.396782608695652,-6.283913043478261,-120.22079112839438,[0. 0.],[0. 0.],[3.57 4.06 3.64],[2. 2. 2.]
2.25,2.0,3,0.8571428656578064,4.7,6.81,1.01,0.0,0.09,0.08,5.324208333333334,-4.3352916666666665,-3.1962916666666668,-101.58233746400803,[0. 0.],[0. 0.],[5.46 5.87 1.53],[2. 2. 2.]
2.25,2.0,4,0.6538461446762085,4.84,3.93,0.81,0.0,0.09,0.21,5.502529411764706,-4.480235294117647,-1.792470588235294,-78.0883541599806,[0. 0.],[0. 0.],[5.69 3.25 2.32],[2. 2. 2.]
2.25,2.0,5,0.9200000166893005,4.75,6.32,1.88,0.01,0.11,0.03,5.326347826086956,-4.340260869565217,-2.5906956521739133,-94.28622049408048,[0. 0.],[0. 0.],[4.04 5.86 2.95],[2. 2. 2.]
2.25,2.25,0,0.8666666746139526,4.94,4.68,0.5,0.02,0.11,0.11,5.548846153846155,-5.084692307692308,-2.3151923076923078,-84.4488639625966,[0. 0.],[0. 0.],[6.28 5.01 2.19],[2. 2. 2.]
2.25,2.25,2,0.739130437374115,5.2,3.46,1.12,0.06,0.19,0.05,5.487647058823529,-5.0305294117647055,-1.348941176470588,-77.74303019897701,[0. 0.],[0. 0.],[6.77 2.61 2.31],[2. 2. 2.]
2.25,2.25,4,0.8620689511299133,5.05,6.73,2.32,0.11,0.3,0.03,5.67696,-5.20364,-2.6522,-82.6768537386476,[0. 0.],[0. 0.],[5.17 4.12 2.49],[2. 2. 2.]
2.25,2.5,0,0.8518518805503845,4.89,6.85,1.9,0.17,0.91,0.1,5.496304347826086,-5.599869565217392,-3.0438695652173906,-91.9409561466155,[0. 0.],[0. 0.],[5.64 6.45 2.24],[2. 2. 2.]
2.25,2.5,3,0.6666666865348816,5.26,7.25,2.72,0.01,0.1,0.07,5.6317,-5.734750000000001,-2.52515,-80.4325263612503,[0. 0.],[0. 0.],[5.06 6.94 3.84],[2. 2. 2.]
2.25,2.5,4,0.8333333134651184,4.96,6.27,1.02,0.01,0.33,0.27,5.4254,-5.52468,-2.9311599999999998,-90.56288729548324,[0. 0.],[0. 0.],[5.56 2.14 1.85],[2. 2. 2.]
2.25,2.75,0,0.7307692170143127,5.2,7.5,2.05,0.03,1.76,0.05,5.643421052631578,-6.325421052631579,-2.6939473684210524,-80.08868095105501,[0. 0.],[0. 0.],[5.73 6.73 5.36],[2. 2. 2.]
2.25,2.75,1,0.692307710647583,5.08,5.82,2.91,0.01,0.09,0.01,5.498166666666666,-6.161055555555556,-1.4071666666666667,-80.24098923522511,[0. 0.],[0. 0.],[1.37 6.3  2.66],[2. 2. 2.]
2.25,2.75,2,0.8518518805503845,4.8,5.46,1.54,0.06,0.07,0.5,5.416391304347826,-6.066391304347826,-2.139608695652174,-89.57742614474499,[0. 0.],[0. 0.],[6.02 4.27 1.12],[2. 2. 2.]
2.25,2.75,4,0.9666666388511658,4.96,9.16,1.23,0.04,0.11,0.03,5.586724137931034,-6.259172413793104,-4.373758620689656,-93.56583481414467,[0. 0.],[0. 0.],[5.93 5.39 4.23],[2. 2. 2.]
2.25,2.75,5,0.8965517282485962,4.91,6.91,1.64,0.09,0.19,0.1,5.44176923076923,-6.097038461538461,-2.8568076923076924,-97.99050651993312,[0. 0.],[0. 0.],[5.48 4.98 4.26],[2. 2. 2.]
2.5,0.75,4,0.30000001192092896,5.0,15.94,2.88,0.08,0.47,0.03,5.281888888888889,-1.4633333333333336,-8.042555555555557,-144.18469606675353,[0. 0.],[0. 0.],[5.9  3.8  1.12],[2. 2. 2.]
2.5,1.0,1,0.2380952388048172,4.63,6.44,10.51,0.01,0.01,0.43,5.178599999999999,-1.9140000000000001,-1.2462,-83.30393934281533,[0. 0.],[0. 0.],[4.58 5.41 3.38],[2. 2. 2.]
2.5,1.25,0,0.6000000238418579,4.74,12.55,2.09,0.01,0.5,0.01,5.291888888888888,-2.443055555555555,-6.0584444444444445,-133.62873760509058,[0. 0.],[0. 0.],[2.78 6.48 1.6 ],[2. 2. 2.]
2.5,1.25,3,0.23333333432674408,4.53,8.25,2.21,0.01,0.02,1.75,4.852142857142858,-2.240428571428571,-3.436571428571429,-117.25716182039001,[0. 0.],[0. 0.],[4.44 4.5  3.38],[2. 2. 2.]
2.5,1.25,5,0.3333333432674408,4.79,13.88,2.03,0.07,3.04,0.07,5.1981,-2.3998999999999997,-6.4084,-137.229394876698,[0. 0.],[0. 0.],[4.82 6.44 1.38],[2. 2. 2.]
2.5,1.5,0,0.5666666626930237,5.03,13.11,2.34,0.02,0.09,0.11,5.243235294117647,-2.9072352941176467,-6.154176470588236,-124.6307530408076,[0. 0.],[0. 0.],[6.76 6.56 1.16],[2. 2. 2.]
2.5,1.5,2,0.6896551847457886,4.76,6.22,5.58,0.0,0.01,0.29,5.2413,-2.9057999999999997,-1.6302000000000003,-85.20296866070225,[0. 0.],[0. 0.],[1.97 5.17 4.13],[2. 2. 2.]
2.5,1.5,3,0.75,4.64,4.22,2.24,0.0,0.05,0.01,5.139166666666666,-2.8477777777777775,-1.5251666666666666,-81.91926182434672,[0. 0.],[0. 0.],[3.38 4.89 3.53],[2. 2. 2.]
2.5,1.5,4,0.4000000059604645,4.51,9.08,6.46,0.16,0.51,0.15,5.122,-2.8379000000000003,-2.8765000000000005,-109.23826666407096,[0. 0.],[0. 0.],[6.08 5.6  2.75],[2. 2. 2.]
2.5,1.5,5,0.37931033968925476,4.74,6.76,2.48,0.02,0.92,0.08,5.068545454545455,-2.810727272727273,-2.7691818181818184,-107.73070170169488,[0. 0.],[0. 0.],[2.84 3.49 3.35],[2. 2. 2.]
2.5,1.75,1,0.800000011920929,4.7,4.55,1.78,0.1,0.0,0.08,5.1861,-3.3543,-1.75895,-88.55527331554582,[0. 0.],[0. 0.],[6.61 2.93 2.88],[2. 2. 2.]
2.5,1.75,2,0.75,4.74,8.09,6.51,0.06,0.26,0.13,5.316047619047619,-3.437476190476191,-2.056333333333334,-83.61749210264506,[0. 0.],[0. 0.],[4.21 6.43 1.88],[2. 2. 2.]
2.5,1.75,4,0.699999988079071,4.91,3.88,0.52,0.0,0.25,0.09,5.315619047619047,-3.4389999999999996,-1.8783333333333336,-78.64801848668928,[0. 0.],[0. 0.],[5.81 3.39 1.53],[2. 2. 2.]
2.5,2.0,2,0.7241379022598267,4.76,11.52,5.31,0.01,0.34,0.21,5.196380952380953,-3.8414285714285716,-3.9403333333333332,-115.40000752442187,[0. 0.],[0. 0.],[4.78 1.81 1.79],[2. 2. 2.]
2.5,2.0,4,0.8695651888847351,4.65,13.55,3.43,0.13,0.99,0.06,5.3109,-3.9274,-6.17535,-101.9875406078418,[0. 0.],[0. 0.],[6.71 6.26 4.37],[2. 2. 2.]
2.5,2.5,3,0.8888888955116272,4.73,9.42,5.96,0.02,0.57,0.14,5.153416666666666,-4.763541666666667,-2.141125,-106.00494014845883,[0. 0.],[0. 0.],[5.56 6.64 6.34],[2. 2. 2.]
2.5,2.5,4,0.8666666746139526,4.98,8.29,3.32,0.0,0.53,0.14,5.419769230769232,-5.010038461538461,-2.9253076923076926,-88.52170241265223,[0. 0.],[0. 0.],[5.22 5.81 5.69],[2. 2. 2.]
2.5,2.75,1,0.800000011920929,5.08,8.01,2.93,0.02,0.05,0.08,5.465125,-5.5566666666666675,-2.732291666666667,-85.51236868896977,[0. 0.],[0. 0.],[5.95 5.27 4.36],[2. 2. 2.]
2.5,2.75,2,0.8275862336158752,4.81,11.02,2.45,0.02,0.05,0.02,5.312916666666666,-5.401833333333333,-4.530458333333333,-116.0013583957666,[0. 0.],[0. 0.],[6.59 6.84 2.02],[2. 2. 2.]
2.5,2.75,3,0.6896551847457886,4.95,8.94,4.4,0.32,0.34,0.01,5.43765,-5.52905,-2.44665,-93.55900578242063,[0. 0.],[0. 0.],[6.16 5.16 4.08],[2. 2. 2.]
2.5,2.75,4,0.9090909361839294,4.57,6.86,2.15,0.1,1.07,0.03,5.062850000000001,-5.148950000000001,-2.40835,-104.84826506774641,[0. 0.],[0. 0.],[5.02 5.58 3.39],[2. 2. 2.]
2.5,2.75,5,0.9333333373069763,4.87,9.44,4.15,0.02,0.52,0.14,5.339428571428571,-5.429357142857143,-2.949464285714286,-105.82622386804167,[0. 0.],[0. 0.],[3.46 4.64 3.83],[2. 2. 2.]
2.75,0.0,1,0.3333333432674408,4.12,8.25,2.75,0.11,0.85,0.32,4.7467500000000005,0.0015,3.9985,64.8309058084481,[0. 0.],[0. 0.],[4.33 6.51 1.67],[2. 2. 2.]
2.75,0.25,4,0.36666667461395264,4.91,12.4,2.06,0.0,0.11,0.03,5.162090909090909,-0.4346363636363636,-6.316818181818181,-124.41093779123922,[0. 0.],[0. 0.],[4.95 4.45 3.18],[2. 2. 2.]
2.75,0.5,2,0.4000000059604645,4.83,17.3,4.94,0.06,0.52,0.05,5.242916666666667,-0.8848333333333332,-8.612333333333332,-157.65804209205916,[0. 0.],[0. 0.],[4.62 6.91 5.17],[2. 2. 2.]
2.75,0.75,0,0.2666666805744171,4.64,9.25,1.04,0.02,2.22,0.13,4.872,-1.23525,-4.11075,-146.65495742846852,[0. 0.],[0. 0.],[4.31 5.52 2.34],[2. 2. 2.]
2.75,0.75,1,0.30000001192092896,4.61,9.86,3.37,0.01,0.39,0.22,4.875,-1.235,-4.459555555555555,-161.11435766131697,[0. 0.],[0. 0.],[3.58 5.48 2.93],[2. 2. 2.]
2.75,1.0,3,0.4137931168079376,4.32,10.37,1.61,0.01,0.39,0.13,4.788666666666667,-1.6188333333333336,-4.719333333333333,-144.8139569314172,[0. 0.],[0. 0.],[3.39 6.36 1.84],[2. 2. 2.]
2.75,1.0,4,0.2083333283662796,4.22,6.85,4.6,0.09,0.02,0.32,4.7185999999999995,-1.5956,-2.479,-140.50716626158768,[0. 0.],[0. 0.],[1.26 2.97 1.2 ],[2. 2. 2.]
2.75,1.25,0,0.4333333373069763,4.57,8.06,3.91,0.04,0.32,0.0,4.8604615384615375,-2.0553076923076925,-3.1639999999999997,-127.380047857231,[0. 0.],[0. 0.],[6.75 6.47 4.71],[2. 2. 2.]
2.75,1.25,3,0.52173912525177,4.63,2.66,0.6,0.03,0.0,0.03,4.918333333333334,-2.07875,-1.1859166666666665,-82.89894759547214,[0. 0.],[0. 0.],[3.14 4.32 1.17],[2. 2. 2.]
2.75,1.5,0,0.6818181872367859,4.38,4.8,0.69,0.02,0.0,0.1,4.777733333333333,-2.422533333333333,-2.119733333333333,-90.2607860764697,[0. 0.],[0. 0.],[6.83 6.96 3.03],[2. 2. 2.]
2.75,1.5,2,0.3928571343421936,4.4,15.85,3.0,0.08,0.79,0.03,4.957,-2.5116363636363634,-7.1877272727272725,-128.0257651067366,[0. 0.],[0. 0.],[2.88 4.68 3.06],[2. 2. 2.]
2.75,1.5,4,0.7037037014961243,4.43,5.26,1.39,0.01,0.11,0.5,4.695947368421053,-2.380894736842105,-2.15478947368421,-103.31647091206196,[0. 0.],[0. 0.],[3.08 6.1  4.15],[2. 2. 2.]
2.75,1.75,2,0.4000000059604645,4.92,14.33,1.56,0.11,0.3,0.18,5.46275,-3.233833333333333,-7.301083333333334,-134.01769415150613,[0. 0.],[0. 0.],[5.4  3.83 3.31],[2. 2. 2.]
2.75,1.75,3,0.807692289352417,4.33,9.63,1.54,0.13,0.03,0.01,4.901523809523811,-2.898,-4.280571428571428,-122.32507225236748,[0. 0.],[0. 0.],[6.33 2.58 1.7 ],[2. 2. 2.]
2.75,1.75,4,0.2666666805744171,5.43,16.97,3.61,0.17,0.06,0.01,5.66225,-3.3550000000000004,-8.411124999999998,-123.14662839689723,[0. 0.],[0. 0.],[5.02 4.94 3.89],[2. 2. 2.]
2.75,2.0,0,0.5333333611488342,4.92,14.17,2.48,0.13,1.01,0.04,5.463374999999999,-3.6975625,-6.837999999999999,-134.85827847465453,[0. 0.],[0. 0.],[5.96 4.68 1.59],[2. 2. 2.]
2.75,2.0,3,0.807692289352417,4.54,5.82,4.17,0.19,0.01,0.04,4.973761904761905,-3.3648095238095244,-1.4940952380952381,-94.44805403232778,[0. 0.],[0. 0.],[3.07 4.99 2.55],[2. 2. 2.]
2.75,2.0,4,0.5555555820465088,4.54,9.8,1.39,0.36,0.27,0.01,5.080066666666667,-3.434466666666666,-4.554,-128.97511986383176,[0. 0.],[0. 0.],[6.1  6.47 4.75],[2. 2. 2.]
2.75,2.0,5,1.0,4.18,8.55,5.92,0.0,0.06,0.0,4.829157894736843,-3.265315789473684,-2.199368421052631,-112.64475391244885,[0. 0.],[0. 0.],[2.45 5.61 5.29],[2. 2. 2.]
2.75,2.25,2,0.9523809552192688,4.45,4.65,2.26,0.01,0.07,0.03,4.894850000000001,-3.7237500000000003,-1.41975,-96.67821359828503,[0. 0.],[0. 0.],[4.46 4.25 1.8 ],[2. 2. 2.]
2.75,2.25,4,0.699999988079071,4.77,6.08,3.14,0.06,0.03,0.05,5.2316666666666665,-3.983619047619048,-1.9374761904761908,-87.86428569486961,[0. 0.],[0. 0.],[3.61 4.41 1.15],[2. 2. 2.]
2.75,2.5,1,0.46666666865348816,5.08,10.86,2.45,0.0,1.17,0.01,5.456571428571429,-4.616214285714286,-4.744357142857143,-115.27721514273094,[0. 0.],[0. 0.],[3.55 4.24 2.96],[2. 2. 2.]
2.75,2.5,2,0.8571428656578064,4.6,6.19,2.61,0.01,0.47,0.01,5.107541666666667,-4.322,-2.105375,-97.03458868966783,[0. 0.],[0. 0.],[4.16 4.68 4.26],[2. 2. 2.]
2.75,2.5,3,0.8846153616905212,4.57,8.79,1.35,0.13,0.08,0.18,5.131695652173913,-4.339173913043479,-3.8972173913043484,-120.74039179826158,[0. 0.],[0. 0.],[2.37 6.58 2.29],[2. 2. 2.]
2.75,2.5,4,0.25,5.48,7.64,3.09,0.01,0.06,0.01,5.628142857142857,-4.762428571428571,-2.8445714285714288,-82.96075429415612,[0. 0.],[0. 0.],[5.68 6.81 3.18],[2. 2. 2.]
2.75,2.75,2,0.7857142686843872,4.84,6.87,0.5,0.13,0.14,0.04,5.40590909090909,-5.032,-3.4569090909090905,-96.10972566191964,[0. 0.],[0. 0.],[6.44 5.64 1.05],[2. 2. 2.]
2.75,2.75,5,0.46666666865348816,5.47,9.56,2.31,0.01,0.71,0.06,5.8325000000000005,-5.426,-4.422857142857143,-86.4823315217581,[0. 0.],[0. 0.],[3.05 6.02 4.54],[2. 2. 2.]
3.0,0.0,0,0.2142857164144516,3.97,6.41,1.24,0.02,0.0,0.04,4.531666666666667,0.0006666666666666666,2.905333333333333,43.87854855345839,[0. 0.],[0. 0.],[1.94 6.82 1.71],[2. 2. 2.]
3.0,0.0,4,1.0,5.01,8.95,5.22,0.0,0.13,0.45,5.340142857142857,0.0005714285714285715,1.4464285714285712,36.58800682448719,[0. 0.],[0. 0.],[4.79 5.19 3.79],[2. 2. 2.]
3.0,0.25,1,0.6333333253860474,4.76,15.24,5.2,0.01,1.27,0.11,5.010894736842106,-0.3901052631578947,-7.478789473684211,-152.62950465589262,[0. 0.],[0. 0.],[5.84 3.83 2.17],[2. 2. 2.]
3.0,0.25,5,0.37037035822868347,4.14,12.66,7.14,0.05,0.23,0.59,4.7187,-0.3665999999999999,-5.6812,-107.53723727602417,[0. 0.],[0. 0.],[5.52 5.78 2.72],[2. 2. 2.]
3.0,0.5,2,0.23333333432674408,4.52,9.89,4.39,0.11,0.09,0.18,4.797571428571429,-0.7481428571428571,-4.384285714285715,-159.48171912425826,[0. 0.],[0. 0.],[2.68 4.19 3.89],[2. 2. 2.]
3.0,0.5,3,0.6333333253860474,4.55,15.09,3.7,0.0,0.1,0.35,4.977473684210527,-0.7744736842105262,-7.2250000000000005,-131.58462301105186,[0. 0.],[0. 0.],[5.91 5.11 2.97],[2. 2. 2.]
3.0,1.0,3,0.5,4.6,12.59,3.55,0.09,0.1,0.1,4.975666666666667,-1.5509999999999997,-5.720066666666666,-164.54431584718733,[0. 0.],[0. 0.],[6.58 6.42 2.63],[2. 2. 2.]
3.0,1.0,4,0.23333333432674408,4.51,7.56,0.48,0.13,0.12,0.01,5.067,-1.5782857142857143,-3.7537142857142856,-121.98836125474665,[0. 0.],[0. 0.],[3.69 6.03 1.35],[2. 2. 2.]
3.0,1.25,3,0.5714285969734192,4.34,11.07,1.25,0.01,0.99,0.22,4.821750000000001,-1.880625,-5.116875,-140.85723517747755,[0. 0.],[0. 0.],[3.   3.73 2.43],[2. 2. 2.]
3.0,1.25,5,0.30000001192092896,4.62,10.57,2.28,0.11,0.73,0.01,5.049666666666666,-1.9656666666666665,-4.949111111111112,-142.7268267927552,[0. 0.],[0. 0.],[1.68 5.34 2.61],[2. 2. 2.]
3.0,1.5,1,0.3103448152542114,4.57,5.86,1.12,0.12,0.06,0.01,5.099777777777778,-2.3817777777777778,-2.7263333333333333,-112.48542983973297,[0. 0.],[0. 0.],[5.78 6.07 2.57],[2. 2. 2.]
3.0,1.5,3,0.5833333134651184,4.47,4.18,3.88,0.14,0.01,0.33,4.905428571428572,-2.293428571428571,-1.191142857142857,-80.42504360043836,[0. 0.],[0. 0.],[6.82 1.21 1.18],[2. 2. 2.]
3.0,1.5,5,0.44999998807907104,4.22,6.57,4.59,0.18,0.18,0.73,4.642666666666667,-2.1717777777777783,-2.126777777777778,-126.1148052418461,[0. 0.],[0. 0.],[1.94 6.15 4.91],[2. 2. 2.]
3.0,1.75,1,0.6333333253860474,4.5,8.48,1.5,0.01,0.69,0.01,5.110315789473684,-2.788473684210526,-3.8579473684210526,-125.14878004963545,[0. 0.],[0. 0.],[3.57 2.55 2.02],[2. 2. 2.]
3.0,1.75,3,0.6428571343421936,4.41,8.21,2.36,0.01,0.15,0.04,4.880777777777777,-2.6596111111111114,-3.3760555555555554,-126.93298612574442,[0. 0.],[0. 0.],[2.32 5.21 2.04],[2. 2. 2.]
3.0,1.75,4,0.46666666865348816,4.53,7.71,2.87,0.04,1.16,0.06,5.0140714285714285,-2.735,-3.056857142857143,-119.13976378966731,[0. 0.],[0. 0.],[2.83 5.95 3.14],[2. 2. 2.]
3.0,2.0,1,0.8571428656578064,4.36,8.92,2.87,0.11,0.63,0.78,4.8152083333333335,-3.0024166666666665,-3.5539583333333336,-138.83712406979512,[0. 0.],[0. 0.],[6.03 6.03 5.74],[2. 2. 2.]
3.0,2.0,2,0.699999988079071,4.8,8.92,0.43,0.02,0.01,0.02,5.142619047619047,-3.204714285714285,-4.450809523809522,-121.35598702950199,[0. 0.],[0. 0.],[6.42 4.77 2.91],[2. 2. 2.]
3.0,2.0,3,0.6896551847457886,4.42,9.29,5.35,0.06,1.47,0.2,4.99395,-3.11195,-3.26965,-119.26665903701095,[0. 0.],[0. 0.],[2.25 6.28 5.8 ],[2. 2. 2.]
3.0,2.0,4,0.6666666865348816,4.96,14.47,2.9,0.03,0.35,0.0,5.40085,-3.3696000000000006,-6.787349999999999,-139.1767257084124,[0. 0.],[0. 0.],[6.19 3.98 3.11],[2. 2. 2.]
3.0,2.0,5,0.800000011920929,4.32,6.52,4.81,0.02,0.02,0.06,4.7277499999999995,-2.9404166666666662,-1.6708333333333332,-95.46045081664703,[0. 0.],[0. 0.],[1.97 5.97 4.28],[2. 2. 2.]
3.0,2.25,1,0.8275862336158752,4.42,5.76,1.77,0.04,0.02,0.04,4.8289583333333335,-3.3878749999999997,-2.182,-107.40628318632503,[0. 0.],[0. 0.],[2.86 4.9  2.61],[2. 2. 2.]
3.0,2.25,2,0.5862069129943848,4.53,8.15,5.99,0.01,0.0,0.15,4.981882352941176,-3.495764705882353,-1.9717647058823526,-92.38736422362311,[0. 0.],[0. 0.],[2.82 6.54 3.71],[2. 2. 2.]
3.0,2.25,3,0.5185185074806213,4.38,7.81,6.43,0.14,0.0,0.07,4.944,-3.466785714285714,-1.626,-90.57674136764578,[0. 0.],[0. 0.],[5.17 6.11 4.91],[2. 2. 2.]
3.0,2.25,4,0.9230769276618958,4.38,4.48,0.72,0.04,0.01,0.0,4.797458333333334,-3.3668333333333336,-1.9084166666666667,-106.33852367895143,[0. 0.],[0. 0.],[5.31 3.47 1.66],[2. 2. 2.]
3.0,2.25,5,0.75,4.46,7.11,3.94,0.0,1.84,0.04,4.9604285714285705,-3.4793333333333334,-2.575095238095238,-89.9188887551271,[0. 0.],[0. 0.],[6.71 2.34 1.66],[2. 2. 2.]
3.0,2.5,0,0.8571428656578064,4.45,8.52,1.53,0.02,0.2,0.04,4.983625,-3.887,-3.68725,-122.017892104071,[0. 0.],[0. 0.],[5.56 5.94 3.5 ],[2. 2. 2.]
3.0,2.5,2,0.8965517282485962,4.66,11.14,4.89,0.02,0.23,0.07,5.0961923076923075,-3.9743461538461533,-3.8246923076923074,-119.96986996700879,[0. 0.],[0. 0.],[5.38 5.8  5.12],[2. 2. 2.]
3.0,2.5,4,0.800000011920929,4.57,6.76,2.72,0.0,0.05,0.02,5.08575,-3.96425,-2.3649999999999998,-88.26200291197736,[0. 0.],[0. 0.],[5.51 6.41 2.69],[2. 2. 2.]
3.0,2.5,5,0.8333333134651184,4.77,14.3,2.68,0.03,0.04,0.02,5.466559999999999,-4.26512,-6.67104,-124.15492478743703,[0. 0.],[0. 0.],[6.27 3.88 1.89],[2. 2. 2.]
3.0,2.75,0,0.9655172228813171,4.65,8.05,0.98,0.01,0.1,0.02,5.226428571428571,-4.482607142857143,-3.7793214285714285,-115.89139382795797,[0. 0.],[0. 0.],[3.97 4.77 4.25],[2. 2. 2.]
3.0,2.75,2,0.9090909361839294,4.2,7.09,3.95,0.06,0.19,0.26,4.800700000000001,-4.1164000000000005,-1.77195,-103.72617467784187,[0. 0.],[0. 0.],[3.67 6.54 2.29],[2. 2. 2.]
3.25,0.0,1,0.25925925374031067,4.84,11.76,0.91,0.0,0.36,0.01,5.153,-0.0004285714285714286,-0.791857142857143,-87.7570207321079,[0. 0.],[0. 0.],[1.63 4.55 1.64],[2. 2. 2.]
3.25,0.0,3,0.37931033968925476,4.05,9.89,1.64,0.0,0.31,0.68,4.491727272727273,-0.0011818181818181819,-2.7874545454545454,-115.74252958014019,[0. 0.],[0. 0.],[2.26 5.   1.07],[2. 2. 2.]
3.25,0.0,4,0.27586206793785095,4.06,6.42,1.7,0.04,0.21,0.03,4.4005,-0.0017500000000000003,0.07012499999999999,-145.1517030954439,[0. 0.],[0. 0.],[6.17 5.86 2.38],[2. 2. 2.]
3.25,0.25,0,0.5357142686843872,4.19,13.15,0.84,0.0,1.69,0.06,4.7422,-0.3433333333333334,-5.7686,-148.64273862210322,[0. 0.],[0. 0.],[3.79 6.69 2.33],[2. 2. 2.]
3.25,0.25,1,0.4000000059604645,4.28,7.43,2.79,0.0,0.05,0.03,4.4984166666666665,-0.32708333333333334,-3.246916666666666,-164.29240811225415,[0. 0.],[0. 0.],[5.57 6.06 1.53],[2. 2. 2.]
3.25,0.25,2,0.5333333611488342,4.28,8.92,1.17,0.01,0.23,0.0,4.6678749999999996,-0.3385625,-4.14175,-166.2718809312591,[0. 0.],[0. 0.],[5.14 6.78 1.44],[2. 2. 2.]
3.25,0.5,2,0.5333333611488342,4.21,9.51,1.67,0.16,0.05,0.06,4.645375,-0.6726875000000001,-4.305875,-170.5159514068988,[0. 0.],[0. 0.],[6.08 5.19 4.19],[2. 2. 2.]
3.25,0.5,5,0.7666666507720947,4.45,14.05,4.15,0.03,1.12,0.02,5.002173913043479,-0.7222173913043478,-6.735913043478262,-160.35997010880996,[0. 0.],[0. 0.],[4.75 5.49 4.12],[2. 2. 2.]
3.25,0.75,2,0.36666667461395264,4.43,6.48,1.04,0.03,0.11,0.07,4.687363636363636,-1.0176363636363635,-2.9205454545454548,-133.82356638474104,[0. 0.],[0. 0.],[4.53 5.32 3.93],[2. 2. 2.]
3.25,1.0,0,0.46666666865348816,4.33,9.61,1.82,0.01,0.0,0.35,4.8704285714285716,-1.4089285714285715,-4.434571428571429,-161.8474460719313,[0. 0.],[0. 0.],[6.01 6.9  1.83],[2. 2. 2.]
3.25,1.0,5,0.36666667461395264,4.36,8.25,3.46,0.02,0.01,0.03,4.744454545454546,-1.3722727272727273,-3.435636363636363,-147.1025860817206,[0. 0.],[0. 0.],[1.74 6.7  2.79],[2. 2. 2.]
3.25,1.25,1,0.4333333373069763,4.27,8.87,3.0,0.13,0.51,0.13,4.739307692307692,-1.7129230769230768,-3.6910000000000003,-121.83049492707286,[0. 0.],[0. 0.],[2.29 6.42 3.65],[2. 2. 2.]
3.25,1.25,2,0.3333333432674408,4.5,9.42,2.69,0.03,0.05,0.01,5.0063,-1.8098999999999996,-4.2366,-131.90626646901075,[0. 0.],[0. 0.],[4.28 3.9  2.59],[2. 2. 2.]
3.25,1.25,5,0.6000000238418579,4.55,11.15,0.67,0.01,0.12,0.0,5.0153333333333325,-1.813777777777778,-5.482944444444445,-148.35821505893148,[0. 0.],[0. 0.],[4.21 4.4  1.55],[2. 2. 2.]
3.25,1.5,2,0.4000000059604645,4.32,2.98,1.01,0.0,0.01,0.12,4.588333333333334,-1.9749166666666664,-1.1799166666666665,-86.72983087081087,[0. 0.],[0. 0.],[5.47 3.71 1.98],[2. 2. 2.]
3.25,1.5,3,0.3571428656578064,4.24,4.37,1.68,0.03,0.04,0.01,4.582,-1.9929999999999997,-1.6727,-113.75584032492819,[0. 0.],[0. 0.],[2.31 5.81 2.68],[2. 2. 2.]
3.25,1.5,5,0.46666666865348816,4.26,6.57,2.79,0.05,0.01,0.01,4.441857142857143,-1.9264285714285716,-2.3789285714285717,-70.35906165249507,[0. 0.],[0. 0.],[5.38 4.43 3.61],[2. 2. 2.]
3.25,1.75,0,0.4482758641242981,4.37,5.96,2.3,0.01,0.07,0.24,4.753000000000001,-2.4090769230769236,-2.3075384615384618,-117.05742984140676,[0. 0.],[0. 0.],[4.6  5.21 3.12],[2. 2. 2.]
3.25,1.75,2,0.48148149251937866,4.29,3.84,3.24,0.02,0.04,0.28,4.638769230769231,-2.348076923076923,-1.0233076923076925,-87.44553807546387,[0. 0.],[0. 0.],[5.92 4.49 2.89],[2. 2. 2.]
3.25,1.75,4,0.5,4.44,3.18,1.55,0.01,0.02,0.15,4.699933333333333,-2.3781999999999996,-1.137866666666667,-80.1637422161508,[0. 0.],[0. 0.],[6.55 3.21 2.56],[2. 2. 2.]
3.25,1.75,5,0.5517241358757019,4.26,6.61,1.25,0.0,0.17,0.0,4.639625,-2.3475624999999996,-2.749375,-111.00754774835482,[0. 0.],[0. 0.],[5.99 4.95 1.99],[2. 2. 2.]
3.25,2.0,0,0.5666666626930237,4.77,11.49,3.12,0.0,0.97,0.0,5.082823529411765,-2.9435294117647057,-5.033235294117647,-137.23009084498887,[0. 0.],[0. 0.],[6.4  5.51 4.29],[2. 2. 2.]
3.25,2.0,2,0.9545454382896423,4.07,5.98,2.48,0.03,0.7,0.84,4.667428571428571,-2.700333333333334,-2.3367142857142853,-118.32546551263903,[0. 0.],[0. 0.],[3.41 5.24 2.68],[2. 2. 2.]
3.25,2.0,3,0.8928571343421936,4.26,8.95,3.46,0.0,0.21,0.7,4.68712,-2.7116,-3.3254,-97.99061508111338,[0. 0.],[0. 0.],[4.67 2.67 1.95],[2. 2. 2.]
3.25,2.0,4,0.7142857313156128,4.24,7.05,4.06,0.0,0.04,0.21,4.65695,-2.69295,-2.1977,-115.87547495406663,[0. 0.],[0. 0.],[5.07 3.35 2.51],[2. 2. 2.]
3.25,2.0,5,0.5333333611488342,4.42,5.12,3.64,0.02,0.21,0.01,4.841875,-2.80075,-1.4998749999999998,-86.97661450953396,[0. 0.],[0. 0.],[6.47 6.02 3.13],[2. 2. 2.]
3.25,2.25,0,0.7241379022598267,4.44,7.39,1.8,0.19,0.21,0.06,4.905666666666667,-3.1952857142857143,-3.0734285714285723,-124.8173794207388,[0. 0.],[0. 0.],[6.51 6.05 3.16],[2. 2. 2.]
3.25,2.25,1,0.5333333611488342,4.9,9.63,3.17,0.01,0.24,0.02,5.1005,-3.3188125,-3.8535,-116.21554807650436,[0. 0.],[0. 0.],[5.02 4.54 2.91],[2. 2. 2.]
3.25,2.25,3,0.8148148059844971,4.22,7.21,4.67,0.05,0.03,0.05,4.689590909090909,-3.0504999999999995,-1.950318181818182,-113.35336921415693,[0. 0.],[0. 0.],[2.52 5.8  5.09],[2. 2. 2.]
3.25,2.25,4,0.7666666507720947,4.62,8.21,2.91,0.0,0.0,0.13,5.099913043478262,-3.320478260869565,-3.2198260869565223,-117.81261759592103,[0. 0.],[0. 0.],[2.09 3.72 3.2 ],[2. 2. 2.]
3.25,2.25,5,0.699999988079071,4.53,6.07,1.88,0.03,0.05,0.36,4.829142857142857,-3.144333333333333,-2.3570000000000007,-114.48069348064796,[0. 0.],[0. 0.],[5.28 1.8  1.25],[2. 2. 2.]
3.25,2.5,1,1.0,4.16,6.26,3.17,0.01,0.01,0.06,4.765689655172413,-3.442999999999999,-1.8824827586206894,-110.84380882716837,[0. 0.],[0. 0.],[2.38 4.58 4.1 ],[2. 2. 2.]
3.25,2.5,3,0.6896551847457886,4.61,7.79,3.37,0.06,0.08,2.26,5.005800000000002,-3.6203000000000003,-2.58745,-110.75278392421603,[0. 0.],[0. 0.],[3.72 6.97 5.81],[2. 2. 2.]
3.25,2.5,4,0.8333333134651184,4.39,4.84,1.23,0.1,0.09,0.0,4.90628,-3.54844,-1.9118400000000002,-100.16999007598278,[0. 0.],[0. 0.],[4.97 3.64 2.48],[2. 2. 2.]
3.25,2.75,0,0.8999999761581421,4.57,5.61,0.97,0.02,0.01,0.23,4.993888888888889,-3.9734074074074073,-2.424962962962963,-98.20357878740343,[0. 0.],[0. 0.],[1.56 5.9  4.84],[2. 2. 2.]
3.25,2.75,1,0.3571428656578064,4.66,7.9,5.95,0.11,0.06,0.17,4.9199,-3.9130000000000003,-1.5265,-78.71228673171993,[0. 0.],[0. 0.],[1.73 3.59 3.22],[2. 2. 2.]
3.5,0.0,1,0.37931033968925476,3.97,6.28,2.13,0.0,0.18,0.01,4.225090909090909,-0.0023636363636363638,-1.6890000000000003,-172.7403034760189,[0. 0.],[0. 0.],[5.1  5.64 1.14],[2. 2. 2.]
3.5,0.0,2,0.800000011920929,4.43,12.41,1.85,0.07,0.17,0.66,4.844916666666667,-0.0012083333333333332,-2.891958333333333,-90.55693073751426,[0. 0.],[0. 0.],[6.07 3.22 2.33],[2. 2. 2.]
3.5,0.0,5,0.36666667461395264,4.18,8.09,2.19,0.01,0.03,0.19,4.457909090909092,-0.0030909090909090903,-2.939090909090909,-142.64648641467753,[0. 0.],[0. 0.],[3.96 2.92 1.63],[2. 2. 2.]
3.5,0.25,1,0.2666666805744171,4.13,6.56,1.04,0.05,0.04,0.01,4.497375,-0.30625,-2.923,-153.35250559749542,[0. 0.],[0. 0.],[5.89 4.33 3.99],[2. 2. 2.]
3.5,0.25,4,0.3333333432674408,4.42,8.78,4.74,0.06,1.09,0.01,4.7486,-0.3224,-3.9819000000000004,-150.83732725266515,[0. 0.],[0. 0.],[6.38 5.18 2.12],[2. 2. 2.]
3.5,0.25,5,0.4000000059604645,4.63,10.66,1.52,0.1,0.11,0.29,4.865083333333334,-0.32975000000000004,-5.172083333333334,-164.61976491580188,[0. 0.],[0. 0.],[5.69 4.99 1.24],[2. 2. 2.]
3.5,0.5,0,0.3333333432674408,4.31,7.35,2.82,0.05,0.54,0.08,4.455799999999999,-0.6031000000000001,-3.1262,-165.04251910335648,[0. 0.],[0. 0.],[3.03 3.88 1.3 ],[2. 2. 2.]
3.5,0.5,1,0.6551724076271057,4.12,10.19,0.98,0.12,0.44,0.01,4.641947368421052,-0.6298421052631579,-4.588157894736842,-169.70174726380307,[0. 0.],[0. 0.],[4.6  6.42 4.94],[2. 2. 2.]
3.5,0.5,2,0.5517241358757019,4.15,11.27,4.52,0.01,0.12,0.39,4.6264375,-0.62625,-4.937875,-169.56165636081863,[0. 0.],[0. 0.],[5.36 5.55 3.87],[2. 2. 2.]
3.5,0.5,3,0.4285714328289032,4.1,10.37,2.64,0.03,0.07,0.02,4.5545,-0.6142500000000001,-4.553166666666667,-175.03240433531315,[0. 0.],[0. 0.],[2.64 2.5  1.85],[2. 2. 2.]
3.5,0.75,2,0.3333333432674408,4.34,11.27,4.35,0.01,1.74,0.81,4.8882,-0.9898999999999999,-5.400900000000001,-166.58516109267254,[0. 0.],[0. 0.],[5.37 6.01 3.46],[2. 2. 2.]
3.5,0.75,4,0.6000000238418579,4.4,11.68,2.59,0.0,0.52,0.01,4.907055555555555,-0.9953333333333334,-5.586833333333334,-163.17201940225723,[0. 0.],[0. 0.],[1.96 6.64 5.02],[2. 2. 2.]
3.5,0.75,5,0.4482758641242981,4.22,9.05,3.38,0.01,0.09,0.0,4.560384615384616,-0.9246153846153846,-3.810384615384616,-160.59915554687666,[0. 0.],[0. 0.],[4.5  4.78 2.  ],[2. 2. 2.]
3.5,1.0,1,0.7333333492279053,4.6,14.4,2.0,0.02,0.53,0.24,5.018454545454547,-1.3564999999999996,-7.0335,-135.37218342904987,[0. 0.],[0. 0.],[4.8  2.85 2.68],[2. 2. 2.]
3.5,1.0,2,0.6666666865348816,4.47,10.72,2.24,0.04,0.28,0.03,4.9164,-1.32865,-4.955749999999999,-165.8045982737786,[0. 0.],[0. 0.],[1.88 3.96 3.74],[2. 2. 2.]
3.5,1.0,3,0.5,4.24,10.56,4.07,0.0,0.1,0.06,4.670133333333334,-1.258533333333333,-4.412999999999999,-159.1068818889908,[0. 0.],[0. 0.],[4.81 6.7  5.26],[2. 2. 2.]
3.5,1.0,4,0.4333333373069763,4.06,7.39,5.44,0.01,0.23,0.02,4.331153846153846,-1.168692307692308,-2.5361538461538466,-153.14192357652078,[0. 0.],[0. 0.],[3.25 5.76 4.6 ],[2. 2. 2.]
3.5,1.25,0,0.46666666865348816,4.15,8.74,5.03,0.01,1.13,1.72,4.6207142857142856,-1.5568571428571427,-3.369928571428571,-130.25643801314231,[0. 0.],[0. 0.],[1.72 5.84 3.02],[2. 2. 2.]
3.5,1.25,1,0.6296296119689941,4.29,14.29,5.81,0.04,0.81,0.46,5.003411764705882,-1.689176470588235,-6.086411764705882,-165.07233560581636,[0. 0.],[0. 0.],[3.33 6.32 5.8 ],[2. 2. 2.]
3.5,1.25,2,0.7666666507720947,4.78,18.04,10.81,0.15,1.1,2.4,5.261173913043478,-1.773782608695652,-7.580043478260869,-140.57695786548587,[0. 0.],[0. 0.],[5.36 5.13 3.72],[2. 2. 2.]
3.5,1.25,3,0.36666667461395264,4.82,11.53,2.49,0.03,0.28,0.04,5.133090909090909,-1.7335454545454545,-5.44290909090909,-133.2743577616681,[0. 0.],[0. 0.],[5.77 6.33 4.53],[2. 2. 2.]
3.5,1.25,4,0.6333333253860474,3.92,7.56,4.32,0.01,0.07,0.09,4.304315789473684,-1.4539473684210529,-2.629,-98.99628785940698,[0. 0.],[0. 0.],[5.81 5.89 4.39],[2. 2. 2.]
3.5,1.25,5,0.5,4.2,6.64,0.62,0.04,0.13,0.07,4.574600000000001,-1.5441999999999998,-2.9341999999999997,-141.17356096898217,[0. 0.],[0. 0.],[2.2  5.66 3.03],[2. 2. 2.]
3.5,1.5,0,0.6499999761581421,3.95,3.16,1.21,0.01,0.34,0.0,4.307384615384615,-1.7455384615384615,-1.2086923076923077,-97.97962265088105,[0. 0.],[0. 0.],[5.85 2.49 1.04],[2. 2. 2.]
3.5,1.5,1,0.5833333134651184,4.13,3.57,3.66,0.01,0.01,0.03,4.441714285714286,-1.798214285714286,-0.9265,-80.76201983960125,[0. 0.],[0. 0.],[5.14 3.14 2.8 ],[2. 2. 2.]
3.5,1.5,2,0.7333333492279053,4.37,11.16,1.32,0.0,0.51,0.12,4.860818181818182,-1.9665,-5.1132727272727285,-146.83068008110956,[0. 0.],[0. 0.],[2.26 6.96 3.32],[2. 2. 2.]
3.5,1.5,3,0.5714285969734192,3.97,6.53,4.24,0.01,0.15,0.02,4.3258125,-1.7516874999999998,-2.0983125,-118.58355636231647,[0. 0.],[0. 0.],[4.55 5.75 5.03],[2. 2. 2.]
3.5,1.5,4,0.5925925970077515,4.12,7.86,2.4,0.01,0.23,0.05,4.546374999999999,-1.8380625,-3.1300625,-120.74683168650878,[0. 0.],[0. 0.],[3.57 6.97 6.32],[2. 2. 2.]
3.5,1.75,0,0.6399999856948853,4.01,4.53,4.1,0.02,0.07,0.21,4.3281875,-2.0388124999999997,-1.1433125,-103.4996411163951,[0. 0.],[0. 0.],[2.52 4.33 4.15],[2. 2. 2.]
3.5,1.75,2,0.6000000238418579,4.91,10.99,3.58,0.0,0.7,0.01,5.260111111111112,-2.481222222222222,-4.923277777777778,-124.35939536650699,[0. 0.],[0. 0.],[5.54 5.1  3.1 ],[2. 2. 2.]
3.5,1.75,3,0.5333333611488342,4.83,14.99,3.72,0.11,1.63,0.79,5.0756875,-2.39575,-6.585312500000001,-154.01787677837,[0. 0.],[0. 0.],[6.23 3.29 2.75],[2. 2. 2.]
3.5,1.75,4,0.6206896305084229,4.31,13.62,4.39,0.13,1.36,0.27,4.900555555555556,-2.315,-5.487444444444446,-133.5060495525189,[0. 0.],[0. 0.],[2.22 6.78 6.77],[2. 2. 2.]
3.5,1.75,5,0.5666666626930237,4.4,8.15,4.45,0.03,0.94,0.01,4.680117647058824,-2.2080588235294116,-2.969117647058824,-129.380560689778,[0. 0.],[0. 0.],[5.11 4.22 4.18],[2. 2. 2.]
3.5,2.0,0,0.4333333373069763,5.19,9.34,2.0,0.5,0.13,0.01,5.690846153846153,-3.071307692307692,-4.692307692307692,-87.92642264337549,[0. 0.],[0. 0.],[6.42 6.73 1.38],[2. 2. 2.]
3.5,2.0,1,0.8965517282485962,4.28,9.4,2.58,0.06,0.75,0.73,4.7916923076923075,-2.5892307692307694,-3.6109230769230765,-115.98251078254202,[0. 0.],[0. 0.],[4.12 6.68 5.11],[2. 2. 2.]
3.5,2.0,3,0.7692307829856873,4.12,7.57,5.92,0.24,0.0,0.08,4.579549999999999,-2.46935,-2.0020000000000002,-112.79458756158415,[0. 0.],[0. 0.],[3.57 4.08 1.86],[2. 2. 2.]
3.5,2.0,5,0.692307710647583,4.05,6.94,5.38,0.03,0.02,0.07,4.438277777777778,-2.3949444444444445,-1.7779444444444445,-119.77557615080562,[0. 0.],[0. 0.],[2.35 5.81 4.49],[2. 2. 2.]
3.5,2.25,0,0.6666666865348816,4.47,9.5,2.89,0.04,1.17,0.38,4.9056999999999995,-2.9746,-3.660100000000001,-123.65354035452094,[0. 0.],[0. 0.],[5.18 3.75 3.66],[2. 2. 2.]
3.5,2.25,1,0.8333333134651184,4.47,8.39,2.1,0.01,0.16,0.04,4.825,-2.9329199999999997,-3.40268,-128.05587461885338,[0. 0.],[0. 0.],[4.82 5.62 3.82],[2. 2. 2.]
3.5,2.25,3,0.8999999761581421,4.43,11.19,3.56,0.01,0.15,0.0,5.0041111111111105,-3.033518518518518,-4.549962962962963,-127.56501883301608,[0. 0.],[0. 0.],[4.94 5.73 5.39],[2. 2. 2.]
3.5,2.25,5,0.5333333611488342,4.24,3.25,0.39,0.04,0.51,0.02,4.5426875,-2.76025,-1.4344374999999998,-106.44166872738526,[0. 0.],[0. 0.],[1.53 3.94 1.58],[2. 2. 2.]
3.5,2.5,0,0.8275862336158752,4.49,9.83,3.52,0.11,0.06,0.01,4.964125,-3.3457500000000002,-3.7102083333333336,-135.85765845521755,[0. 0.],[0. 0.],[3.77 6.93 3.33],[2. 2. 2.]
3.5,2.5,2,0.9259259104728699,4.44,9.84,2.46,0.06,0.0,0.08,5.01164,-3.38132,-4.10856,-139.58105209137216,[0. 0.],[0. 0.],[2.52 4.52 4.5 ],[2. 2. 2.]
3.5,2.5,3,0.7333333492279053,4.55,5.1,2.05,0.02,0.12,0.1,4.83109090909091,-3.2615,-1.7773636363636363,-93.76944892705042,[0. 0.],[0. 0.],[3.87 5.35 4.57],[2. 2. 2.]
3.5,2.5,5,0.6333333253860474,4.31,8.3,7.83,0.04,0.14,0.37,4.654263157894736,-3.1422105263157896,-1.4452105263157895,-86.65319092664473,[0. 0.],[0. 0.],[6.65 5.19 2.63],[2. 2. 2.]
3.5,2.75,0,1.0,3.94,5.1,1.99,0.01,0.0,0.14,4.513681818181819,-3.353136363636364,-1.6225454545454545,-110.55936657509346,[0. 0.],[0. 0.],[3.32 5.96 4.2 ],[2. 2. 2.]
3.5,2.75,1,0.931034505367279,4.21,8.18,3.33,0.0,0.0,1.92,4.69462962962963,-3.4795555555555553,-2.7006296296296304,-125.00663178215427,[0. 0.],[0. 0.],[5.49 6.44 1.18],[2. 2. 2.]
3.5,2.75,2,0.7666666507720947,4.69,5.86,1.08,0.03,0.17,0.0,5.006391304347825,-3.713478260869565,-2.568826086956521,-102.79789175320356,[0. 0.],[0. 0.],[1.6  6.37 4.02],[2. 2. 2.]
3.5,2.75,5,0.46666666865348816,5.28,9.95,2.25,0.21,0.03,0.12,5.579857142857143,-4.139428571428572,-4.594499999999999,-112.93805566317936,[0. 0.],[0. 0.],[5.31 4.71 2.47],[2. 2. 2.]
3.75,0.0,0,0.3333333432674408,3.83,8.51,1.95,0.13,0.25,0.25,4.270666666666667,-0.005,-3.6165555555555553,-130.6013661758,[0. 0.],[0. 0.],[6.15 4.97 1.14],[2. 2. 2.]
3.75,0.0,2,0.5333333611488342,4.04,7.72,14.68,0.01,0.03,2.58,4.4311875,-0.004687500000000001,-2.9848125000000003,-146.15677661951793,[0. 0.],[0. 0.],[3.78 6.63 5.76],[2. 2. 2.]
3.75,0.0,3,0.30000001192092896,4.03,6.81,8.59,0.0,0.01,0.13,4.372111111111112,-0.005222222222222222,-2.9754444444444443,-168.8110272189095,[0. 0.],[0. 0.],[6.82 6.89 6.53],[2. 2. 2.]
3.75,0.0,4,0.46666666865348816,3.92,6.94,3.33,0.05,0.03,0.01,4.2371428571428575,-0.0045,-2.939357142857143,-144.75909582255875,[0. 0.],[0. 0.],[1.8  4.29 2.93],[2. 2. 2.]
3.75,0.0,5,0.23529411852359772,3.82,1.69,2.68,0.0,0.01,0.02,4.2525,-0.00375,-0.35749999999999993,-36.38110147363357,[0. 0.],[0. 0.],[6.43 3.04 1.12],[2. 2. 2.]
3.75,0.25,0,0.8666666746139526,4.18,10.98,4.35,0.0,0.1,0.31,4.589769230769231,-0.29419230769230764,-4.898192307692308,-122.99413364405089,[0. 0.],[0. 0.],[4.72 6.85 5.09],[2. 2. 2.]
3.75,0.25,1,0.6206896305084229,4.16,8.78,2.91,0.04,0.17,0.02,4.499777777777777,-0.2882777777777778,-3.8643888888888887,-144.072705696406,[0. 0.],[0. 0.],[4.08 4.1  1.18],[2. 2. 2.]
3.75,0.25,2,0.5333333611488342,4.07,7.8,4.47,0.04,0.02,0.1,4.349500000000001,-0.279,-3.26525,-170.7338378728278,[0. 0.],[0. 0.],[5.27 4.68 3.41],[2. 2. 2.]
3.75,0.25,4,0.3448275923728943,3.79,6.8,3.19,0.01,0.02,0.22,4.154,-0.2674,-2.7413000000000003,-162.41189556984506,[0. 0.],[0. 0.],[1.63 6.12 2.34],[2. 2. 2.]
3.75,0.25,5,0.7333333492279053,4.32,13.55,1.56,0.05,0.09,0.11,4.701500000000001,-0.31695454545454543,-6.327045454545455,-68.59230952265065,[0. 0.],[0. 0.],[5.   1.51 1.27],[2. 2. 2.]
3.75,0.5,2,0.23333333432674408,4.16,7.15,3.22,0.02,0.04,0.04,4.501285714285714,-0.5731428571428572,-3.0264285714285712,-157.17449476401833,[0. 0.],[0. 0.],[4.2  5.48 2.69],[2. 2. 2.]
3.75,0.5,3,0.6666666865348816,3.9,7.53,3.62,0.05,0.01,0.19,4.358750000000001,-0.5555,-3.08315,-146.03943415632457,[0. 0.],[0. 0.],[3.74 5.53 4.76],[2. 2. 2.]
3.75,0.5,5,0.27586206793785095,3.91,6.09,2.93,0.04,0.06,0.17,4.144625,-0.5286249999999999,-2.37775,-163.6280281951004,[0. 0.],[0. 0.],[2.28 5.58 4.03],[2. 2. 2.]
3.75,0.75,0,0.6666666865348816,4.42,9.78,2.92,0.01,0.38,0.17,4.71405,-0.89665,-4.3146,-157.14919963968202,[0. 0.],[0. 0.],[5.63 6.9  4.66],[2. 2. 2.]
3.75,0.75,1,0.2068965584039688,4.2,4.68,2.19,0.01,0.24,0.03,4.680666666666667,-0.8893333333333334,-1.9745,-100.3724321876661,[0. 0.],[0. 0.],[4.35 4.3  2.27],[2. 2. 2.]
3.75,0.75,2,0.23333333432674408,4.34,7.27,2.18,0.1,0.1,0.11,4.589142857142856,-0.8755714285714287,-3.1604285714285716,-143.07209868840545,[0. 0.],[0. 0.],[3.93 6.12 2.8 ],[2. 2. 2.]
3.75,0.75,3,0.4333333373069763,4.43,9.15,2.1,0.0,0.11,0.04,4.688999999999999,-0.8916153846153846,-4.114307692307692,-135.4669008227208,[0. 0.],[0. 0.],[1.32 6.9  2.58],[2. 2. 2.]
3.75,0.75,5,0.30000001192092896,4.06,7.42,6.97,0.07,0.28,0.29,4.288666666666667,-0.8157777777777777,-2.5773333333333337,-163.82702149013573,[0. 0.],[0. 0.],[5.54 5.7  2.34],[2. 2. 2.]
3.75,1.0,5,0.5333333611488342,3.97,8.59,3.81,0.0,0.12,0.06,4.5629375,-1.1569375,-3.4768749999999997,-155.9965366770225,[0. 0.],[0. 0.],[3.25 1.95 1.82],[2. 2. 2.]
3.75,1.25,2,0.6206896305084229,3.99,7.24,0.58,0.1,0.02,0.09,4.416222222222221,-1.3999444444444444,-3.1114444444444445,-136.27327093570247,[0. 0.],[0. 0.],[4.88 5.07 1.71],[2. 2. 2.]
3.75,1.25,3,0.3103448152542114,3.94,6.3,4.01,0.02,0.04,0.2,4.423,-1.4002222222222223,-2.2302222222222223,-140.61064746074163,[0. 0.],[0. 0.],[3.4  4.36 1.89],[2. 2. 2.]
3.75,1.25,4,0.4000000059604645,4.54,9.03,1.88,0.04,0.03,0.04,4.807250000000001,-1.521,-4.052333333333334,-155.01019806267232,[0. 0.],[0. 0.],[3.85 6.34 1.11],[2. 2. 2.]
3.75,1.5,0,0.699999988079071,4.15,7.12,2.95,0.11,1.3,0.92,4.538571428571429,-1.7226666666666668,-3.1061428571428573,-146.5366781000569,[0. 0.],[0. 0.],[5.35 6.02 5.59],[2. 2. 2.]
3.75,1.5,1,0.5555555820465088,4.02,5.57,2.34,0.1,0.13,0.4,4.3468,-1.6523999999999999,-2.109266666666666,-130.63246448663114,[0. 0.],[0. 0.],[2.55 5.35 3.76],[2. 2. 2.]
3.75,1.5,3,0.3928571343421936,3.9,5.1,3.12,0.01,0.07,0.28,4.114454545454546,-1.5627272727272725,-1.6210000000000002,-103.4209526540019,[0. 0.],[0. 0.],[3.34 5.35 5.23],[2. 2. 2.]
3.75,1.5,5,0.7333333492279053,4.36,12.4,4.09,0.06,1.11,0.21,4.799772727272727,-1.8212272727272727,-5.2604999999999995,-162.4772520854485,[0. 0.],[0. 0.],[1.75 5.84 4.88],[2. 2. 2.]
3.75,1.75,1,0.7777777910232544,4.11,11.34,5.8,0.05,0.42,0.0,4.634238095238096,-2.0553809523809523,-4.069857142857142,-139.14901686010734,[0. 0.],[0. 0.],[2.89 6.51 4.31],[2. 2. 2.]
3.75,1.75,2,0.7666666507720947,4.54,10.03,2.29,0.03,0.24,0.28,4.922173913043479,-2.1804782608695654,-4.366695652173912,-141.97549767924156,[0. 0.],[0. 0.],[2.75 6.   5.3 ],[2. 2. 2.]
3.75,1.75,3,0.6190476417541504,3.91,4.68,0.45,0.13,0.38,0.08,4.275153846153846,-1.8882307692307698,-1.9036923076923076,-138.8380884392187,[0. 0.],[0. 0.],[5.06 3.4  1.53],[2. 2. 2.]
3.75,1.75,5,0.6000000238418579,4.23,8.95,2.31,0.02,2.07,0.04,4.59611111111111,-2.0341666666666667,-3.5904999999999996,-147.89626022781428,[0. 0.],[0. 0.],[6.5  4.44 3.45],[2. 2. 2.]
3.75,2.0,0,0.6206896305084229,4.16,8.21,5.45,0.08,0.19,0.01,4.547777777777778,-2.2952222222222223,-2.4882777777777783,-120.24401828937701,[0. 0.],[0. 0.],[1.14 6.86 4.68],[2. 2. 2.]
3.75,2.0,2,0.8333333134651184,4.11,8.26,4.42,0.03,0.1,0.21,4.54836,-2.29948,-2.7235999999999994,-129.05208646762682,[0. 0.],[0. 0.],[4.28 5.01 4.51],[2. 2. 2.]
3.75,2.0,3,0.7931034564971924,4.23,11.76,9.03,0.1,0.4,0.21,4.734391304347826,-2.3939565217391308,-3.478521739130435,-139.20755146055376,[0. 0.],[0. 0.],[1.05 6.73 4.33],[2. 2. 2.]
3.75,2.0,4,0.8620689511299133,3.99,7.6,4.15,0.02,0.11,0.38,4.35108,-2.1992399999999996,-2.39528,-139.8868653182594,[0. 0.],[0. 0.],[6.2 6.1 1.5],[2. 2. 2.]
3.75,2.0,5,0.699999988079071,4.48,7.98,2.2,0.06,0.09,0.16,4.804095238095239,-2.428666666666667,-3.3201904761904766,-131.42281095424264,[0. 0.],[0. 0.],[1.67 5.34 4.71],[2. 2. 2.]
3.75,2.25,0,0.800000011920929,4.08,5.42,2.07,0.08,0.03,0.02,4.643583333333333,-2.64425,-1.9785416666666666,-89.64546398466386,[0. 0.],[0. 0.],[4.74 2.04 1.94],[2. 2. 2.]
3.75,2.25,2,0.7931034564971924,4.23,5.96,1.61,0.05,0.03,0.02,4.547086956521739,-2.5917391304347825,-2.2861304347826086,-121.46017990810915,[0. 0.],[0. 0.],[4.96 4.87 3.11],[2. 2. 2.]
3.75,2.25,5,0.7241379022598267,4.11,7.57,3.28,0.01,0.0,0.02,4.561571428571429,-2.5980952380952376,-2.6040476190476194,-121.49298561132478,[0. 0.],[0. 0.],[3.5  4.26 3.92],[2. 2. 2.]
3.75,2.5,0,0.6896551847457886,4.05,4.34,1.54,0.03,0.39,0.04,4.47395,-2.82765,-1.50915,-103.11336578181042,[0. 0.],[0. 0.],[3.01 3.24 1.61],[2. 2. 2.]
3.75,2.5,1,1.0,3.9,7.89,4.51,0.01,0.14,0.03,4.356458333333333,-2.7596666666666665,-2.1941666666666664,-136.4270736299795,[0. 0.],[0. 0.],[3.26 6.73 3.39],[2. 2. 2.]
3.75,2.5,2,0.8620689511299133,4.45,9.52,3.45,0.0,0.17,0.16,4.8056,-3.03584,-3.55036,-128.74235338328444,[0. 0.],[0. 0.],[2.78 3.32 2.06],[2. 2. 2.]
3.75,2.5,4,0.8275862336158752,4.62,9.2,0.66,0.01,0.14,0.09,5.095291666666667,-3.2262083333333336,-4.439166666666667,-138.2120369547805,[0. 0.],[0. 0.],[3.62 5.64 2.42],[2. 2. 2.]
3.75,2.5,5,0.7666666507720947,4.0,3.71,0.87,0.0,0.03,0.04,4.384043478260869,-2.772391304347826,-1.3865652173913043,-107.05168924236699,[0. 0.],[0. 0.],[3.91 4.26 1.33],[2. 2. 2.]
3.75,2.75,0,1.0,4.05,9.87,6.03,0.09,0.0,0.49,4.458592592592593,-3.101666666666666,-2.524518518518519,-133.36443534672475,[0. 0.],[0. 0.],[3.84 6.28 5.76],[2. 2. 2.]
3.75,2.75,1,0.8666666746139526,4.03,6.36,4.16,0.08,0.07,0.23,4.4657307692307695,-3.1054999999999997,-1.5441538461538462,-99.11531967360914,[0. 0.],[0. 0.],[2.2  6.58 1.95],[2. 2. 2.]
3.75,2.75,2,0.9599999785423279,4.19,8.24,2.02,0.01,0.32,0.02,4.622916666666667,-3.2131666666666665,-3.2422083333333336,-127.68085307607129,[0. 0.],[0. 0.],[1.14 5.96 2.06],[2. 2. 2.]
3.75,2.75,3,0.7333333492279053,4.59,5.26,0.96,0.08,0.26,0.2,4.767954545454547,-3.3122272727272732,-2.1864090909090907,-103.74714371214027,[0. 0.],[0. 0.],[4.11 2.79 2.14],[2. 2. 2.]
3.75,2.75,4,0.5333333611488342,4.33,5.71,0.96,0.18,0.4,0.01,4.663562499999999,-3.2481875000000002,-2.3624375,-123.84372404118595,[0. 0.],[0. 0.],[4.75 4.97 1.49],[2. 2. 2.]
3.75,2.75,5,0.6666666865348816,3.93,6.35,5.2,0.17,0.02,0.01,4.3013125,-2.988875,-1.179625,-104.96085178632603,[0. 0.],[0. 0.],[4.99 5.36 4.48],[2. 2. 2.]
4.0,0.0,1,0.6000000238418579,4.25,9.62,3.88,0.02,0.15,0.46,4.530111111111111,-0.006611111111111113,-4.32,-132.44093921559136,[0. 0.],[0. 0.],[1.36 6.82 1.42],[2. 2. 2.]
4.0,0.0,3,0.5517241358757019,4.25,8.94,2.97,0.0,0.33,0.04,4.6313125,-0.0063750000000000005,-4.1108125,-142.04546656028697,[0. 0.],[0. 0.],[4.01 5.05 2.17],[2. 2. 2.]
4.0,0.0,4,0.5357142686843872,3.87,8.5,3.17,0.06,4.21,0.14,4.300866666666667,-0.006333333333333335,-4.016333333333334,-78.9914065965519,[0. 0.],[0. 0.],[1.67 3.93 1.34],[2. 2. 2.]
4.0,0.25,0,0.6153846383094788,3.99,12.43,2.23,0.01,0.67,0.11,4.468687500000001,-0.2724375,-5.5661249999999995,-71.74979071409183,[0. 0.],[0. 0.],[5.48 6.69 2.27],[2. 2. 2.]
4.0,0.25,1,0.6000000238418579,4.01,8.56,1.66,0.02,0.26,0.8,4.283277777777779,-0.2614444444444444,-3.6256111111111107,-137.28116755780002,[0. 0.],[0. 0.],[5.81 5.78 1.34],[2. 2. 2.]
4.0,0.25,2,0.6206896305084229,3.86,7.75,4.22,0.01,0.56,0.07,4.228555555555555,-0.25850000000000006,-3.2022222222222223,-154.38396136635725,[0. 0.],[0. 0.],[3.85 4.92 4.05],[2. 2. 2.]
4.0,0.25,3,0.7666666507720947,4.07,10.77,4.28,0.01,0.04,0.14,4.45995652173913,-0.2713478260869565,-4.694217391304348,-66.21746314239637,[0. 0.],[0. 0.],[3.02 5.08 3.59],[2. 2. 2.]
4.0,0.25,4,0.5,3.89,7.33,1.77,0.02,0.02,0.18,4.2741999999999996,-0.26026666666666665,-3.085733333333333,-152.65193197501273,[0. 0.],[0. 0.],[4.31 6.88 3.22],[2. 2. 2.]
4.0,0.25,5,0.46666666865348816,3.73,6.72,3.56,0.0,0.04,0.11,4.114357142857143,-0.2514285714285714,-2.6778571428571434,-146.6394503627305,[0. 0.],[0. 0.],[5.13 6.74 1.03],[2. 2. 2.]
4.0,0.5,3,0.699999988079071,4.41,12.95,8.32,0.0,0.05,0.1,4.785952380952381,-0.5731428571428572,-5.723238095238095,-89.55328758767607,[0. 0.],[0. 0.],[2.95 5.67 4.31],[2. 2. 2.]
4.0,0.5,4,0.4000000059604645,3.92,5.33,1.97,0.05,0.0,0.03,4.188083333333332,-0.5038333333333332,-2.1314999999999995,-162.78593877269643,[0. 0.],[0. 0.],[3.78 4.82 1.69],[2. 2. 2.]
4.0,0.75,1,0.6333333253860474,4.21,8.56,5.58,0.05,0.1,0.16,4.456736842105262,-0.7999999999999999,-3.3669473684210525,-161.44432544084972,[0. 0.],[0. 0.],[3.43 5.46 2.94],[2. 2. 2.]
4.0,0.75,2,0.23076923191547394,3.6,5.03,1.66,0.02,0.08,0.31,3.9623333333333335,-0.7125,-1.8843333333333332,-161.06753541798903,[0. 0.],[0. 0.],[2.64 6.17 1.  ],[2. 2. 2.]
4.0,0.75,3,0.5333333611488342,4.0,6.52,3.51,0.11,0.02,0.67,4.321562500000001,-0.7757499999999999,-2.5424375,-158.26301884972827,[0. 0.],[0. 0.],[6.49 5.47 3.39],[2. 2. 2.]
4.0,0.75,5,0.5862069129943848,3.74,6.66,1.73,0.05,0.21,0.03,4.111764705882353,-0.7392941176470588,-2.6162941176470587,-143.28104665290667,[0. 0.],[0. 0.],[2.12 6.39 2.68],[2. 2. 2.]
4.0,1.0,0,0.48275861144065857,4.45,9.85,6.53,0.18,1.08,0.11,4.823714285714286,-1.1512857142857142,-4.215071428571428,-148.79379880016384,[0. 0.],[0. 0.],[6.29 5.28 2.84],[2. 2. 2.]
4.0,1.0,1,0.5666666626930237,4.48,15.1,3.14,0.0,0.8,0.01,5.149529411764706,-1.2280588235294116,-7.301058823529411,-166.62069989824866,[0. 0.],[0. 0.],[5.66 6.36 3.07],[2. 2. 2.]
4.0,1.0,4,0.6000000238418579,3.9,9.49,5.35,0.07,0.12,0.83,4.472833333333333,-1.0697777777777777,-3.653166666666667,-160.76498820839615,[0. 0.],[0. 0.],[6.1  3.   2.22],[2. 2. 2.]
4.0,1.0,5,0.4000000059604645,3.95,6.37,4.91,0.01,0.01,0.06,4.19725,-1.0015,-2.185166666666666,-146.16836125468114,[0. 0.],[0. 0.],[2.22 5.96 4.6 ],[2. 2. 2.]
4.0,1.25,0,0.5666666626930237,4.45,12.44,6.42,0.0,0.05,0.25,4.9331764705882355,-1.470411764705882,-5.198705882352942,-161.65019078529008,[0. 0.],[0. 0.],[3.27 5.36 2.31],[2. 2. 2.]
4.0,1.25,1,0.5333333611488342,4.13,7.17,4.54,0.03,0.02,0.22,4.483750000000001,-1.3360625,-2.6005624999999997,-126.75695634360979,[0. 0.],[0. 0.],[5.17 5.15 5.11],[2. 2. 2.]
4.0,1.25,2,0.7666666507720947,4.07,8.65,4.11,0.01,0.11,0.05,4.434652173913044,-1.3219130434782607,-3.2864347826086955,-159.46150350405202,[0. 0.],[0. 0.],[2.9  4.36 4.08],[2. 2. 2.]
4.0,1.25,3,0.6666666865348816,4.2,8.79,3.85,0.04,0.01,0.01,4.452750000000001,-1.32575,-3.3998000000000004,-146.23073905469357,[0. 0.],[0. 0.],[1.43 6.68 2.31],[2. 2. 2.]
4.0,1.25,5,0.7931034564971924,4.69,12.89,0.85,0.18,0.38,0.02,5.130826086956521,-1.5305217391304347,-6.474782608695653,-152.1349263305117,[0. 0.],[0. 0.],[3.36 2.71 1.08],[2. 2. 2.]
4.0,1.5,0,0.7666666507720947,4.36,8.75,0.77,0.03,0.02,0.28,4.603130434782608,-1.6453913043478259,-3.9049130434782615,-159.53323623887144,[0. 0.],[0. 0.],[1.53 6.2  3.4 ],[2. 2. 2.]
4.0,1.5,1,0.800000011920929,4.15,8.34,2.67,0.02,0.25,0.4,4.53,-1.6190833333333332,-3.385,-150.4284729850917,[0. 0.],[0. 0.],[1.65 4.26 2.81],[2. 2. 2.]
4.0,1.5,2,0.6333333253860474,3.88,8.13,2.66,0.01,0.05,0.0,4.437315789473683,-1.5857368421052633,-3.1846315789473683,-128.3089578582627,[0. 0.],[0. 0.],[6.16 6.47 4.6 ],[2. 2. 2.]
4.0,1.5,3,0.6000000238418579,4.01,7.02,3.76,0.07,0.43,0.2,4.302611111111111,-1.538,-2.4291666666666667,-149.6618881738092,[0. 0.],[0. 0.],[5.69 6.73 3.76],[2. 2. 2.]
4.0,1.5,4,0.5517241358757019,3.97,10.47,3.32,0.03,0.63,0.11,4.567875000000001,-1.6503125,-4.0926875,-158.80690904498982,[0. 0.],[0. 0.],[4.53 6.86 3.75],[2. 2. 2.]
4.0,1.75,0,0.695652186870575,3.68,3.66,0.25,0.02,0.19,0.02,4.075875,-1.7045,-1.4466875,-113.97680703086093,[0. 0.],[0. 0.],[3.74 3.   1.97],[2. 2. 2.]
4.0,1.75,1,0.7666666507720947,4.49,10.41,0.63,0.07,0.08,0.79,4.992391304347826,-2.0794347826086956,-5.002521739130435,-152.9869500815371,[0. 0.],[0. 0.],[5.47 4.46 1.1 ],[2. 2. 2.]
4.0,1.75,3,0.5,3.79,4.34,1.26,0.02,0.15,0.0,4.136357142857142,-1.7192142857142854,-1.5790714285714282,-127.34914845586134,[0. 0.],[0. 0.],[3.15 1.78 1.73],[2. 2. 2.]
4.0,1.75,4,0.6666666865348816,3.98,7.18,5.96,0.01,0.16,0.16,4.23935,-1.7653500000000002,-1.9763499999999996,-133.37483718704598,[0. 0.],[0. 0.],[3.23 6.38 4.79],[2. 2. 2.]
4.0,1.75,5,0.7333333492279053,3.97,6.5,2.92,0.01,0.21,0.0,4.300499999999999,-1.7931818181818182,-2.263863636363636,-126.39301168356313,[0. 0.],[0. 0.],[3.21 6.42 2.84],[2. 2. 2.]
4.0,2.0,0,0.8333333134651184,3.98,8.44,3.1,0.08,0.14,0.01,4.3888799999999994,-2.0908,-3.04228,-138.18972797126824,[0. 0.],[0. 0.],[5.68 5.73 1.93],[2. 2. 2.]
4.0,2.0,2,0.5714285969734192,4.32,6.86,2.38,0.0,0.01,0.03,4.7212499999999995,-2.2441875,-2.7068749999999997,-118.01678659471693,[0. 0.],[0. 0.],[5.63 6.44 1.72],[2. 2. 2.]
4.0,2.0,5,0.6206896305084229,5.29,11.6,0.84,0.0,0.04,0.01,5.706555555555556,-2.7147222222222225,-6.3995,-133.89656463290785,[0. 0.],[0. 0.],[1.79 7.   1.86],[2. 2. 2.]
4.0,2.25,0,0.6000000238418579,4.1,5.09,4.0,0.03,0.84,0.15,4.4055,-2.363944444444444,-1.4056666666666668,-102.5249416892228,[0. 0.],[0. 0.],[2.97 5.19 5.11],[2. 2. 2.]
4.0,2.25,1,0.4333333373069763,4.26,5.36,1.75,0.03,0.01,0.16,4.535692307692308,-2.4256153846153845,-2.0131538461538465,-117.11093532503854,[0. 0.],[0. 0.],[1.03 4.31 1.45],[2. 2. 2.]
4.0,2.25,2,0.6000000238418579,3.9,2.39,0.89,0.13,0.0,0.03,4.145166666666666,-2.219611111111111,-0.7933888888888889,-83.52326800464827,[0. 0.],[0. 0.],[1.4  2.24 1.99],[2. 2. 2.]
4.0,2.25,3,0.7666666507720947,4.21,9.35,4.79,0.02,0.29,0.02,4.510739130434782,-2.422913043478261,-3.0580000000000003,-146.5907935172151,[0. 0.],[0. 0.],[4.92 4.36 2.78],[2. 2. 2.]
4.0,2.25,4,0.517241358757019,4.0,3.8,2.77,0.01,0.04,0.01,4.342333333333333,-2.3282666666666665,-1.0102,-85.0552789918801,[0. 0.],[0. 0.],[1.45 3.37 1.92],[2. 2. 2.]
4.0,2.5,2,0.8999999761581421,4.08,8.26,4.87,0.03,0.1,0.12,4.436111111111112,-2.641740740740741,-2.4024814814814817,-132.66177445524275,[0. 0.],[0. 0.],[3.8  6.72 5.11],[2. 2. 2.]
4.0,2.5,3,0.9655172228813171,4.04,7.75,2.2,0.05,0.01,0.04,4.5055000000000005,-2.6844285714285716,-2.9024642857142857,-144.4568349745875,[0. 0.],[0. 0.],[4.2  3.53 3.  ],[2. 2. 2.]
4.0,2.5,5,0.699999988079071,4.64,11.86,3.98,0.0,0.03,0.01,5.319761904761906,-3.1630000000000003,-5.055857142857143,-135.52074622284604,[0. 0.],[0. 0.],[2.47 5.45 3.66],[2. 2. 2.]
4.0,2.75,2,0.8999999761581421,3.95,6.26,4.08,0.0,0.01,0.51,4.289592592592593,-2.802222222222222,-1.5859629629629628,-106.03082140552186,[0. 0.],[0. 0.],[4.36 5.03 2.5 ],[2. 2. 2.]
4.0,2.75,4,0.6551724076271057,4.11,3.57,0.97,0.03,0.0,0.05,4.441526315789473,-2.9034210526315793,-1.3092105263157894,-94.44626335546114,[0. 0.],[0. 0.],[6.35 3.69 3.38],[2. 2. 2.]
4.0,2.75,5,0.6333333253860474,4.57,7.08,1.83,0.0,0.09,0.02,5.0617368421052635,-3.3175263157894737,-2.9777894736842105,-115.64108464202452,[0. 0.],[0. 0.],[1.19 6.75 2.32],[2. 2. 2.]
