Vel_d,Phi_d,Trial_num,LR_4Leg,Vel_flip,Phi_flip,Tau_flip_mean,OFy_flip_mean,D_ceil_flip_mean,My_mean,Vz_flip_mean,Vx_flip_mean,Mu,Sigma
1.5,30.0,0,0.0,nan,nan,nan,nan,nan,nan,nan,nan,[1.982 7.836],[0.014 0.042]
1.5,30.0,1,0.0,nan,nan,nan,nan,nan,nan,nan,nan,[2.08  6.708],[0.108 0.027]
1.5,30.0,2,0.0,nan,nan,nan,nan,nan,nan,nan,nan,[1.6  5.23],[0.067 0.054]
1.5,33.75,0,0.0,nan,nan,nan,nan,nan,nan,nan,nan,[1.944 6.232],[0.024 0.233]
1.5,33.75,1,0.0,nan,nan,nan,nan,nan,nan,nan,nan,[2.088 6.313],[0.005 0.049]
1.5,33.75,2,0.0,nan,nan,nan,nan,nan,nan,nan,nan,[2.312 3.866],[0.001 0.291]
1.5,37.5,0,0.0,nan,nan,nan,nan,nan,nan,nan,nan,[1.958 8.102],[0.018 0.044]
1.5,37.5,1,0.0,nan,nan,nan,nan,nan,nan,nan,nan,[2.223 7.9  ],[0.046 0.007]
1.5,37.5,2,0.0,nan,nan,nan,nan,nan,nan,nan,nan,[2.018 6.714],[0.002 0.58 ]
1.5,41.25,0,0.0,1.464,36.893,0.178,-7.59,0.155,-8.078,0.879,1.171,[1.839 8.078],[0.04  0.006]
1.5,41.25,1,0.0,1.449,37.036,0.18,-7.387,0.157,-7.158,0.873,1.157,[1.92  7.241],[0.018 0.099]
1.5,41.25,2,0.0,nan,nan,nan,nan,nan,nan,nan,nan,[1.491 4.784],[0.005 0.037]
1.5,45.0,0,0.0,1.48,40.534,0.184,-6.484,0.174,-8.411,0.962,1.125,[1.884 8.55 ],[0.023 0.546]
1.5,45.0,1,0.0,1.456,41.937,0.185,-6.075,0.178,-6.938,0.973,1.083,[1.889 6.804],[0.002 0.169]
1.5,45.0,2,0.0,1.461,40.725,0.183,-6.478,0.172,-8.255,0.953,1.107,[1.869 8.143],[0.006 0.162]
1.5,48.75,0,0.0,1.43,45.793,0.184,-5.335,0.187,-6.96,1.025,0.997,[1.914 6.943],[0.007 0.02 ]
1.5,48.75,1,0.0,1.43,44.83,0.107,-9.522,0.106,-3.947,1.008,1.014,[1.129 3.922],[0.016 0.047]
1.5,48.75,2,0.0,1.45,45.224,0.185,-5.415,0.189,-5.054,1.029,1.021,[1.914 5.084],[0.007 0.083]
1.5,52.5,0,0.0,1.459,49.727,0.205,-4.189,0.226,-5.456,1.113,0.943,[2.113 5.419],[0.014 0.061]
1.5,52.5,1,0.0,nan,nan,nan,nan,nan,nan,nan,nan,[2.188 7.949],[0.029 0.048]
1.5,52.5,2,0.0,1.473,48.082,0.204,-4.522,0.22,-8.308,1.096,0.984,[2.124 8.319],[0.003 0.024]
1.5,56.25,0,0.0,1.437,52.891,0.188,-4.068,0.214,-7.878,1.146,0.867,[1.945 7.745],[0.019 0.334]
1.5,56.25,1,0.0,1.429,52.761,0.188,-4.109,0.212,-4.338,1.138,0.865,[1.952 4.327],[0.01  0.052]
1.5,56.25,2,0.0,1.441,53.321,0.189,-3.988,0.217,-8.031,1.156,0.861,[1.952 7.974],[0.034 0.24 ]
1.5,60.0,0,0.0,1.413,56.748,0.118,-5.61,0.139,-8.432,1.182,0.775,[1.221 8.42 ],[0.012 0.313]
1.5,60.0,1,0.06,1.516,58.427,0.217,-2.802,0.279,-7.466,1.292,0.794,[2.162 7.467],[0.028 0.011]
1.5,60.0,2,0.0,1.435,57.318,0.194,-3.318,0.234,-5.899,1.208,0.775,[1.962 6.046],[0.026 0.221]
1.5,63.75,0,0.0,1.419,61.051,0.183,-3.044,0.227,-9.237,1.242,0.687,[1.87  9.462],[0.011 0.38 ]
1.5,63.75,1,0.0,1.421,60.945,0.189,-2.969,0.234,-8.679,1.242,0.69,[1.931 8.679],[0.    0.289]
1.5,63.75,2,0.0,1.418,61.032,0.189,-2.949,0.234,-5.024,1.241,0.687,[1.961 5.04 ],[0.044 0.048]
1.5,67.5,0,0.0,1.435,65.024,0.208,-2.241,0.271,-6.911,1.301,0.606,[2.078 6.896],[0.028 0.027]
1.5,67.5,1,0.0,nan,nan,nan,nan,nan,nan,nan,nan,[2.151 8.471],[0.014 0.362]
1.5,67.5,2,0.56,1.491,66.014,0.224,-1.968,0.305,-6.941,1.362,0.606,[2.295 6.912],[0.016 0.041]
1.5,71.25,0,0.0,nan,nan,nan,nan,nan,nan,nan,nan,[2.129 8.835],[0.016 0.039]
1.5,71.25,1,0.0,nan,nan,nan,nan,nan,nan,nan,nan,[2.047 7.721],[0.004 0.225]
1.5,71.25,2,0.0,1.423,69.081,0.188,-2.056,0.25,-5.392,1.329,0.508,[1.95  5.461],[0.001 0.412]
1.5,75.0,0,0.0,1.425,73.447,0.205,-1.462,0.28,-6.966,1.366,0.406,[2.086 6.979],[0.021 0.021]
1.5,75.0,1,0.0,1.409,73.597,0.209,-1.414,0.282,-5.282,1.352,0.398,[2.156 4.824],[0.018 0.341]
1.5,75.0,2,0.06,1.402,72.831,0.207,-1.499,0.278,-8.807,1.34,0.414,[2.186 8.864],[0.094 0.055]
1.5,78.75,0,0.0,1.391,77.632,0.146,-1.5,0.2,-3.803,1.359,0.298,[1.518 4.295],[0.035 0.967]
1.5,78.75,1,0.0,1.422,77.528,0.193,-1.152,0.268,-7.213,1.388,0.307,[1.997 7.225],[0.002 0.046]
1.5,78.75,2,0.0,1.412,77.44,0.204,-1.102,0.281,-6.24,1.378,0.307,[2.09  6.247],[0.004 0.027]
1.5,82.5,0,0.0,1.413,81.124,0.209,-0.756,0.292,-3.288,1.396,0.218,[2.135 3.286],[0.016 0.041]
1.5,82.5,1,0.11,1.5,82.145,0.223,-0.611,0.33,-5.996,1.486,0.205,[2.253 5.988],[0.014 0.011]
1.5,82.5,2,0.06,0.456,81.426,0.071,-0.231,0.097,-8.271,0.451,0.068,[2.143 8.349],[0.014 0.125]
1.5,86.25,0,0.06,1.427,85.82,0.213,-0.343,0.302,-6.578,1.423,0.104,[2.202 6.613],[0.031 0.084]
1.5,86.25,1,0.0,nan,nan,nan,nan,nan,nan,nan,nan,[1.635 8.922],[0.003 0.527]
1.5,86.25,2,0.0,nan,nan,nan,nan,nan,nan,nan,nan,[1.556 0.54 ],[0.071 0.04 ]
1.5,90.0,0,0.0,nan,nan,nan,nan,nan,nan,nan,nan,[0.026 0.086],[0.014 0.021]
1.5,90.0,1,0.0,nan,nan,nan,nan,nan,nan,nan,nan,[0.038 0.024],[0.012 0.004]
1.6,30.0,0,0.0,nan,nan,nan,nan,nan,nan,nan,nan,[1.716 2.045],[0.131 0.039]
1.6,30.0,1,0.0,nan,nan,nan,nan,nan,nan,nan,nan,[1.824 7.616],[0.016 0.044]
1.6,30.0,2,0.0,nan,nan,nan,nan,nan,nan,nan,nan,[1.912 5.089],[0.034 0.037]
1.6,33.75,0,0.0,nan,nan,nan,nan,nan,nan,nan,nan,[1.896 6.328],[0.022 0.029]
1.6,33.75,1,0.0,nan,nan,nan,nan,nan,nan,nan,nan,[1.433 6.348],[0.001 0.38 ]
1.6,33.75,2,0.0,nan,nan,nan,nan,nan,nan,nan,nan,[2.177 4.564],[0.044 0.011]
1.6,37.5,0,0.0,nan,nan,nan,nan,nan,nan,nan,nan,[2.074 6.236],[0.038 1.117]
1.6,37.5,1,0.0,nan,nan,nan,nan,nan,nan,nan,nan,[1.886 7.909],[0.016 0.159]
1.6,37.5,2,0.0,nan,nan,nan,nan,nan,nan,nan,nan,[1.668 5.909],[0.078 0.219]
1.6,41.25,0,0.0,nan,nan,nan,nan,nan,nan,nan,nan,[1.947 5.246],[0.025 0.032]
1.6,41.25,1,0.0,nan,nan,nan,nan,nan,nan,nan,nan,[2.23  7.251],[0.042 0.017]
1.6,41.25,2,0.0,1.57,37.833,0.179,-7.384,0.169,-7.652,0.963,1.24,[1.871 7.488],[0.016 0.142]
1.6,45.0,0,0.0,nan,nan,nan,nan,nan,nan,nan,nan,[2.149 7.181],[0.07  0.058]
1.6,45.0,1,0.0,nan,nan,nan,nan,nan,nan,nan,nan,[2.136 7.534],[0.091 0.072]
1.6,45.0,2,0.0,nan,nan,nan,nan,nan,nan,nan,nan,[2.036 8.924],[0.014 0.049]
1.6,48.75,0,0.0,nan,nan,nan,nan,nan,nan,nan,nan,[2.126 9.269],[0.046 0.279]
1.6,48.75,1,0.0,nan,nan,nan,nan,nan,nan,nan,nan,[2.18  7.901],[0.033 0.008]
1.6,48.75,2,0.0,nan,nan,nan,nan,nan,nan,nan,nan,[2.104 7.155],[0.017 0.355]
1.6,52.5,0,0.0,nan,nan,nan,nan,nan,nan,nan,nan,[1.856 1.907],[0.013 0.021]
1.6,52.5,1,0.0,1.543,49.652,0.189,-4.537,0.221,-4.91,1.176,0.999,[1.951 4.931],[0.001 0.371]
1.6,52.5,2,0.0,nan,nan,nan,nan,nan,nan,nan,nan,[2.208 7.497],[0.016 0.142]
1.6,56.25,0,0.0,nan,nan,nan,nan,nan,nan,nan,nan,[1.938 6.732],[0.007 0.046]
1.6,56.25,1,0.0,1.535,52.943,0.18,-4.252,0.219,-8.003,1.225,0.925,[1.852 7.995],[0.008 0.025]
1.6,56.25,2,0.0,1.552,53.647,0.203,-3.644,0.253,-5.363,1.25,0.92,[2.073 5.372],[0.032 0.047]
1.6,60.0,0,0.0,1.541,57.238,0.199,-3.259,0.257,-4.97,1.296,0.834,[2.029 4.967],[0.002 0.038]
1.6,60.0,1,0.0,nan,nan,nan,nan,nan,nan,nan,nan,[1.96  6.938],[0.004 0.037]
1.6,60.0,2,0.0,1.53,57.245,0.207,-3.128,0.265,-5.267,1.287,0.828,[2.119 5.253],[0.002 0.037]
1.6,63.75,0,0.0,1.521,62.424,0.212,-2.451,0.285,-3.174,1.348,0.704,[2.155 3.402],[0.003 0.343]
1.6,63.75,1,0.0,nan,nan,nan,nan,nan,nan,nan,nan,[2.142 7.771],[0.011 0.041]
1.6,63.75,2,0.17,1.264,63.699,0.171,-1.839,0.243,-5.849,1.133,0.56,[2.208 5.782],[0.018 1.057]
1.6,67.5,0,0.11,0.773,66.354,0.108,-1.014,0.152,-7.233,0.708,0.31,[2.169 7.254],[0.004 0.046]
1.6,67.5,1,0.0,1.546,65.59,0.207,-2.208,0.291,-6.747,1.408,0.639,[2.125 6.787],[0.035 0.123]
1.6,67.5,2,0.0,1.538,65.368,0.223,-2.035,0.312,-4.603,1.398,0.641,[2.199 4.439],[0.022 0.249]
1.6,71.25,0,0.0,nan,nan,nan,nan,nan,nan,nan,nan,[2.117 8.861],[0.011 0.04 ]
1.6,71.25,1,0.0,1.528,69.62,0.214,-1.749,0.305,-6.238,1.432,0.532,[2.215 6.236],[0.004 0.024]
1.6,71.25,2,0.28,1.614,70.712,0.223,-1.556,0.339,-7.203,1.523,0.533,[2.243 7.232],[0.016 0.036]
1.6,75.0,0,0.0,1.604,74.491,0.199,-1.382,0.309,-9.838,1.546,0.429,[2.072 9.784],[0.    0.038]
1.6,75.0,1,0.0,nan,nan,nan,nan,nan,nan,nan,nan,[1.178 3.455],[0.039 0.096]
1.6,75.0,2,0.0,1.519,73.438,0.191,-1.585,0.277,-8.574,1.456,0.433,[1.953 8.505],[0.036 0.229]
1.6,78.75,0,0.0,nan,nan,nan,nan,nan,nan,nan,nan,[2.217 7.37 ],[0.007 0.031]
1.6,78.75,1,0.0,nan,nan,nan,nan,nan,nan,nan,nan,[2.243 7.823],[0.    0.248]
1.6,78.75,2,0.0,1.53,77.772,0.206,-1.052,0.308,-7.716,1.495,0.324,[2.103 7.723],[0.001 0.019]
1.6,82.5,0,0.0,nan,nan,nan,nan,nan,nan,nan,nan,[1.771 6.755],[0.004 0.2  ]
1.6,82.5,1,0.0,1.527,81.414,0.202,-0.766,0.304,-7.272,1.51,0.228,[2.067 7.305],[0.006 0.038]
1.6,82.5,2,0.0,1.533,82.05,0.212,-0.656,0.322,-3.898,1.518,0.212,[2.083 3.913],[0.026 0.023]
1.6,86.25,0,0.06,1.62,86.071,0.222,-0.302,0.36,-7.751,1.616,0.111,[2.233 7.661],[0.006 0.176]
1.6,86.25,1,0.06,1.562,85.925,0.218,-0.324,0.34,-6.502,1.558,0.111,[2.236 6.506],[0.014 0.008]
1.6,86.25,2,0.28,1.572,85.621,0.232,-0.324,0.363,-4.716,1.567,0.12,[2.359 4.586],[0.004 0.147]
1.6,90.0,0,0.0,1.52,89.284,0.196,-0.08,0.297,-3.031,1.52,0.019,[2.031 3.036],[0.016 0.079]
1.6,90.0,1,0.0,1.527,89.925,0.208,-0.004,0.318,-7.778,1.527,0.002,[2.139 7.678],[0.005 0.586]
1.6,90.0,2,0.0,nan,nan,nan,nan,nan,nan,nan,nan,[1.805 6.164],[0.078 0.246]
1.7,30.0,0,0.0,nan,nan,nan,nan,nan,nan,nan,nan,[1.836 4.543],[0.007 0.043]
1.7,30.0,1,0.0,nan,nan,nan,nan,nan,nan,nan,nan,[1.966 5.549],[0.037 0.541]
1.7,30.0,2,0.0,nan,nan,nan,nan,nan,nan,nan,nan,[1.967 7.272],[0.013 0.54 ]
1.7,33.75,0,0.0,nan,nan,nan,nan,nan,nan,nan,nan,[1.461 2.359],[0.019 0.049]
1.7,33.75,1,0.0,nan,nan,nan,nan,nan,nan,nan,nan,[2.095 5.318],[0.013 0.025]
1.7,33.75,2,0.0,nan,nan,nan,nan,nan,nan,nan,nan,[1.3   2.082],[0.056 0.021]
1.7,37.5,0,0.0,nan,nan,nan,nan,nan,nan,nan,nan,[1.39  3.425],[0.035 0.013]
1.7,37.5,1,0.0,nan,nan,nan,nan,nan,nan,nan,nan,[1.475 5.572],[0.017 0.136]
1.7,37.5,2,0.0,nan,nan,nan,nan,nan,nan,nan,nan,[2.096 5.026],[0.017 0.07 ]
1.7,41.25,0,0.0,nan,nan,nan,nan,nan,nan,nan,nan,[1.787 8.987],[0.004 0.167]
1.7,41.25,1,0.0,nan,nan,nan,nan,nan,nan,nan,nan,[1.998 5.745],[0.012 0.383]
1.7,41.25,2,0.0,nan,nan,nan,nan,nan,nan,nan,nan,[0.919 4.477],[0.024 0.062]
1.7,45.0,0,0.0,1.635,41.951,0.172,-6.495,0.188,-5.424,1.093,1.216,[1.79  5.436],[0.033 0.043]
1.7,45.0,1,0.0,nan,nan,nan,nan,nan,nan,nan,nan,[1.979 2.908],[0.015 0.014]
1.7,45.0,2,0.0,nan,nan,nan,nan,nan,nan,nan,nan,[2.054 7.095],[0.003 0.03 ]
1.7,48.75,0,0.0,1.648,45.172,0.17,-5.946,0.197,-4.842,1.169,1.162,[1.759 4.835],[0.013 0.028]
1.7,48.75,1,0.0,1.687,45.889,0.185,-5.393,0.22,-4.48,1.211,1.174,[1.939 4.351],[0.027 0.153]
1.7,48.75,2,0.0,nan,nan,nan,nan,nan,nan,nan,nan,[2.027 8.122],[0.038 0.019]
1.7,52.5,0,0.0,nan,nan,nan,nan,nan,nan,nan,nan,[2.124 8.398],[0.007 0.044]
1.7,52.5,1,0.0,nan,nan,nan,nan,nan,nan,nan,nan,[2.187 6.152],[0.004 0.097]
1.7,52.5,2,0.0,nan,nan,nan,nan,nan,nan,nan,nan,[2.199 8.896],[0.001 0.343]
1.7,56.25,0,0.0,1.646,53.248,0.175,-4.39,0.228,-6.908,1.319,0.985,[1.83  6.902],[0.    0.026]
1.7,56.25,1,0.0,nan,nan,nan,nan,nan,nan,nan,nan,[2.153 7.803],[0.007 0.234]
1.7,56.25,2,0.0,1.637,53.522,0.182,-4.123,0.238,-6.581,1.316,0.973,[1.874 7.296],[0.015 0.949]
1.7,60.0,0,0.0,1.612,57.848,0.184,-3.432,0.25,-8.008,1.365,0.858,[1.887 7.996],[0.009 0.081]
1.7,60.0,1,0.0,nan,nan,nan,nan,nan,nan,nan,nan,[2.17  7.192],[0.005 0.025]
1.7,60.0,2,0.0,1.63,57.372,0.192,-3.36,0.263,-5.456,1.373,0.879,[1.972 5.455],[0.001 0.033]
1.7,63.75,0,0.0,1.63,61.737,0.205,-2.64,0.294,-8.226,1.436,0.772,[2.135 8.235],[0.036 0.032]
1.7,63.75,1,0.0,1.632,61.566,0.195,-2.812,0.278,-7.284,1.435,0.777,[1.986 7.187],[0.002 0.343]
1.7,63.75,2,0.0,nan,nan,nan,nan,nan,nan,nan,nan,[2.137 8.485],[0.008 0.043]
1.7,67.5,0,0.0,nan,nan,nan,nan,nan,nan,nan,nan,[2.008 4.082],[0.047 0.046]
1.7,67.5,1,0.0,1.612,65.136,0.191,-2.458,0.279,-7.959,1.463,0.678,[2.009 7.679],[0.    0.238]
1.7,67.5,2,0.0,1.634,65.632,0.205,-2.229,0.304,-3.482,1.488,0.674,[2.1   3.476],[0.037 0.009]
1.7,71.25,0,0.0,1.609,69.369,0.178,-2.149,0.267,-7.245,1.506,0.567,[1.852 7.241],[0.012 0.04 ]
1.7,71.25,1,0.44,1.706,70.482,0.226,-1.554,0.363,-5.408,1.608,0.57,[2.3   5.389],[0.011 0.04 ]
1.7,71.25,2,0.0,nan,nan,nan,nan,nan,nan,nan,nan,[2.24  7.183],[0.003 0.049]
1.7,75.0,0,0.0,1.616,74.123,0.209,-1.363,0.324,-7.917,1.554,0.442,[2.173 7.972],[0.014 0.06 ]
1.7,75.0,1,0.0,1.62,73.646,0.209,-1.419,0.324,-6.692,1.554,0.456,[2.201 6.69 ],[0.003 0.048]
1.7,75.0,2,0.0,nan,nan,nan,nan,nan,nan,nan,nan,[2.139 8.809],[0.031 0.125]
1.7,78.75,0,0.0,1.585,77.209,0.21,-1.085,0.325,-6.693,1.546,0.351,[2.227 6.679],[0.028 0.015]
1.7,78.75,1,0.0,nan,nan,nan,nan,nan,nan,nan,nan,[2.177 9.114],[0.01  0.208]
1.7,78.75,2,0.0,1.631,77.464,0.22,-1.012,0.35,-3.709,1.592,0.354,[2.236 3.699],[0.031 0.039]
1.7,82.5,0,0.0,1.737,82.556,0.221,-0.588,0.38,-5.07,1.722,0.225,[2.28  5.663],[0.004 0.307]
1.7,82.5,1,0.0,1.61,81.86,0.216,-0.666,0.344,-4.546,1.594,0.228,[2.17  4.532],[0.004 0.025]
1.7,82.5,2,0.0,1.6,81.662,0.128,-1.166,0.202,-6.521,1.583,0.232,[1.323 6.512],[0.047 0.046]
1.7,86.25,0,0.0,nan,nan,nan,nan,nan,nan,nan,nan,[2.082 9.181],[0.005 0.202]
1.7,86.25,1,0.0,1.62,86.071,0.211,-0.321,0.342,-6.114,1.616,0.111,[2.174 6.174],[0.014 0.417]
1.7,86.25,2,0.0,nan,nan,nan,nan,nan,nan,nan,nan,[2.12  9.537],[0.01  0.154]
1.7,90.0,0,0.0,nan,nan,nan,nan,nan,nan,nan,nan,[1.991 4.179],[0.011 0.048]
1.7,90.0,1,0.0,nan,nan,nan,nan,nan,nan,nan,nan,[1.725 9.341],[0.043 0.078]
1.7,90.0,2,0.0,nan,nan,nan,nan,nan,nan,nan,nan,[2.181 8.557],[0.001 0.14 ]
1.8,30.0,0,0.0,nan,nan,nan,nan,nan,nan,nan,nan,[1.784 9.137],[0.001 0.087]
1.8,30.0,1,0.0,nan,nan,nan,nan,nan,nan,nan,nan,[0.954 5.368],[0.04  0.011]
1.8,30.0,2,0.28,1.826,26.902,0.226,-8.937,0.182,-9.562,0.826,1.628,[2.277 9.565],[0.001 0.134]
1.8,33.75,0,0.0,nan,nan,nan,nan,nan,nan,nan,nan,[1.615 4.185],[0.026 0.049]
1.8,33.75,1,0.0,nan,nan,nan,nan,nan,nan,nan,nan,[1.756 8.43 ],[0.001 0.209]
1.8,33.75,2,0.0,nan,nan,nan,nan,nan,nan,nan,nan,[2.015 7.462],[0.009 0.034]
1.8,37.5,0,0.0,nan,nan,nan,nan,nan,nan,nan,nan,[1.855 7.626],[0.001 0.31 ]
1.8,37.5,1,0.0,nan,nan,nan,nan,nan,nan,nan,nan,[2.151 8.378],[0.007 0.32 ]
1.8,37.5,2,0.0,nan,nan,nan,nan,nan,nan,nan,nan,[1.851 5.006],[0.069 0.089]
1.8,41.25,0,0.0,nan,nan,nan,nan,nan,nan,nan,nan,[1.866 9.479],[0.001 0.39 ]
1.8,41.25,1,0.06,1.894,40.568,0.201,-5.662,0.25,-8.447,1.232,1.439,[1.981 8.436],[0.111 0.015]
1.8,41.25,2,0.0,nan,nan,nan,nan,nan,nan,nan,nan,[2.131 6.864],[0.026 0.573]
1.8,45.0,0,0.0,1.76,40.898,0.174,-6.76,0.198,-8.164,1.152,1.33,[1.848 8.143],[0.03  0.033]
1.8,45.0,1,0.0,1.724,41.967,0.17,-6.589,0.194,-4.988,1.153,1.282,[1.797 4.991],[0.055 0.006]
1.8,45.0,2,0.0,nan,nan,nan,nan,nan,nan,nan,nan,[2.184 6.783],[0.024 0.057]
1.8,48.75,0,0.0,nan,nan,nan,nan,nan,nan,nan,nan,[1.88  6.388],[0.006 0.182]
1.8,48.75,1,0.0,nan,nan,nan,nan,nan,nan,nan,nan,[2.168 9.402],[0.012 0.106]
1.8,48.75,2,0.0,1.749,45.556,0.169,-5.892,0.209,-7.747,1.249,1.225,[1.742 7.743],[0.008 0.043]
1.8,52.5,0,0.0,1.74,49.242,0.17,-5.152,0.222,-4.489,1.318,1.136,[1.76  4.403],[0.   0.16]
1.8,52.5,1,0.06,1.865,52.583,0.214,-3.509,0.318,-8.685,1.481,1.133,[2.143 8.718],[0.006 0.033]
1.8,52.5,2,0.0,nan,nan,nan,nan,nan,nan,nan,nan,[2.18  5.843],[0.01  0.148]
1.8,56.25,0,0.0,nan,nan,nan,nan,nan,nan,nan,nan,[2.152 9.136],[0.011 0.042]
1.8,56.25,1,0.0,1.766,52.916,0.183,-4.257,0.254,-8.753,1.409,1.065,[1.876 8.75 ],[0.009 0.085]
1.8,56.25,2,0.11,1.839,56.016,0.212,-3.16,0.323,-8.414,1.525,1.028,[2.172 8.431],[0.034 0.085]
1.8,60.0,0,0.0,nan,nan,nan,nan,nan,nan,nan,nan,[2.165 8.518],[0.001 0.286]
1.8,60.0,1,0.0,nan,nan,nan,nan,nan,nan,nan,nan,[2.177 5.356],[0.001 0.012]
1.8,60.0,2,0.0,1.751,57.599,0.209,-3.082,0.307,-5.4,1.478,0.938,[2.15  5.405],[0.    0.049]
1.8,63.75,0,0.0,1.742,61.287,0.207,-2.707,0.314,-5.856,1.528,0.837,[2.124 5.881],[0.002 0.044]
1.8,63.75,1,0.11,1.19,63.22,0.136,-1.648,0.216,-9.205,1.062,0.536,[2.092 9.203],[0.022 0.021]
1.8,63.75,2,0.0,1.758,61.759,0.191,-2.849,0.295,-3.331,1.549,0.832,[1.954 3.34 ],[0.046 0.033]
1.8,67.5,0,0.0,nan,nan,nan,nan,nan,nan,nan,nan,[2.184 6.796],[0.004 0.039]
1.8,67.5,1,0.0,nan,nan,nan,nan,nan,nan,nan,nan,[2.125 8.885],[0.001 0.108]
1.8,67.5,2,0.0,1.702,65.197,0.174,-2.695,0.268,-5.973,1.545,0.714,[1.749 5.973],[0.061 0.   ]
1.8,71.25,0,0.0,1.71,69.605,0.201,-1.863,0.322,-4.636,1.603,0.596,[2.087 4.608],[0.013 0.047]
1.8,71.25,1,0.0,1.712,69.628,0.185,-2.031,0.297,-4.789,1.605,0.596,[1.914 4.768],[0.002 0.133]
1.8,71.25,2,0.0,1.728,70.076,0.206,-1.771,0.334,-5.388,1.625,0.589,[2.091 5.139],[0.    0.245]
1.8,75.0,0,0.0,nan,nan,nan,nan,nan,nan,nan,nan,[2.094 9.612],[0.015 0.027]
1.8,75.0,1,0.0,nan,nan,nan,nan,nan,nan,nan,nan,[2.294 5.574],[0.018 0.05 ]
1.8,75.0,2,0.0,1.722,73.776,0.223,-1.304,0.369,-2.956,1.653,0.481,[2.273 2.976],[0.015 0.096]
1.8,78.75,0,0.0,nan,nan,nan,nan,nan,nan,nan,nan,[1.943 6.356],[0.002 0.097]
1.8,78.75,1,0.0,1.705,77.774,0.195,-1.123,0.324,-5.844,1.666,0.361,[1.977 6.26 ],[0.001 0.723]
1.8,78.75,2,0.0,1.858,78.545,0.215,-0.927,0.393,-2.799,1.821,0.369,[2.23  7.232],[0.006 1.627]
1.8,82.5,0,0.0,1.69,81.357,0.14,-1.119,0.234,-4.612,1.671,0.254,[1.449 4.617],[0.035 0.035]
1.8,82.5,1,0.06,1.872,82.511,0.233,-0.554,0.432,-6.078,1.856,0.244,[2.314 6.098],[0.018 0.047]
1.8,82.5,2,0.11,1.74,82.038,0.23,-0.606,0.397,-3.549,1.723,0.241,[2.336 3.535],[0.053 0.423]
1.8,86.25,0,0.0,nan,nan,nan,nan,nan,nan,nan,nan,[1.808 6.157],[0.    0.654]
1.8,86.25,1,0.0,1.812,86.361,0.195,-0.325,0.352,-7.247,1.808,0.115,[2.175 8.15 ],[0.095 1.035]
1.8,86.25,2,0.0,nan,nan,nan,nan,nan,nan,nan,nan,[2.214 8.074],[0.039 0.005]
1.8,90.0,0,0.17,1.882,90.03,0.217,0.001,0.407,-8.269,1.882,-0.001,[2.222 8.247],[0.037 0.051]
1.8,90.0,1,0.33,1.803,89.905,0.214,-0.005,0.386,-9.241,1.803,0.003,[2.191 9.148],[0.005 0.318]
1.8,90.0,2,0.0,1.737,89.967,0.216,-0.003,0.376,-1.468,1.737,0.001,[2.197 1.849],[0.021 0.195]
1.9,30.0,0,0.0,nan,nan,nan,nan,nan,nan,nan,nan,[2.029 5.844],[0.043 0.045]
1.9,30.0,1,0.0,nan,nan,nan,nan,nan,nan,nan,nan,[1.773 2.093],[0.01  0.026]
1.9,30.0,2,0.0,nan,nan,nan,nan,nan,nan,nan,nan,[1.434 7.07 ],[0.011 0.125]
1.9,33.75,0,0.0,nan,nan,nan,nan,nan,nan,nan,nan,[1.888 6.202],[0.022 0.13 ]
1.9,33.75,1,0.0,nan,nan,nan,nan,nan,nan,nan,nan,[1.831 8.351],[0.003 0.264]
1.9,33.75,2,0.0,nan,nan,nan,nan,nan,nan,nan,nan,[2.023 3.434],[0.006 0.158]
1.9,37.5,0,0.0,nan,nan,nan,nan,nan,nan,nan,nan,[1.961 5.695],[0.064 0.242]
1.9,37.5,1,0.0,nan,nan,nan,nan,nan,nan,nan,nan,[1.977 3.571],[0.028 0.131]
1.9,37.5,2,0.0,nan,nan,nan,nan,nan,nan,nan,nan,[1.815 9.007],[0.001 0.031]
1.9,41.25,0,0.0,nan,nan,nan,nan,nan,nan,nan,nan,[1.933 8.186],[0.001 0.044]
1.9,41.25,1,0.0,1.838,38.105,0.15,-8.561,0.168,-9.304,1.134,1.446,[1.583 9.366],[0.019 0.243]
1.9,41.25,2,0.0,nan,nan,nan,nan,nan,nan,nan,nan,[2.282 2.636],[0.035 0.013]
1.9,45.0,0,0.0,nan,nan,nan,nan,nan,nan,nan,nan,[1.981 3.39 ],[0.018 0.044]
1.9,45.0,1,0.0,nan,nan,nan,nan,nan,nan,nan,nan,[1.93  8.116],[0.03  0.036]
1.9,45.0,2,0.0,nan,nan,nan,nan,nan,nan,nan,nan,[1.907 5.362],[0.003 0.039]
1.9,48.75,0,0.06,1.969,48.108,0.206,-4.317,0.301,-7.819,1.466,1.315,[2.172 7.94 ],[0.106 0.491]
1.9,48.75,1,0.0,nan,nan,nan,nan,nan,nan,nan,nan,[1.61  9.108],[0.004 0.068]
1.9,48.75,2,0.06,1.866,46.39,0.218,-4.394,0.293,-8.638,1.351,1.287,[2.217 8.583],[0.007 0.076]
1.9,52.5,0,0.0,nan,nan,nan,nan,nan,nan,nan,nan,[2.228 2.646],[0.041 1.11 ]
1.9,52.5,1,0.0,nan,nan,nan,nan,nan,nan,nan,nan,[2.023 6.541],[0.009 0.452]
1.9,52.5,2,0.06,1.954,52.591,0.209,-3.652,0.323,-8.43,1.552,1.187,[2.141 8.472],[0.017 0.034]
1.9,56.25,0,0.0,nan,nan,nan,nan,nan,nan,nan,nan,[1.785 6.546],[0.037 0.041]
1.9,56.25,1,0.0,1.839,53.535,0.172,-4.394,0.251,-7.714,1.479,1.093,[1.759 7.578],[0.023 0.315]
1.9,56.25,2,0.0,nan,nan,nan,nan,nan,nan,nan,nan,[2.196 6.808],[0.034 0.016]
1.9,60.0,0,0.0,nan,nan,nan,nan,nan,nan,nan,nan,[2.09  8.258],[0.001 0.359]
1.9,60.0,1,0.0,nan,nan,nan,nan,nan,nan,nan,nan,[2.191 6.127],[0.024 0.046]
1.9,60.0,2,0.0,nan,nan,nan,nan,nan,nan,nan,nan,[2.235 5.81 ],[0.013 0.185]
1.9,63.75,0,0.0,nan,nan,nan,nan,nan,nan,nan,nan,[2.129 7.698],[0.    0.137]
1.9,63.75,1,0.0,nan,nan,nan,nan,nan,nan,nan,nan,[2.204 7.388],[0.017 0.061]
1.9,63.75,2,0.0,1.844,61.419,0.175,-3.192,0.281,-9.205,1.619,0.882,[1.773 9.205],[0.    0.023]
1.9,67.5,0,0.17,1.311,67.858,0.157,-1.136,0.286,-4.484,1.214,0.494,[2.338 4.521],[0.038 0.049]
1.9,67.5,1,0.0,1.81,65.7,0.147,-3.121,0.242,-4.022,1.65,0.745,[1.526 4.021],[0.014 0.004]
1.9,67.5,2,0.0,1.87,65.079,0.22,-2.167,0.371,-4.442,1.696,0.788,[2.28  4.431],[0.014 0.046]
1.9,71.25,0,0.0,1.846,69.611,0.218,-1.704,0.378,-6.059,1.73,0.643,[2.256 6.038],[0.012 0.047]
1.9,71.25,1,0.0,nan,nan,nan,nan,nan,nan,nan,nan,[2.194 7.809],[0.005 0.048]
1.9,71.25,2,0.06,1.954,71.064,0.217,-1.562,0.401,-8.06,1.848,0.634,[2.233 7.914],[0.027 0.072]
1.9,75.0,0,0.0,1.798,73.691,0.134,-2.21,0.232,-7.696,1.726,0.505,[1.373 7.676],[0.003 0.084]
1.9,75.0,1,0.0,1.826,73.848,0.21,-1.405,0.367,-5.504,1.754,0.508,[2.195 5.491],[0.029 0.039]
1.9,75.0,2,0.0,nan,nan,nan,nan,nan,nan,nan,nan,[2.121 7.821],[0.02  0.203]
1.9,78.75,0,0.0,nan,nan,nan,nan,nan,nan,nan,nan,[2.236 7.833],[0.025 0.232]
1.9,78.75,1,0.06,1.901,78.59,0.209,-0.973,0.387,-8.501,1.863,0.376,[2.142 8.509],[0.013 0.013]
1.9,78.75,2,0.0,1.806,77.657,0.213,-1.041,0.375,-6.938,1.764,0.386,[2.186 6.945],[0.03  0.016]
1.9,82.5,0,0.06,1.923,82.468,0.211,-0.629,0.4,-8.309,1.906,0.252,[2.116 8.341],[0.001 0.052]
1.9,82.5,1,0.17,1.88,81.775,0.237,-0.596,0.441,-7.291,1.861,0.269,[2.395 6.944],[0.001 0.697]
1.9,82.5,2,0.06,0.925,82.045,0.103,-0.342,0.188,-7.824,0.916,0.128,[2.176 7.837],[0.046 0.032]
1.9,86.25,0,0.0,1.835,85.405,0.177,-0.484,0.323,-2.681,1.829,0.147,[1.823 2.67 ],[0.01  0.034]
1.9,86.25,1,0.0,nan,nan,nan,nan,nan,nan,nan,nan,[1.957 4.442],[0.059 0.204]
1.9,86.25,2,0.17,1.9,86.168,0.216,-0.309,0.41,-8.893,1.896,0.127,[2.184 8.83 ],[0.004 0.052]
1.9,90.0,0,0.0,1.785,89.968,0.138,-0.004,0.246,-6.195,1.785,0.001,[1.423 6.18 ],[0.007 0.038]
1.9,90.0,2,0.06,1.938,89.793,0.215,-0.015,0.416,-8.754,1.938,0.007,[2.222 8.817],[0.003 0.548]
2.0,30.0,0,0.0,nan,nan,nan,nan,nan,nan,nan,nan,[1.837 8.037],[0.052 0.062]
2.0,30.0,1,0.0,nan,nan,nan,nan,nan,nan,nan,nan,[2.156 6.341],[0.002 0.032]
2.0,30.0,2,0.0,nan,nan,nan,nan,nan,nan,nan,nan,[2.133 7.302],[0.012 0.01 ]
2.0,33.75,0,0.0,nan,nan,nan,nan,nan,nan,nan,nan,[1.93  3.945],[0.047 0.038]
2.0,33.75,1,0.28,2.039,31.055,0.22,-7.76,0.226,-8.545,1.052,1.747,[2.253 8.55 ],[0.018 0.029]
2.0,33.75,2,0.0,nan,nan,nan,nan,nan,nan,nan,nan,[1.957 4.505],[0.009 0.067]
2.0,37.5,0,0.0,nan,nan,nan,nan,nan,nan,nan,nan,[2.01  6.105],[0.047 0.084]
2.0,37.5,1,0.28,2.013,34.558,0.218,-6.896,0.242,-9.022,1.142,1.658,[2.241 9.013],[0.017 0.085]
2.0,37.5,2,0.0,nan,nan,nan,nan,nan,nan,nan,nan,[1.876 7.416],[0.002 0.443]
2.0,41.25,0,0.0,nan,nan,nan,nan,nan,nan,nan,nan,[1.867 6.492],[0.024 0.133]
2.0,41.25,1,0.33,2.035,39.258,0.214,-5.832,0.271,-8.435,1.288,1.576,[2.18  8.458],[0.012 0.319]
2.0,41.25,2,0.0,nan,nan,nan,nan,nan,nan,nan,nan,[2.14  5.297],[0.025 0.041]
2.0,45.0,0,0.0,nan,nan,nan,nan,nan,nan,nan,nan,[1.912 4.789],[0.    0.037]
2.0,45.0,1,0.0,nan,nan,nan,nan,nan,nan,nan,nan,[1.879 3.029],[0.001 0.028]
2.0,45.0,2,0.22,1.977,42.233,0.222,-5.028,0.292,-5.791,1.329,1.464,[2.248 5.807],[0.012 0.026]
2.0,48.75,0,0.0,nan,nan,nan,nan,nan,nan,nan,nan,[2.035 3.455],[0.021 0.128]
2.0,48.75,1,0.0,nan,nan,nan,nan,nan,nan,nan,nan,[1.164 3.99 ],[0.001 0.05 ]
2.0,48.75,2,0.0,1.979,46.228,0.204,-4.78,0.289,-8.205,1.429,1.369,[2.066 8.25 ],[0.004 0.091]
2.0,52.5,0,0.0,1.949,49.788,0.17,-5.087,0.25,-7.144,1.488,1.258,[1.76  6.604],[0.009 0.331]
2.0,52.5,1,0.0,1.972,49.566,0.188,-4.684,0.277,-5.533,1.501,1.279,[1.941 5.546],[0.003 0.124]
2.0,52.5,2,0.0,nan,nan,nan,nan,nan,nan,nan,nan,[2.294 3.406],[0.014 0.161]
2.0,56.25,0,0.06,2.056,56.063,0.22,-2.998,0.377,-7.508,1.706,1.148,[2.218 7.353],[0.01  0.275]
2.0,56.25,1,0.0,nan,nan,nan,nan,nan,nan,nan,nan,[2.179 3.599],[0.002 0.302]
2.0,56.25,2,0.06,2.067,56.002,0.206,-3.263,0.352,-8.899,1.714,1.156,[2.12  8.962],[0.007 0.041]
2.0,60.0,0,0.0,nan,nan,nan,nan,nan,nan,nan,nan,[2.301 3.942],[0.087 0.188]
2.0,60.0,1,0.06,2.116,60.309,0.223,-2.442,0.414,-6.238,1.838,1.048,[2.272 6.272],[0.006 0.029]
2.0,60.0,2,0.06,2.064,60.031,0.22,-2.593,0.392,-6.851,1.788,1.031,[2.23  6.426],[0.001 0.292]
2.0,63.75,0,0.0,1.929,61.589,0.178,-3.112,0.301,-7.772,1.697,0.918,[1.845 7.739],[0.029 0.044]
2.0,63.75,1,0.0,nan,nan,nan,nan,nan,nan,nan,nan,[2.18  7.232],[0.018 0.854]
2.0,63.75,2,0.0,1.962,60.979,0.198,-2.931,0.336,-8.023,1.716,0.952,[2.07  8.084],[0.031 0.044]
2.0,67.5,0,0.0,1.912,65.794,0.2,-2.262,0.349,-5.401,1.744,0.784,[2.054 5.168],[0.004 0.504]
2.0,67.5,1,0.0,1.898,65.136,0.21,-2.232,0.362,-6.298,1.722,0.798,[2.139 6.468],[0.034 0.357]
2.0,67.5,2,0.06,2.094,67.599,0.232,-1.713,0.45,-6.233,1.936,0.798,[2.293 6.181],[0.037 0.039]
2.0,71.25,0,0.0,nan,nan,nan,nan,nan,nan,nan,nan,[2.127 7.806],[0.005 0.314]
2.0,71.25,1,0.0,1.928,69.882,0.222,-1.652,0.402,-5.049,1.81,0.663,[2.29  5.063],[0.003 0.203]
2.0,71.25,2,0.0,nan,nan,nan,nan,nan,nan,nan,nan,[2.25  8.624],[0.034 0.03 ]
2.0,75.0,0,0.0,nan,nan,nan,nan,nan,nan,nan,nan,[2.191 8.938],[0.044 0.006]
2.0,75.0,1,0.0,1.983,74.38,0.229,-1.207,0.438,-3.888,1.91,0.534,[2.344 4.543],[0.001 0.526]
2.0,75.0,2,0.0,nan,nan,nan,nan,nan,nan,nan,nan,[2.266 7.09 ],[0.012 0.041]
2.0,78.75,0,0.0,1.902,77.739,0.182,-1.213,0.339,-4.136,1.859,0.404,[1.874 4.053],[0.002 0.196]
2.0,78.75,1,0.06,0.946,77.55,0.112,-0.492,0.206,-6.269,0.924,0.204,[2.288 6.272],[0.019 0.352]
2.0,78.75,2,0.0,nan,nan,nan,nan,nan,nan,nan,nan,[2.278 5.663],[0.032 0.037]
2.0,82.5,0,0.0,1.923,81.415,0.202,-0.774,0.384,-6.143,1.901,0.287,[2.041 6.134],[0.035 0.014]
2.0,82.5,1,0.22,2.04,82.339,0.213,-0.626,0.431,-8.521,2.022,0.272,[2.158 8.457],[0.002 0.267]
2.0,82.5,2,0.0,nan,nan,nan,nan,nan,nan,nan,nan,[2.279 6.408],[0.001 0.111]
2.0,86.25,0,0.0,1.885,85.953,0.128,-0.559,0.242,-2.883,1.88,0.133,[1.355 2.916],[0.014 0.048]
2.0,86.25,1,0.06,2.124,86.356,0.228,-0.272,0.482,-6.413,2.12,0.135,[2.338 6.307],[0.007 0.12 ]
2.0,86.25,2,0.06,1.957,86.163,0.235,-0.286,0.459,-3.488,1.953,0.131,[2.421 3.465],[0.004 0.122]
2.0,90.0,0,0.0,1.93,90.03,0.232,0.002,0.448,-3.618,1.93,-0.001,[2.415 3.645],[0.016 0.041]
2.0,90.0,1,0.11,2.025,89.972,0.222,-0.002,0.448,-7.754,2.025,0.001,[2.241 7.72 ],[0.001 0.036]
2.0,90.0,2,0.28,2.07,90.0,0.22,0.003,0.454,-7.863,2.07,-0.0,[2.25  7.869],[0.007 0.03 ]
2.1,30.0,0,0.0,nan,nan,nan,nan,nan,nan,nan,nan,[0.778 2.7  ],[0.045 0.075]
2.1,30.0,1,0.0,nan,nan,nan,nan,nan,nan,nan,nan,[1.163 3.461],[0.194 0.034]
2.1,30.0,2,0.11,2.122,26.903,0.224,-9.077,0.209,-6.714,0.96,1.892,[2.275 6.712],[0.013 0.042]
2.1,33.75,0,0.0,nan,nan,nan,nan,nan,nan,nan,nan,[1.706 8.956],[0.002 0.019]
2.1,33.75,1,0.11,2.131,31.019,0.227,-7.63,0.24,-6.259,1.098,1.826,[2.326 6.253],[0.033 0.021]
2.1,33.75,2,0.0,2.087,30.879,0.218,-7.728,0.231,-6.298,1.071,1.791,[2.181 6.291],[0.002 0.047]
2.1,37.5,0,0.0,2.073,34.802,0.128,-11.442,0.149,-9.224,1.183,1.702,[1.319 9.032],[0.    0.158]
2.1,37.5,1,0.22,2.121,35.114,0.217,-6.664,0.261,-7.192,1.22,1.735,[2.177 7.187],[0.041 0.045]
2.1,37.5,2,0.0,nan,nan,nan,nan,nan,nan,nan,nan,[2.101 4.195],[0.11  0.056]
2.1,41.25,0,0.0,nan,nan,nan,nan,nan,nan,nan,nan,[1.904 5.103],[0.015 0.031]
2.1,41.25,1,0.0,nan,nan,nan,nan,nan,nan,nan,nan,[1.993 4.663],[0.011 0.092]
2.1,41.25,2,0.22,2.106,38.987,0.22,-5.696,0.288,-6.889,1.325,1.637,[2.219 6.921],[0.002 0.047]
2.1,45.0,0,0.0,nan,nan,nan,nan,nan,nan,nan,nan,[1.973 5.424],[0.    0.252]
2.1,45.0,1,0.0,nan,nan,nan,nan,nan,nan,nan,nan,[1.859 6.968],[0.021 0.009]
2.1,45.0,2,0.17,2.135,44.601,0.212,-4.798,0.316,-8.284,1.499,1.52,[2.141 8.241],[0.028 0.575]
2.1,48.75,0,0.11,2.118,47.392,0.216,-4.272,0.336,-6.698,1.559,1.434,[2.202 6.722],[0.029 0.026]
2.1,48.75,1,0.0,nan,nan,nan,nan,nan,nan,nan,nan,[2.099 6.248],[0.002 0.028]
2.1,48.75,2,0.0,nan,nan,nan,nan,nan,nan,nan,nan,[2.043 1.9  ],[0.003 0.043]
2.1,52.5,0,0.0,nan,nan,nan,nan,nan,nan,nan,nan,[2.144 6.652],[0.002 0.033]
2.1,52.5,1,0.06,2.204,53.135,0.212,-3.438,0.377,-6.257,1.763,1.322,[2.211 6.207],[0.02  0.048]
2.1,52.5,2,0.0,nan,nan,nan,nan,nan,nan,nan,nan,[1.958 7.505],[0.01  0.014]
2.1,56.25,0,0.0,2.045,54.133,0.198,-3.76,0.324,-4.861,1.657,1.198,[2.048 4.891],[0.001 0.452]
2.1,56.25,1,0.11,2.13,55.541,0.219,-3.123,0.384,-6.71,1.756,1.205,[2.194 6.701],[0.031 0.027]
2.1,56.25,2,0.0,nan,nan,nan,nan,nan,nan,nan,nan,[2.292 4.739],[0.043 0.033]
2.1,60.0,0,0.0,nan,nan,nan,nan,nan,nan,nan,nan,[2.274 5.801],[0.033 0.043]
2.1,60.0,1,0.0,nan,nan,nan,nan,nan,nan,nan,nan,[2.28  5.724],[0.005 0.09 ]
2.1,60.0,2,0.39,2.153,59.552,0.212,-2.755,0.393,-8.377,1.856,1.091,[2.153 8.373],[0.005 0.026]
2.1,63.75,0,0.0,nan,nan,nan,nan,nan,nan,nan,nan,[2.28  3.966],[0.002 0.185]
2.1,63.75,1,0.0,nan,nan,nan,nan,nan,nan,nan,nan,[2.369 3.769],[0.044 0.044]
2.1,63.75,2,0.11,2.176,63.647,0.222,-2.178,0.434,-6.7,1.95,0.966,[2.229 6.679],[0.018 0.411]
2.1,67.5,0,0.0,nan,nan,nan,nan,nan,nan,nan,nan,[2.361 3.69 ],[0.046 0.027]
2.1,67.5,1,0.0,nan,nan,nan,nan,nan,nan,nan,nan,[2.222 6.493],[0.016 0.147]
2.1,67.5,2,0.0,nan,nan,nan,nan,nan,nan,nan,nan,[2.206 6.398],[0.005 0.026]
2.1,71.25,0,0.0,2.026,69.49,0.221,-1.688,0.419,-5.825,1.898,0.71,[2.267 5.705],[0.002 0.207]
2.1,71.25,1,0.06,2.167,71.214,0.24,-1.377,0.494,-7.397,2.052,0.698,[2.291 7.325],[0.074 0.179]
2.1,71.25,2,0.11,2.209,71.36,0.219,-1.514,0.458,-6.861,2.093,0.706,[2.214 6.946],[0.013 0.045]
2.1,75.0,0,0.06,2.173,74.902,0.218,-1.224,0.455,-7.778,2.098,0.566,[2.24  7.754],[0.035 0.04 ]
2.1,75.0,1,0.0,2.018,74.214,0.222,-1.274,0.431,-6.219,1.942,0.549,[2.314 6.291],[0.01  0.323]
2.1,75.0,2,0.0,nan,nan,nan,nan,nan,nan,nan,nan,[2.372 5.947],[0.044 0.03 ]
2.1,78.75,0,0.0,nan,nan,nan,nan,nan,nan,nan,nan,[1.719 3.467],[0.04 0.05]
2.1,78.75,1,0.06,2.112,78.504,0.24,-0.833,0.498,-4.17,2.07,0.421,[2.444 4.775],[0.031 0.313]
2.1,78.75,2,0.0,2.049,78.114,0.238,-0.881,0.477,-3.602,2.005,0.422,[2.439 4.08 ],[0.001 0.411]
2.1,82.5,0,0.17,2.042,82.092,0.24,-0.577,0.485,-3.956,2.023,0.281,[2.431 4.4  ],[0.019 0.594]
2.1,82.5,1,0.0,2.014,81.922,0.212,-0.681,0.422,-6.218,1.994,0.283,[2.154 5.959],[0.021 0.417]
2.1,82.5,2,0.0,2.037,81.615,0.229,-0.637,0.461,-5.081,2.015,0.297,[2.346 5.   ],[0.    0.117]
2.1,86.25,0,0.06,2.134,85.997,0.232,-0.294,0.494,-6.192,2.129,0.149,[2.401 5.722],[0.038 0.518]
2.1,86.25,1,0.56,2.117,86.154,0.217,-0.308,0.458,-8.823,2.112,0.142,[2.211 8.84 ],[0.002 0.169]
2.1,86.25,2,0.22,2.136,86.241,0.224,-0.293,0.477,-7.907,2.131,0.14,[2.313 7.886],[0.001 0.09 ]
2.1,90.0,0,0.44,1.867,89.939,0.201,-0.003,0.43,-7.668,1.867,0.002,[2.354 7.654],[0.008 0.058]
2.1,90.0,1,0.06,2.085,89.973,0.236,0.007,0.493,-4.627,2.085,0.001,[2.425 4.607],[0.026 0.042]
2.1,90.0,2,0.61,2.119,89.919,0.22,-0.006,0.467,-8.636,2.119,0.003,[2.257 8.637],[0.048 0.021]
2.2,30.0,0,0.0,nan,nan,nan,nan,nan,nan,nan,nan,[2.044 4.389],[0.143 0.234]
2.2,30.0,1,0.5,2.213,27.294,0.22,-9.043,0.218,-9.178,1.015,1.967,[2.236 9.184],[0.012 0.062]
2.2,30.0,2,0.0,nan,nan,nan,nan,nan,nan,nan,nan,[1.678 6.104],[0.011 0.044]
2.2,33.75,0,0.0,nan,nan,nan,nan,nan,nan,nan,nan,[1.919 3.805],[0.02  0.337]
2.2,33.75,1,0.0,nan,nan,nan,nan,nan,nan,nan,nan,[1.73  8.976],[0.021 0.96 ]
2.2,33.75,2,0.44,2.219,31.283,0.221,-7.528,0.252,-6.739,1.152,1.896,[2.272 6.734],[0.083 0.011]
2.2,37.5,0,0.0,nan,nan,nan,nan,nan,nan,nan,nan,[1.756 7.506],[0.018 0.01 ]
2.2,37.5,1,0.0,nan,nan,nan,nan,nan,nan,nan,nan,[1.884 5.547],[0.043 0.418]
2.2,37.5,2,0.0,nan,nan,nan,nan,nan,nan,nan,nan,[1.877 3.745],[0.028 0.025]
2.2,41.25,0,0.22,2.243,40.208,0.197,-6.069,0.283,-9.263,1.448,1.713,[2.014 9.267],[0.001 0.027]
2.2,41.25,1,0.0,nan,nan,nan,nan,nan,nan,nan,nan,[1.913 6.63 ],[0.056 0.238]
2.2,41.25,2,0.0,nan,nan,nan,nan,nan,nan,nan,nan,[2.092 6.161],[0.001 0.596]
2.2,45.0,0,0.5,2.237,44.112,0.21,-4.908,0.326,-8.042,1.557,1.606,[2.146 8.029],[0.016 0.041]
2.2,45.0,1,0.28,2.19,43.205,0.216,-4.928,0.324,-6.829,1.499,1.596,[2.204 6.635],[0.009 0.905]
2.2,45.0,2,0.28,2.169,41.991,0.222,-5.093,0.318,-7.729,1.451,1.612,[2.252 7.738],[0.008 0.045]
2.2,48.75,0,0.0,2.164,46.928,0.162,-5.933,0.252,-7.755,1.581,1.478,[1.679 7.749],[0.004 0.037]
2.2,48.75,1,0.0,nan,nan,nan,nan,nan,nan,nan,nan,[1.985 5.259],[0.004 0.356]
2.2,52.5,0,0.0,nan,nan,nan,nan,nan,nan,nan,nan,[1.919 6.172],[0.008 0.047]
2.2,52.5,1,0.0,nan,nan,nan,nan,nan,nan,nan,nan,[2.055 3.117],[0.026 0.013]
2.2,52.5,2,0.0,nan,nan,nan,nan,nan,nan,nan,nan,[2.074 4.314],[0.045 0.028]
2.2,56.25,0,0.33,2.24,55.899,0.21,-3.219,0.388,-8.954,1.855,1.256,[2.119 8.94 ],[0.001 0.107]
2.2,56.25,1,0.28,2.243,55.701,0.226,-2.963,0.42,-5.594,1.853,1.264,[2.311 5.588],[0.016 0.025]
2.2,56.25,2,0.0,nan,nan,nan,nan,nan,nan,nan,nan,[2.108 4.912],[0.005 0.124]
2.2,60.0,0,0.0,2.146,58.125,0.193,-3.288,0.35,-5.804,1.822,1.133,[1.956 6.417],[0.011 0.493]
2.2,60.0,1,0.11,2.283,60.224,0.213,-2.663,0.421,-7.741,1.982,1.134,[2.144 7.729],[0.033 0.026]
2.2,60.0,2,0.0,nan,nan,nan,nan,nan,nan,nan,nan,[2.083 8.765],[0.018 0.213]
2.2,63.75,0,0.28,2.269,63.514,0.216,-2.276,0.439,-7.778,2.031,1.012,[2.196 7.768],[0.001 0.053]
2.2,63.75,1,0.17,2.253,63.765,0.21,-2.341,0.424,-8.792,2.021,0.996,[2.123 8.769],[0.002 0.087]
2.2,63.75,2,0.06,2.279,63.559,0.223,-2.179,0.456,-6.852,2.041,1.015,[2.307 6.036],[0.003 0.721]
2.2,67.5,0,0.0,nan,nan,nan,nan,nan,nan,nan,nan,[2.304 6.364],[0.034 0.03 ]
2.2,67.5,1,0.11,2.242,67.359,0.207,-2.014,0.428,-8.67,2.069,0.863,[2.128 8.423],[0.    0.347]
2.2,67.5,2,0.06,2.269,67.537,0.211,-1.967,0.441,-7.516,2.097,0.867,[2.162 7.632],[0.007 0.156]
2.2,71.25,0,0.0,nan,nan,nan,nan,nan,nan,nan,nan,[2.333 3.846],[0.031 0.008]
2.2,71.25,1,0.06,2.12,69.744,0.244,-1.488,0.487,-3.263,1.989,0.734,[2.458 3.275],[0.006 0.014]
2.2,71.25,2,0.0,2.098,69.837,0.126,-2.955,0.248,-6.104,1.969,0.723,[1.297 6.119],[0.016 0.089]
2.2,75.0,0,0.0,nan,nan,nan,nan,nan,nan,nan,nan,[2.159 7.909],[0.017 0.048]
2.2,75.0,1,0.06,2.228,75.203,0.226,-1.17,0.486,-6.672,2.154,0.569,[2.343 6.63 ],[0.011 0.016]
2.2,75.0,2,0.06,2.292,75.085,0.219,-1.197,0.486,-7.792,2.215,0.59,[2.133 7.826],[0.029 0.019]
2.2,78.75,0,0.0,2.093,77.724,0.128,-1.749,0.262,-5.948,2.045,0.445,[1.321 5.951],[0.024 0.017]
2.2,78.75,1,0.22,1.693,78.763,0.16,-0.694,0.354,-9.093,1.661,0.33,[2.157 9.123],[0.003 0.048]
2.2,78.75,2,0.39,2.222,78.579,0.221,-0.906,0.482,-8.259,2.178,0.44,[2.263 8.238],[0.003 0.07 ]
2.2,82.5,0,0.44,2.244,82.448,0.221,-0.594,0.492,-8.119,2.225,0.295,[2.243 8.113],[0.008 0.039]
2.2,82.5,1,0.06,2.152,82.096,0.24,-0.575,0.513,-3.171,2.132,0.296,[2.485 3.168],[0.048 0.035]
2.2,82.5,2,0.0,2.143,82.006,0.178,-0.807,0.377,-9.212,2.122,0.298,[1.832 9.129],[0.01  0.486]
2.2,86.25,0,0.0,2.117,84.715,0.17,-0.639,0.356,-6.39,2.108,0.195,[1.77 6.38],[0.026 0.041]
2.2,86.25,1,0.22,2.26,86.194,0.214,-0.31,0.482,-8.666,2.255,0.15,[2.129 8.557],[0.082 0.551]
2.2,86.25,2,0.0,2.22,86.152,0.231,-0.287,0.512,-3.529,2.215,0.149,[2.476 3.535],[0.076 0.013]
2.2,90.0,0,0.72,2.209,90.026,0.219,0.003,0.484,-8.515,2.209,-0.001,[2.238 8.485],[0.008 0.184]
2.2,90.0,1,0.0,nan,nan,nan,nan,nan,nan,nan,nan,[2.481 3.458],[0.002 0.188]
2.2,90.0,2,0.22,2.25,90.0,0.233,-0.0,0.524,-7.044,2.25,-0.0,[2.392 7.116],[0.001 0.342]
2.3,30.0,0,0.0,nan,nan,nan,nan,nan,nan,nan,nan,[2.195 6.115],[0.006 0.153]
2.3,30.0,1,0.0,nan,nan,nan,nan,nan,nan,nan,nan,[2.094 7.3  ],[0.002 0.141]
2.3,30.0,2,0.0,nan,nan,nan,nan,nan,nan,nan,nan,[2.121 7.363],[0.007 0.082]
2.3,33.75,0,0.22,2.307,31.168,0.224,-7.593,0.261,-7.239,1.194,1.974,[2.281 7.238],[0.039 0.015]
2.3,33.75,1,0.17,2.343,32.449,0.21,-7.592,0.261,-8.093,1.257,1.977,[2.121 8.076],[0.023 0.106]
2.3,33.75,2,0.0,nan,nan,nan,nan,nan,nan,nan,nan,[2.086 8.4  ],[0.183 0.487]
2.3,37.5,0,0.0,nan,nan,nan,nan,nan,nan,nan,nan,[1.316 8.653],[0.011 0.049]
2.3,37.5,1,0.0,nan,nan,nan,nan,nan,nan,nan,nan,[1.821 1.224],[0.046 0.006]
2.3,37.5,2,0.0,nan,nan,nan,nan,nan,nan,nan,nan,[2.116 5.135],[0.019 0.031]
2.3,41.25,0,0.0,nan,nan,nan,nan,nan,nan,nan,nan,[1.894 6.454],[0.041 0.039]
2.3,41.25,1,0.0,nan,nan,nan,nan,nan,nan,nan,nan,[1.791 8.385],[0.007 0.892]
2.3,41.25,2,0.06,2.319,39.119,0.221,-5.651,0.319,-5.15,1.463,1.799,[2.274 5.123],[0.023 0.041]
2.3,45.0,0,0.61,2.32,44.354,0.208,-4.929,0.337,-8.389,1.622,1.659,[2.118 8.393],[0.007 0.02 ]
2.3,45.0,1,0.28,2.306,43.665,0.215,-4.956,0.339,-7.653,1.592,1.668,[2.197 7.669],[0.007 0.047]
2.3,45.0,2,0.5,2.344,44.101,0.207,-4.994,0.336,-7.809,1.631,1.683,[2.122 7.805],[0.003 0.012]
2.3,48.75,0,0.0,nan,nan,nan,nan,nan,nan,nan,nan,[1.752 8.89 ],[0.005 0.084]
2.3,48.75,1,0.0,nan,nan,nan,nan,nan,nan,nan,nan,[2.01  4.615],[0.01  0.107]
2.3,48.75,2,0.17,2.296,47.347,0.221,-4.147,0.374,-6.881,1.689,1.556,[2.273 6.892],[0.026 0.038]
2.3,52.5,0,0.17,2.312,51.038,0.222,-3.67,0.398,-5.797,1.798,1.454,[2.244 5.789],[0.049 0.023]
2.3,52.5,1,0.0,nan,nan,nan,nan,nan,nan,nan,nan,[1.957 6.115],[0.007 0.196]
2.3,52.5,2,0.0,2.235,50.812,0.181,-4.558,0.312,-4.876,1.732,1.412,[1.892 4.9  ],[0.047 0.027]
2.3,56.25,0,0.17,2.283,55.168,0.223,-3.11,0.418,-7.613,1.874,1.304,[2.257 7.597],[0.034 0.041]
2.3,56.25,1,0.22,2.318,55.954,0.215,-3.152,0.412,-7.952,1.921,1.298,[2.218 7.922],[0.036 0.048]
2.3,56.25,2,0.28,2.331,55.54,0.223,-3.05,0.429,-6.069,1.922,1.319,[2.292 6.065],[0.01  0.028]
2.3,60.0,0,0.0,2.239,58.163,0.194,-3.259,0.366,-4.778,1.902,1.181,[1.991 4.794],[0.003 0.148]
2.3,60.0,1,0.06,2.352,60.503,0.222,-2.543,0.454,-7.227,2.047,1.158,[2.245 7.189],[0.001 0.048]
2.3,60.0,2,0.0,nan,nan,nan,nan,nan,nan,nan,nan,[2.244 2.93 ],[0.002 0.27 ]
2.3,63.75,0,0.06,2.358,63.663,0.228,-2.146,0.482,-5.947,2.113,1.046,[2.315 5.974],[0.01  0.035]
2.3,63.75,1,0.17,2.337,63.27,0.219,-2.268,0.458,-7.699,2.087,1.051,[2.252 7.747],[0.013 0.084]
2.3,63.75,2,0.06,2.348,63.981,0.219,-2.228,0.462,-7.259,2.11,1.03,[2.188 7.272],[0.    0.046]
2.3,67.5,0,0.0,2.227,65.737,0.196,-2.328,0.397,-7.183,2.03,0.915,[1.915 7.188],[0.045 0.037]
2.3,67.5,1,0.22,2.349,66.894,0.212,-2.008,0.456,-8.36,2.161,0.922,[2.162 8.33 ],[0.018 0.061]
2.3,67.5,2,0.06,2.37,67.633,0.219,-1.863,0.48,-6.969,2.192,0.902,[2.227 7.286],[0.031 0.353]
2.3,71.25,0,0.0,2.219,70.079,0.177,-2.079,0.369,-8.771,2.086,0.756,[1.821 8.82 ],[0.002 0.223]
2.3,71.25,1,0.0,nan,nan,nan,nan,nan,nan,nan,nan,[2.417 4.298],[0.048 0.043]
2.3,71.25,2,0.0,nan,nan,nan,nan,nan,nan,nan,nan,[2.416 5.034],[0.005 0.114]
2.3,75.0,0,0.0,nan,nan,nan,nan,nan,nan,nan,nan,[2.249 6.975],[0.008 0.033]
2.3,75.0,1,0.0,nan,nan,nan,nan,nan,nan,nan,nan,[2.28  2.029],[0.004 0.005]
2.3,75.0,2,0.0,nan,nan,nan,nan,nan,nan,nan,nan,[2.35  5.533],[0.043 0.036]
2.3,78.75,0,0.0,2.193,78.132,0.201,-1.043,0.433,-8.212,2.146,0.451,[2.019 8.22 ],[0.01 0.08]
2.3,78.75,1,0.0,nan,nan,nan,nan,nan,nan,nan,nan,[2.419 5.328],[0.016 0.037]
2.3,78.75,2,0.0,nan,nan,nan,nan,nan,nan,nan,nan,[2.357 5.765],[0.001 0.051]
2.3,82.5,0,0.0,nan,nan,nan,nan,nan,nan,nan,nan,[2.327 6.219],[0.007 0.373]
2.3,82.5,1,0.5,2.332,82.436,0.216,-0.612,0.499,-9.288,2.312,0.307,[2.189 9.305],[0.007 0.056]
2.3,82.5,2,0.0,nan,nan,nan,nan,nan,nan,nan,nan,[2.424 5.519],[0.001 0.054]
2.3,86.25,0,0.0,2.197,85.693,0.157,-0.513,0.344,-6.185,2.191,0.165,[1.643 6.188],[0.02  0.015]
2.3,86.25,1,0.67,2.342,86.205,0.229,-0.286,0.536,-7.195,2.337,0.155,[2.338 7.204],[0.014 0.028]
2.3,86.25,2,0.0,nan,nan,nan,nan,nan,nan,nan,nan,[2.505 4.272],[0.003 0.095]
2.3,90.0,0,0.67,2.314,89.975,0.223,-0.002,0.515,-8.449,2.314,0.001,[2.33  8.447],[0.004 0.031]
2.3,90.0,1,0.72,2.291,89.925,0.223,-0.005,0.512,-8.733,2.291,0.003,[2.289 8.554],[0.004 0.566]
2.3,90.0,2,0.28,2.299,90.05,0.24,0.001,0.551,-6.348,2.299,-0.002,[2.439 6.392],[0.003 0.066]
2.4,30.0,0,0.0,nan,nan,nan,nan,nan,nan,nan,nan,[1.948 4.706],[0.06  0.001]
2.4,30.0,1,0.0,nan,nan,nan,nan,nan,nan,nan,nan,[2.118 5.757],[0.095 0.11 ]
2.4,30.0,2,0.0,nan,nan,nan,nan,nan,nan,nan,nan,[2.078 7.011],[0.174 0.011]
2.4,33.75,0,0.0,nan,nan,nan,nan,nan,nan,nan,nan,[2.021 4.343],[0.013 0.034]
2.4,33.75,1,0.0,nan,nan,nan,nan,nan,nan,nan,nan,[1.995 9.133],[0.017 0.045]
2.4,33.75,2,0.0,nan,nan,nan,nan,nan,nan,nan,nan,[2.034 4.349],[0.044 0.017]
2.4,37.5,0,0.06,2.396,36.755,0.212,-6.29,0.304,-5.485,1.434,1.92,[2.135 5.521],[0.024 0.177]
2.4,37.5,1,0.0,nan,nan,nan,nan,nan,nan,nan,nan,[2.042 3.218],[0.034 0.158]
2.4,37.5,2,0.39,2.43,36.365,0.204,-6.752,0.291,-8.721,1.441,1.957,[2.07 8.74],[0.016 0.04 ]
2.4,41.25,0,0.56,2.422,39.909,0.206,-5.869,0.317,-9.12,1.554,1.858,[2.12  9.103],[0.052 0.082]
2.4,41.25,1,0.56,2.422,40.345,0.213,-5.547,0.332,-7.734,1.568,1.846,[2.176 7.727],[0.01  0.028]
2.4,41.25,2,0.67,2.434,40.484,0.204,-5.783,0.32,-8.655,1.58,1.851,[2.088 8.668],[0.023 0.047]
2.4,45.0,0,0.06,2.398,42.634,0.219,-4.999,0.353,-8.249,1.624,1.764,[2.26  9.133],[0.005 0.689]
2.4,45.0,1,0.33,2.404,43.399,0.215,-4.976,0.352,-7.174,1.652,1.747,[2.215 7.185],[0.04  0.045]
2.4,45.0,2,0.44,2.426,43.931,0.205,-5.116,0.343,-8.032,1.683,1.747,[2.101 7.998],[0.012 0.106]
2.4,48.75,0,0.0,2.403,46.349,0.176,-5.682,0.298,-5.196,1.739,1.659,[1.81  5.239],[0.    0.034]
2.4,48.75,1,0.0,2.342,46.228,0.13,-7.531,0.217,-8.902,1.691,1.62,[1.343 8.922],[0.009 0.034]
2.4,48.75,2,0.33,2.2,48.187,0.196,-3.657,0.359,-6.084,1.64,1.467,[2.221 6.176],[0.015 1.207]
2.4,52.5,0,0.5,2.435,51.906,0.228,-3.396,0.438,-5.29,1.916,1.502,[2.323 5.259],[0.006 0.054]
2.4,52.5,1,0.22,2.424,51.296,0.231,-3.466,0.437,-4.936,1.892,1.516,[2.369 4.957],[0.023 0.04 ]
2.4,52.5,2,0.22,2.459,52.585,0.216,-3.505,0.423,-8.165,1.953,1.494,[2.247 8.192],[0.016 0.034]
2.4,56.25,0,0.0,2.339,54.924,0.185,-3.817,0.354,-4.457,1.914,1.344,[1.933 4.429],[0.04  0.036]
2.4,56.25,1,0.11,2.393,55.022,0.198,-3.575,0.387,-9.335,1.961,1.372,[2.026 9.263],[0.002 0.144]
2.4,56.25,2,0.22,2.425,55.347,0.215,-3.203,0.43,-7.463,1.995,1.379,[2.202 7.454],[0.031 0.032]
2.4,60.0,0,0.44,2.449,59.718,0.221,-2.62,0.468,-7.105,2.115,1.235,[2.265 7.098],[0.026 0.039]
2.4,60.0,1,0.0,2.333,58.388,0.188,-3.316,0.372,-2.467,1.987,1.223,[1.952 2.348],[0.    0.135]
2.4,60.0,2,0.06,2.491,60.07,0.235,-2.371,0.51,-4.785,2.159,1.243,[2.332 4.881],[0.04  0.049]
2.4,63.75,0,0.06,2.516,63.822,0.21,-2.336,0.471,-7.819,2.258,1.11,[2.137 7.751],[0.012 0.088]
2.4,63.75,1,0.44,2.46,63.539,0.224,-2.188,0.494,-6.814,2.202,1.096,[2.295 6.802],[0.001 0.037]
2.4,63.75,2,0.0,nan,nan,nan,nan,nan,nan,nan,nan,[2.4   4.596],[0.009 0.072]
2.4,67.5,0,0.0,2.287,65.979,0.052,-8.754,0.108,-0.97,2.089,0.931,[0.575 0.957],[0.044 0.015]
2.4,67.5,1,0.0,nan,nan,nan,nan,nan,nan,nan,nan,[0.018 0.079],[0.019 0.043]
2.4,67.5,2,0.0,nan,nan,nan,nan,nan,nan,nan,nan,[2.278 6.64 ],[0.002 0.209]
2.4,71.25,0,0.0,nan,nan,nan,nan,nan,nan,nan,nan,[2.443 4.618],[0.012 0.172]
2.4,71.25,1,0.11,2.436,71.223,0.216,-1.566,0.499,-8.099,2.306,0.784,[2.187 8.096],[0.092 0.04 ]
2.4,71.25,2,0.06,0.0,0.0,0.0,0.0,0.0,-4.529,0.0,0.0,[2.478 4.5  ],[0.008 0.044]
2.4,75.0,0,0.56,2.416,74.716,0.216,-1.261,0.504,-8.635,2.331,0.637,[2.218 8.679],[0.003 0.09 ]
2.4,75.0,1,0.06,2.446,74.685,0.207,-1.321,0.488,-9.152,2.359,0.646,[2.099 9.046],[0.004 0.056]
2.4,75.0,2,0.22,2.446,74.975,0.224,-1.189,0.53,-7.017,2.362,0.634,[2.273 7.005],[0.007 0.038]
2.4,78.75,0,0.56,2.402,78.522,0.227,-0.889,0.534,-8.089,2.354,0.478,[2.316 8.14 ],[0.031 0.185]
2.4,78.75,1,0.44,2.435,78.681,0.218,-0.915,0.52,-8.622,2.388,0.478,[2.222 8.649],[0.001 0.159]
2.4,78.75,2,0.06,2.452,78.64,0.224,-0.892,0.538,-7.157,2.404,0.483,[2.265 6.618],[0.002 0.246]
2.4,82.5,0,0.28,2.434,82.326,0.222,-0.601,0.535,-7.837,2.412,0.325,[2.27  7.768],[0.005 0.137]
2.4,82.5,1,0.89,2.43,82.36,0.217,-0.615,0.523,-9.059,2.408,0.323,[2.214 9.046],[0.014 0.042]
2.4,82.5,2,0.0,2.291,81.919,0.225,-0.634,0.511,-6.189,2.268,0.322,[2.321 6.169],[0.023 0.036]
2.4,86.25,0,0.44,2.441,86.312,0.243,-0.266,0.591,-6.18,2.436,0.157,[2.461 6.187],[0.019 0.024]
2.4,86.25,1,0.0,2.284,85.303,0.157,-0.573,0.358,-7.079,2.276,0.187,[1.687 7.087],[0.047 0.047]
2.4,86.25,2,0.44,2.435,86.162,0.231,-0.286,0.56,-6.976,2.43,0.163,[2.327 6.97 ],[0.035 0.041]
2.4,90.0,0,0.22,1.243,90.046,0.124,0.0,0.309,-4.314,1.243,-0.001,[2.547 4.314],[0.044 0.009]
2.4,90.0,1,0.0,2.325,88.817,0.211,-0.134,0.49,-2.726,2.325,0.048,[2.181 2.71 ],[0.033 0.031]
2.5,30.0,0,0.0,nan,nan,nan,nan,nan,nan,nan,nan,[1.91  5.462],[0.052 0.089]
2.5,30.0,1,0.0,nan,nan,nan,nan,nan,nan,nan,nan,[2.081 5.124],[0.002 0.321]
2.5,30.0,2,0.0,nan,nan,nan,nan,nan,nan,nan,nan,[2.135 6.488],[0.008 0.277]
2.5,33.75,0,0.0,nan,nan,nan,nan,nan,nan,nan,nan,[1.118 3.57 ],[0.039 0.035]
2.5,33.75,1,0.0,nan,nan,nan,nan,nan,nan,nan,nan,[1.603 8.09 ],[0.013 0.049]
2.5,33.75,2,0.17,2.507,31.63,0.213,-7.795,0.274,-8.848,1.315,2.135,[2.174 8.874],[0.004 0.19 ]
2.5,37.5,0,0.06,2.536,35.125,0.218,-6.721,0.31,-7.098,1.459,2.074,[2.214 7.083],[0.001 0.143]
2.5,37.5,1,0.06,2.486,35.851,0.227,-6.202,0.326,-5.235,1.456,2.015,[2.154 5.238],[0.089 0.02 ]
2.5,37.5,2,0.22,2.526,36.226,0.219,-6.285,0.324,-6.584,1.493,2.038,[2.224 6.574],[0.005 0.047]
2.5,41.25,0,0.44,2.529,40.429,0.2,-5.918,0.326,-9.23,1.64,1.925,[2.046 9.233],[0.041 0.044]
2.5,41.25,1,0.39,2.53,40.319,0.214,-5.536,0.349,-6.717,1.637,1.929,[2.178 6.921],[0.033 0.862]
2.5,41.25,2,0.0,nan,nan,nan,nan,nan,nan,nan,nan,[1.999 4.944],[0.015 0.046]
2.5,45.0,0,0.5,2.517,43.712,0.222,-4.691,0.386,-6.239,1.739,1.819,[2.277 6.249],[0.007 0.033]
2.5,45.0,1,0.33,2.48,43.023,0.221,-4.894,0.371,-7.322,1.692,1.813,[2.263 7.315],[0.015 0.018]
2.5,45.0,2,0.17,2.485,42.978,0.228,-4.804,0.381,-6.291,1.694,1.818,[2.319 6.286],[0.003 0.029]
2.5,48.75,0,0.67,2.558,48.471,0.22,-3.976,0.423,-6.254,1.915,1.696,[2.234 6.214],[0.024 0.172]
2.5,48.75,1,0.5,2.521,47.846,0.21,-4.328,0.391,-8.284,1.869,1.692,[2.136 8.328],[0.016 0.15 ]
2.5,48.75,2,0.22,2.513,47.677,0.208,-4.42,0.384,-7.711,1.858,1.692,[2.106 7.703],[0.028 0.033]
2.5,52.5,0,0.5,2.26,51.431,0.191,-3.377,0.375,-8.244,1.767,1.409,[2.162 8.236],[0.005 0.086]
2.5,52.5,1,0.39,2.555,52.489,0.226,-3.347,0.46,-6.258,2.027,1.556,[2.306 6.3  ],[0.003 0.095]
2.5,52.5,2,0.17,2.525,51.546,0.206,-3.904,0.404,-7.801,1.977,1.57,[2.105 7.802],[0.031 0.028]
2.5,56.25,0,0.61,2.537,55.746,0.212,-3.209,0.444,-8.166,2.097,1.428,[2.171 8.173],[0.002 0.066]
2.5,56.25,1,0.28,2.52,55.572,0.226,-3.014,0.47,-6.397,2.079,1.425,[2.321 6.406],[0.033 0.035]
2.5,56.25,2,0.0,nan,nan,nan,nan,nan,nan,nan,nan,[2.288 8.258],[0.002 0.043]
2.5,60.0,0,0.39,2.538,59.505,0.214,-2.759,0.467,-7.586,2.187,1.288,[2.17 7.58],[0.017 0.12 ]
2.5,60.0,1,0.17,2.524,59.371,0.201,-2.996,0.434,-8.765,2.172,1.286,[2.023 8.799],[0.097 0.171]
2.5,60.0,2,0.11,2.541,59.206,0.225,-2.631,0.491,-5.466,2.183,1.301,[2.294 6.115],[0.085 0.89 ]
2.5,63.75,0,0.11,2.588,63.91,0.22,-2.198,0.512,-6.178,2.324,1.138,[2.242 6.525],[0.007 0.369]
2.5,63.75,1,0.17,2.489,62.972,0.235,-2.164,0.52,-5.913,2.217,1.131,[2.394 5.924],[0.002 0.034]
2.5,63.75,2,0.06,2.535,63.728,0.24,-2.04,0.545,-3.919,2.273,1.122,[2.457 3.761],[0.012 0.226]
2.5,67.5,0,0.06,2.657,67.914,0.241,-1.59,0.598,-4.08,2.462,0.999,[2.444 4.159],[0.014 0.037]
2.5,67.5,1,0.17,2.55,67.297,0.239,-1.716,0.563,-5.288,2.352,0.984,[2.396 5.272],[0.007 0.032]
2.5,67.5,2,0.11,1.295,67.87,0.124,-0.798,0.299,-3.637,1.2,0.488,[2.491 3.637],[0.042 0.017]
2.5,71.25,0,0.33,2.538,71.051,0.218,-1.57,0.523,-7.913,2.4,0.824,[2.222 7.61 ],[0.011 0.262]
2.5,71.25,1,0.33,2.564,71.113,0.212,-1.617,0.511,-8.76,2.426,0.83,[2.138 8.635],[0.002 0.162]
2.5,71.25,2,0.06,0.0,0.0,0.0,0.0,0.0,-3.913,0.0,0.0,[2.491 3.909],[0.002 0.026]
2.5,75.0,0,0.5,2.257,74.818,0.192,-1.116,0.47,-8.087,2.178,0.591,[2.205 8.092],[0.031 0.032]
2.5,75.0,1,0.44,2.546,74.79,0.212,-1.277,0.522,-9.209,2.457,0.668,[2.164 9.221],[0.001 0.07 ]
2.5,75.0,2,0.0,nan,nan,nan,nan,nan,nan,nan,nan,[2.268 6.517],[0.001 0.068]
2.5,78.75,0,0.0,2.405,77.368,0.176,-1.339,0.413,-6.607,2.347,0.526,[1.782 6.671],[0.001 0.124]
2.5,78.75,1,0.44,2.508,78.591,0.22,-0.913,0.54,-9.004,2.458,0.496,[2.272 8.979],[0.039 0.046]
2.5,78.75,2,0.17,2.598,78.837,0.238,-0.81,0.606,-5.991,2.549,0.503,[2.412 5.934],[0.024 0.18 ]
2.5,82.5,0,0.06,1.633,82.187,0.151,-0.402,0.368,-5.887,1.618,0.222,[2.344 5.889],[0.037 0.005]
2.5,82.5,1,0.0,2.41,81.265,0.176,-0.943,0.418,-5.412,2.382,0.366,[1.875 5.396],[0.02  0.079]
2.5,82.5,2,0.0,2.497,82.314,0.245,-0.541,0.607,-3.914,2.475,0.334,[2.528 3.998],[0.011 0.065]
2.5,86.25,0,0.78,2.525,86.162,0.225,-0.295,0.567,-8.432,2.519,0.169,[2.312 8.427],[0.029 0.03 ]
2.5,86.25,1,0.39,2.525,86.049,0.241,-0.277,0.608,-6.79,2.519,0.174,[2.479 6.824],[0.066 0.262]
2.5,86.25,2,0.0,nan,nan,nan,nan,nan,nan,nan,nan,[2.544 4.581],[0.029 0.041]
2.5,90.0,0,0.61,2.524,89.932,0.239,-0.002,0.603,-6.938,2.524,0.003,[2.465 6.897],[0.002 0.091]
2.5,90.0,1,0.5,2.549,89.955,0.222,-0.003,0.566,-8.683,2.549,0.002,[2.236 8.686],[0.04  0.012]
2.5,90.0,2,0.94,2.511,90.0,0.236,0.0,0.591,-7.285,2.511,0.0,[2.41  7.308],[0.001 0.173]
2.6,30.0,0,0.22,2.622,28.051,0.21,-9.003,0.257,-8.679,1.233,2.314,[2.138 8.681],[0.023 0.03 ]
2.6,30.0,1,0.0,nan,nan,nan,nan,nan,nan,nan,nan,[2.188 3.626],[0.012 0.135]
2.6,30.0,2,0.0,nan,nan,nan,nan,nan,nan,nan,nan,[2.109 6.174],[0.014 0.042]
2.6,33.75,0,0.0,nan,nan,nan,nan,nan,nan,nan,nan,[2.017 6.784],[0.001 0.093]
2.6,33.75,1,0.06,2.6,31.569,0.219,-7.578,0.293,-6.924,1.361,2.215,[2.217 6.933],[0.008 0.043]
2.6,33.75,2,0.11,2.608,31.612,0.224,-7.339,0.303,-5.521,1.367,2.221,[2.245 5.473],[0.047 0.078]
2.6,37.5,0,0.44,2.642,37.03,0.212,-6.263,0.336,-7.27,1.591,2.109,[2.153 7.262],[0.002 0.08 ]
2.6,37.5,1,0.11,2.613,35.484,0.228,-6.286,0.34,-4.78,1.517,2.128,[2.119 4.679],[0.114 0.309]
2.6,37.5,2,0.11,2.587,35.847,0.225,-6.178,0.339,-4.466,1.515,2.097,[2.293 4.459],[0.032 0.016]
2.6,41.25,0,0.72,2.637,40.771,0.213,-5.453,0.366,-7.705,1.722,1.997,[2.181 7.769],[0.01  0.344]
2.6,41.25,1,0.0,nan,nan,nan,nan,nan,nan,nan,nan,[1.98 4.79],[0.03  0.023]
2.6,41.25,2,0.67,2.392,39.726,0.195,-5.214,0.323,-8.449,1.529,1.84,[2.18  8.461],[0.008 0.039]
2.6,45.0,0,0.5,2.622,44.011,0.213,-4.849,0.388,-7.742,1.822,1.886,[2.194 7.732],[0.022 0.036]
2.6,45.0,1,0.5,2.641,44.156,0.219,-4.678,0.403,-6.315,1.84,1.895,[2.219 6.365],[0.005 0.118]
2.6,45.0,2,0.17,2.59,42.606,0.227,-4.919,0.391,-7.514,1.753,1.906,[2.331 7.51 ],[0.005 0.02 ]
2.6,48.75,0,0.67,2.622,47.844,0.22,-4.109,0.427,-6.413,1.944,1.76,[2.245 6.408],[0.003 0.049]
2.6,48.75,1,0.22,2.615,47.619,0.226,-4.019,0.437,-4.348,1.932,1.763,[2.29  4.343],[0.002 0.017]
2.6,48.75,2,0.61,2.624,47.842,0.218,-4.143,0.424,-7.083,1.945,1.761,[2.229 7.13 ],[0.003 0.169]
2.6,52.5,0,0.0,nan,nan,nan,nan,nan,nan,nan,nan,[1.945 5.836],[0.018 0.047]
2.6,52.5,1,0.61,2.612,51.467,0.211,-3.791,0.43,-8.739,2.043,1.627,[2.147 8.751],[0.027 0.033]
2.6,52.5,2,0.39,3.186,49.787,0.187,-4.022,0.447,-8.744,2.433,2.057,[2.033 8.743],[0.018 0.023]
2.6,56.25,0,0.0,2.513,54.197,0.172,-4.24,0.35,-7.98,2.038,1.47,[1.813 7.969],[0.004 0.036]
2.6,56.25,1,0.44,2.626,55.662,0.239,-2.814,0.519,-4.635,2.168,1.481,[2.458 4.607],[0.036 0.044]
2.6,56.25,2,0.0,nan,nan,nan,nan,nan,nan,nan,nan,[2.299 3.466],[0.002 0.042]
2.6,60.0,0,0.39,2.651,59.692,0.214,-2.729,0.488,-8.119,2.289,1.338,[2.168 8.143],[0.006 0.128]
2.6,60.0,1,0.33,2.334,59.226,0.179,-2.664,0.401,-8.987,2.005,1.194,[2.049 9.015],[0.002 0.368]
2.6,60.0,2,0.0,2.56,58.967,0.208,-2.921,0.454,-6.859,2.194,1.32,[2.106 6.699],[0.003 0.259]
2.6,63.75,0,0.5,2.663,63.82,0.242,-1.981,0.581,-5.085,2.39,1.175,[2.456 5.094],[0.    0.028]
2.6,63.75,1,0.28,2.695,63.872,0.245,-1.923,0.596,-3.678,2.42,1.187,[2.504 3.654],[0.009 0.036]
2.6,63.75,2,0.11,2.653,63.667,0.236,-2.062,0.562,-4.714,2.378,1.177,[2.427 4.937],[0.001 0.574]
2.6,67.5,0,0.28,2.617,66.922,0.229,-1.842,0.552,-6.547,2.408,1.026,[2.366 6.784],[0.022 0.35 ]
2.6,67.5,1,0.67,2.626,67.194,0.22,-1.907,0.532,-8.064,2.421,1.018,[2.242 8.064],[0.005 0.024]
2.6,67.5,2,0.5,2.649,67.21,0.215,-1.933,0.527,-8.233,2.442,1.026,[2.19  8.201],[0.004 0.147]
2.6,71.25,0,0.44,7.502,23.77,0.183,6897426430.551,0.456,-9.168,3.024,6.866,[2.131 9.169],[0.034 0.037]
2.6,71.25,1,0.17,2.638,71.18,0.218,-1.568,0.543,-7.341,2.497,0.851,[2.241 7.288],[0.002 0.046]
2.6,71.25,2,0.56,2.384,71.261,0.193,-1.421,0.484,-8.863,2.258,0.766,[2.185 8.857],[0.004 0.037]
2.6,75.0,0,0.11,2.582,74.268,0.244,-1.132,0.606,-5.565,2.485,0.7,[2.472 5.699],[0.005 1.295]
2.6,75.0,1,0.22,2.699,75.233,0.243,-1.062,0.634,-5.216,2.61,0.688,[2.477 5.225],[0.    0.074]
2.6,75.0,2,0.06,1.694,74.766,0.165,-0.735,0.404,-2.599,1.634,0.445,[2.636 2.599],[0.039 0.001]
2.6,78.75,0,0.0,nan,nan,nan,nan,nan,nan,nan,nan,[2.083 8.102],[0.011 0.073]
2.6,78.75,1,0.0,2.524,77.996,0.202,-1.074,0.498,-6.596,2.469,0.525,[2.082 6.578],[0.    0.045]
2.6,78.75,2,0.56,2.638,78.567,0.22,-0.921,0.567,-8.029,2.586,0.523,[2.246 7.994],[0.001 0.054]
2.6,82.5,0,0.22,1.955,82.33,0.188,-0.392,0.487,-5.38,1.938,0.261,[2.534 5.39 ],[0.047 0.036]
2.6,82.5,1,0.5,2.583,82.212,0.234,-0.581,0.598,-7.661,2.559,0.35,[2.386 7.831],[0.04  0.535]
2.6,82.5,2,0.56,2.628,82.434,0.236,-0.56,0.613,-6.734,2.605,0.346,[2.401 6.714],[0.    0.138]
2.6,86.25,0,0.0,2.494,85.608,0.193,-0.432,0.48,-4.233,2.487,0.191,[1.977 4.476],[0.038 0.137]
2.6,86.25,1,0.5,2.634,86.234,0.227,-0.29,0.594,-7.419,2.628,0.173,[2.309 7.412],[0.007 0.023]
2.6,86.25,2,0.0,2.531,85.945,0.202,-0.358,0.511,-7.472,2.525,0.179,[2.078 7.453],[0.    0.087]
2.6,90.0,0,0.78,2.63,89.978,0.224,-0.002,0.588,-8.436,2.63,0.001,[2.272 8.254],[0.006 0.331]
2.6,90.0,1,0.78,2.652,89.978,0.227,-0.001,0.6,-8.348,2.652,0.001,[2.323 8.346],[0.003 0.035]
2.6,90.0,2,0.72,2.635,90.022,0.22,0.002,0.579,-8.915,2.635,-0.001,[2.248 8.92 ],[0.011 0.028]
2.7,30.0,0,0.0,nan,nan,nan,nan,nan,nan,nan,nan,[2.078 5.511],[0.033 0.005]
2.7,30.0,1,0.0,nan,nan,nan,nan,nan,nan,nan,nan,[2.092 8.976],[0.008 0.127]
2.7,30.0,2,0.22,2.717,28.178,0.214,-8.983,0.268,-8.954,1.283,2.395,[2.201 8.959],[0.004 0.072]
2.7,33.75,0,0.11,2.727,32.146,0.216,-7.53,0.307,-6.521,1.451,2.309,[2.177 6.533],[0.033 0.027]
2.7,33.75,1,0.0,nan,nan,nan,nan,nan,nan,nan,nan,[1.571 9.223],[0.007 0.421]
2.7,33.75,2,0.0,nan,nan,nan,nan,nan,nan,nan,nan,[2.151 4.173],[0.004 0.049]
2.7,37.5,0,0.0,nan,nan,nan,nan,nan,nan,nan,nan,[1.561 2.911],[0.02  0.047]
2.7,37.5,1,0.0,nan,nan,nan,nan,nan,nan,nan,nan,[1.219 4.776],[0.004 0.144]
2.7,37.5,2,0.0,nan,nan,nan,nan,nan,nan,nan,nan,[1.934 5.853],[0.032 0.566]
2.7,41.25,0,0.33,2.365,39.269,0.199,-4.788,0.336,-6.306,1.497,1.831,[2.314 6.271],[0.02  0.048]
2.7,41.25,1,0.0,nan,nan,nan,nan,nan,nan,nan,nan,[2.109 5.458],[0.014 0.049]
2.7,41.25,2,0.0,nan,nan,nan,nan,nan,nan,nan,nan,[1.925 6.722],[0.005 0.21 ]
2.7,45.0,0,0.0,nan,nan,nan,nan,nan,nan,nan,nan,[2.14  3.586],[0.016 0.044]
2.7,45.0,1,0.72,2.723,44.42,0.215,-4.749,0.409,-7.297,1.906,1.945,[2.208 7.309],[0.001 0.065]
2.7,45.0,2,0.11,2.702,42.72,0.227,-4.922,0.408,-6.566,1.833,1.985,[2.092 6.987],[0.19  0.638]
2.7,48.75,0,0.56,2.724,48.199,0.227,-3.923,0.461,-6.121,2.031,1.816,[2.317 6.125],[0.009 0.162]
2.7,48.75,1,0.0,nan,nan,nan,nan,nan,nan,nan,nan,[2.052 4.642],[0.005 0.013]
2.7,48.75,2,0.78,2.715,48.076,0.211,-4.284,0.424,-8.3,2.02,1.814,[2.166 8.307],[0.001 0.044]
2.7,52.5,0,0.72,2.765,52.525,0.234,-3.213,0.517,-4.748,2.194,1.682,[2.376 4.744],[0.015 0.065]
2.7,52.5,1,0.44,2.564,52.16,0.213,-3.141,0.463,-4.518,2.025,1.573,[2.333 4.518],[0.021 0.   ]
2.7,52.5,2,0.33,2.731,52.11,0.231,-3.347,0.499,-4.833,2.155,1.677,[2.39 4.8 ],[0.001 0.129]
2.7,56.25,0,0.61,2.737,55.857,0.223,-3.039,0.504,-6.366,2.265,1.536,[2.281 6.357],[0.006 0.021]
2.7,56.25,1,0.44,2.743,55.968,0.229,-2.917,0.52,-5.327,2.273,1.535,[2.339 5.315],[0.017 0.119]
2.7,56.25,2,0.67,2.524,55.983,0.21,-2.711,0.477,-6.228,2.092,1.412,[2.337 6.231],[0.009 0.043]
2.7,60.0,0,0.28,2.72,59.419,0.202,-2.958,0.472,-8.75,2.342,1.384,[2.075 8.757],[0.047 0.047]
2.7,60.0,1,0.33,2.723,59.329,0.216,-2.739,0.506,-8.305,2.342,1.389,[2.205 8.115],[0.01  0.359]
2.7,60.0,2,0.33,2.722,59.394,0.23,-2.558,0.538,-5.841,2.343,1.386,[2.337 5.884],[0.002 0.35 ]
2.7,63.75,0,0.28,2.703,62.885,0.22,-2.331,0.529,-8.111,2.406,1.232,[2.269 8.096],[0.012 0.039]
2.7,63.75,1,0.06,2.671,62.744,0.22,-2.373,0.52,-5.971,2.374,1.223,[2.185 5.998],[0.133 0.177]
2.7,63.75,2,0.5,2.445,63.791,0.208,-1.854,0.513,-6.257,2.194,1.08,[2.389 6.251],[0.003 0.025]
2.7,67.5,0,0.0,2.645,66.488,0.218,-2.012,0.527,-6.557,2.425,1.055,[2.202 6.495],[0.016 0.05 ]
2.7,67.5,1,0.06,2.796,67.635,0.247,-1.597,0.643,-4.217,2.586,1.064,[2.527 6.182],[0.013 0.75 ]
2.7,67.5,2,0.28,2.772,67.627,0.243,-1.656,0.624,-5.336,2.563,1.055,[2.474 5.328],[0.014 0.017]
2.7,71.25,0,0.0,2.658,70.393,0.22,-1.627,0.55,-3.219,2.504,0.892,[2.26  3.229],[0.008 0.048]
2.7,71.25,1,0.61,2.724,70.953,0.222,-1.548,0.571,-8.014,2.575,0.889,[2.266 8.108],[0.005 0.257]
2.7,71.25,2,0.56,2.465,70.962,0.206,-1.347,0.532,-7.102,2.33,0.804,[2.317 7.098],[0.03  0.025]
2.7,75.0,0,0.72,2.734,74.861,0.213,-1.269,0.562,-8.96,2.639,0.714,[2.173 8.937],[0.002 0.041]
2.7,75.0,1,0.28,2.788,75.141,0.241,-1.082,0.649,-5.748,2.695,0.715,[2.438 5.759],[0.001 0.044]
2.7,75.0,2,0.5,2.754,74.864,0.228,-1.179,0.604,-6.845,2.658,0.719,[2.343 6.866],[0.006 0.037]
2.7,78.75,0,0.28,2.751,78.702,0.219,-0.909,0.589,-8.427,2.698,0.539,[2.221 8.455],[0.022 0.045]
2.7,78.75,1,0.28,2.783,78.791,0.249,-0.771,0.68,-5.135,2.73,0.541,[2.517 5.1  ],[0.029 0.04 ]
2.7,78.75,2,0.06,82.242,25.376,0.0,-241.69,1.118,-4.685,35.245,74.307,[2.488 4.681],[0.047 0.04 ]
2.7,82.5,0,0.39,2.757,82.475,0.255,-0.504,0.696,-4.955,2.733,0.361,[2.573 4.922],[0.006 0.113]
2.7,82.5,1,0.78,2.702,82.302,0.216,-0.626,0.579,-9.764,2.678,0.362,[2.222 9.788],[0.022 0.13 ]
2.7,82.5,2,0.5,2.769,82.528,0.25,-0.509,0.689,-6.13,2.745,0.36,[2.548 6.138],[0.038 0.094]
2.7,86.25,0,0.56,2.753,86.23,0.242,-0.267,0.664,-6.487,2.747,0.181,[2.466 6.439],[0.018 0.146]
2.7,86.25,1,0.61,2.765,86.309,0.251,-0.254,0.693,-6.052,2.759,0.178,[2.559 6.055],[0.001 0.033]
2.7,86.25,2,0.44,2.732,86.201,0.245,-0.266,0.669,-6.393,2.726,0.181,[2.467 6.385],[0.065 0.08 ]
2.7,90.0,0,0.78,2.712,89.937,0.235,-0.003,0.638,-7.746,2.712,0.003,[2.384 7.772],[0.014 0.215]
2.7,90.0,1,0.61,2.731,90.0,0.232,0.001,0.633,-7.599,2.731,-0.0,[2.371 7.251],[0.018 0.607]
2.7,90.0,2,0.61,2.727,89.958,0.238,-0.002,0.649,-7.455,2.727,0.002,[2.426 7.449],[0.034 0.042]
2.8,30.0,0,0.22,2.845,28.538,0.214,-8.807,0.284,-8.849,1.359,2.499,[2.166 8.848],[0.086 0.013]
2.8,30.0,1,0.33,2.807,27.752,0.22,-8.954,0.279,-8.852,1.307,2.484,[2.25  8.873],[0.002 0.099]
2.8,30.0,2,0.33,2.838,28.768,0.221,-8.463,0.294,-7.228,1.366,2.488,[2.232 7.229],[0.069 0.004]
2.8,33.75,0,0.0,nan,nan,nan,nan,nan,nan,nan,nan,[0.966 6.432],[0.02 0.03]
2.8,33.75,1,0.0,nan,nan,nan,nan,nan,nan,nan,nan,[1.965 3.78 ],[0.003 0.132]
2.8,33.75,2,0.11,2.807,32.977,0.208,-7.533,0.314,-7.492,1.528,2.355,[2.12  7.389],[0.001 0.118]
2.8,37.5,0,0.0,nan,nan,nan,nan,nan,nan,nan,nan,[1.413 9.184],[0.003 0.074]
2.8,37.5,1,0.06,2.801,35.937,0.23,-6.049,0.375,-4.168,1.644,2.268,[2.337 4.142],[0.039 0.041]
2.8,37.5,2,0.39,2.82,35.882,0.231,-6.065,0.377,-4.901,1.653,2.285,[2.395 4.955],[0.104 0.14 ]
2.8,41.25,0,0.72,2.835,40.551,0.213,-5.512,0.39,-7.743,1.843,2.154,[2.173 7.751],[0.022 0.016]
2.8,41.25,1,0.0,nan,nan,nan,nan,nan,nan,nan,nan,[2.129 3.938],[0.025 0.048]
2.8,41.25,2,0.44,2.822,40.401,0.211,-5.593,0.384,-7.918,1.829,2.149,[2.149 7.669],[0.002 0.452]
2.8,45.0,0,0.0,nan,nan,nan,nan,nan,nan,nan,nan,[2.166 3.371],[0.019 0.019]
2.8,45.0,1,0.67,2.815,44.05,0.203,-5.172,0.393,-9.035,1.957,2.023,[2.068 9.09 ],[0.022 0.461]
2.8,45.0,2,0.17,2.805,43.469,0.231,-4.597,0.443,-6.259,1.93,2.036,[2.359 6.268],[0.004 0.046]
2.8,48.75,0,0.67,2.84,48.283,0.225,-3.933,0.477,-6.7,2.12,1.89,[2.287 6.173],[0.009 0.904]
2.8,48.75,1,0.39,2.827,48.313,0.229,-3.877,0.483,-5.569,2.111,1.88,[2.345 5.463],[0.055 0.492]
2.8,48.75,2,0.72,2.823,47.771,0.206,-4.443,0.428,-8.935,2.09,1.897,[2.128 8.929],[0.021 0.037]
2.8,52.5,0,0.0,nan,nan,nan,nan,nan,nan,nan,nan,[1.927 6.087],[0.007 0.025]
2.8,52.5,1,0.61,2.639,52.018,0.205,-3.266,0.459,-6.819,2.08,1.624,[2.264 7.109],[0.011 0.552]
2.8,52.5,2,0.61,2.436,51.399,0.177,-3.445,0.386,-9.426,1.904,1.52,[2.098 9.421],[0.038 0.043]
2.8,56.25,0,0.0,nan,nan,nan,nan,nan,nan,nan,nan,[1.998 7.627],[0.033 0.023]
2.8,56.25,1,0.61,2.838,55.683,0.217,-3.137,0.508,-7.232,2.344,1.6,[2.218 7.238],[0.001 0.032]
2.8,56.25,2,0.39,2.816,55.373,0.201,-3.502,0.462,-8.801,2.317,1.6,[2.044 8.799],[0.041 0.031]
2.8,60.0,0,0.5,2.803,59.117,0.223,-2.677,0.535,-6.835,2.406,1.439,[2.272 6.75 ],[0.014 0.267]
2.8,60.0,1,0.22,2.841,59.707,0.229,-2.531,0.562,-5.413,2.453,1.433,[2.33  5.424],[0.001 0.087]
2.8,60.0,2,0.5,2.8,59.313,0.235,-2.505,0.567,-5.965,2.408,1.429,[2.393 5.915],[0.    0.424]
2.8,63.75,0,0.67,2.851,63.633,0.243,-2.002,0.621,-4.786,2.554,1.266,[2.461 4.696],[0.003 0.292]
2.8,63.75,1,0.44,2.841,63.336,0.223,-2.23,0.567,-7.021,2.539,1.275,[2.27  7.073],[0.001 0.287]
2.8,63.75,2,0.61,2.836,63.462,0.218,-2.29,0.552,-7.728,2.537,1.267,[2.21  7.709],[0.021 0.103]
2.8,67.5,0,0.22,2.852,67.572,0.244,-1.66,0.646,-5.924,2.636,1.088,[2.523 5.945],[0.027 0.033]
2.8,67.5,1,0.17,2.842,67.143,0.224,-1.865,0.586,-6.668,2.619,1.104,[2.317 6.658],[0.018 0.044]
2.8,67.5,2,0.06,2.804,66.973,0.208,-2.068,0.535,-7.573,2.581,1.097,[2.133 7.567],[0.002 0.041]
2.8,71.25,0,0.56,2.871,71.313,0.238,-1.399,0.646,-6.34,2.72,0.92,[2.427 6.44 ],[0.003 0.179]
2.8,71.25,1,0.83,2.824,70.923,0.211,-1.653,0.562,-9.057,2.669,0.923,[2.168 9.035],[0.001 0.162]
2.8,71.25,2,0.67,2.815,70.947,0.223,-1.545,0.592,-8.196,2.661,0.919,[2.292 8.217],[0.002 0.118]
2.8,75.0,0,0.0,2.725,74.219,0.172,-1.684,0.45,-9.217,2.622,0.741,[1.755 9.222],[0.047 0.006]
2.8,75.0,1,0.0,2.766,73.878,0.214,-1.378,0.568,-5.055,2.657,0.768,[2.162 5.078],[0.049 0.046]
2.8,75.0,2,0.0,2.745,74.035,0.231,-1.25,0.609,-3.805,2.639,0.755,[2.413 3.885],[0.032 0.056]
2.8,78.75,0,0.22,2.915,78.883,0.261,-0.718,0.747,-3.929,2.86,0.562,[2.66  3.929],[0.011 0.016]
2.8,78.75,1,0.61,2.592,78.629,0.207,-0.793,0.579,-7.787,2.541,0.511,[2.341 7.788],[0.006 0.045]
2.8,78.75,2,0.0,nan,nan,nan,nan,nan,nan,nan,nan,[2.667 3.15 ],[0.043 0.013]
2.8,82.5,0,0.0,nan,nan,nan,nan,nan,nan,nan,nan,[1.928 3.317],[0.017 0.048]
2.8,82.5,1,0.72,2.836,82.421,0.24,-0.546,0.674,-6.874,2.811,0.374,[2.448 6.862],[0.004 0.068]
2.8,82.5,2,0.56,2.859,82.544,0.246,-0.523,0.699,-6.349,2.835,0.371,[2.507 6.399],[0.001 0.218]
2.8,86.25,0,0.67,2.861,86.233,0.256,-0.249,0.731,-5.657,2.855,0.188,[2.599 5.689],[0.002 0.049]
2.8,86.25,1,0.72,2.864,86.256,0.244,-0.263,0.697,-6.701,2.858,0.187,[2.488 6.707],[0.037 0.05 ]
2.8,86.25,2,0.72,2.839,86.224,0.229,-0.286,0.647,-7.755,2.833,0.187,[2.329 7.743],[0.016 0.043]
2.8,90.0,0,0.61,2.807,89.959,0.231,-0.004,0.648,-8.528,2.807,0.002,[2.369 8.515],[0.003 0.049]
2.8,90.0,1,0.5,2.832,89.98,0.213,-0.002,0.602,-9.195,2.832,0.001,[2.179 9.146],[0.001 0.405]
2.8,90.0,2,0.22,2.893,116.902,0.18,-0.366,0.755,-4.273,2.58,-1.309,[2.78  4.246],[0.008 0.034]
2.9,30.0,0,0.0,nan,nan,nan,nan,nan,nan,nan,nan,[1.854 3.196],[0.003 0.018]
2.9,30.0,1,0.0,nan,nan,nan,nan,nan,nan,nan,nan,[1.719 3.366],[0.019 0.038]
2.9,30.0,2,0.0,nan,nan,nan,nan,nan,nan,nan,nan,[2.139 4.279],[0.014 0.194]
2.9,33.75,0,0.0,nan,nan,nan,nan,nan,nan,nan,nan,[1.953 6.259],[0.044 0.05 ]
2.9,33.75,1,0.0,nan,nan,nan,nan,nan,nan,nan,nan,[2.161 2.078],[0.003 0.176]
2.9,33.75,2,0.0,nan,nan,nan,nan,nan,nan,nan,nan,[1.92  5.733],[0.001 0.268]
2.9,37.5,0,0.0,nan,nan,nan,nan,nan,nan,nan,nan,[1.868 5.823],[0.007 0.086]
2.9,37.5,1,0.39,2.949,37.27,0.213,-6.199,0.378,-6.541,1.786,2.347,[2.177 6.524],[0.001 0.046]
2.9,37.5,2,0.06,2.923,36.235,0.199,-7.035,0.337,-8.287,1.728,2.358,[2.032 8.256],[0.023 0.172]
2.9,41.25,0,0.0,nan,nan,nan,nan,nan,nan,nan,nan,[2.301 2.067],[0.003 0.15 ]
2.9,41.25,1,0.0,nan,nan,nan,nan,nan,nan,nan,nan,[2.009 5.197],[0.007 0.013]
2.9,41.25,2,0.67,2.919,40.499,0.215,-5.469,0.406,-6.848,1.896,2.22,[2.191 6.855],[0.004 0.032]
2.9,45.0,0,0.56,2.945,44.519,0.226,-4.479,0.467,-5.86,2.065,2.1,[2.284 5.895],[0.036 0.095]
2.9,48.75,0,0.0,nan,nan,nan,nan,nan,nan,nan,nan,[1.638 8.043],[0.044 0.055]
2.9,48.75,1,0.61,2.928,48.087,0.215,-4.177,0.468,-7.021,2.179,1.956,[2.196 7.018],[0.014 0.15 ]
2.9,48.75,2,0.5,2.968,48.701,0.23,-3.74,0.517,-4.347,2.23,1.959,[2.34  4.325],[0.004 0.048]
2.9,52.5,0,0.67,2.928,51.796,0.22,-3.58,0.505,-6.794,2.301,1.811,[2.264 6.821],[0.005 0.046]
2.9,52.5,1,0.22,2.916,51.825,0.225,-3.483,0.515,-5.57,2.292,1.802,[2.282 5.605],[0.029 0.044]
2.9,52.5,2,0.44,2.954,52.207,0.225,-3.398,0.527,-5.635,2.334,1.81,[2.297 5.64 ],[0.001 0.041]
2.9,56.25,0,0.72,2.925,55.56,0.22,-3.116,0.53,-7.371,2.412,1.654,[2.258 7.369],[0.03 0.01]
2.9,56.25,1,0.0,nan,nan,nan,nan,nan,nan,nan,nan,[2.274 3.146],[0.032 0.048]
2.9,56.25,2,0.56,2.918,55.373,0.213,-3.244,0.511,-7.605,2.401,1.658,[2.181 7.607],[0.01  0.029]
2.9,60.0,0,0.17,6.155,23.75,0.216,0.054,0.655,-4.32,2.479,5.634,[2.391 4.312],[0.028 0.043]
2.9,60.0,1,0.56,2.64,59.851,0.232,-1.982,0.591,-3.215,2.283,1.326,[2.619 3.21 ],[0.011 0.005]
2.9,60.0,2,0.5,2.922,59.389,0.212,-2.791,0.534,-7.46,2.515,1.488,[2.175 7.461],[0.003 0.019]
2.9,63.75,0,0.78,2.941,63.4,0.214,-2.333,0.563,-8.486,2.63,1.317,[2.193 8.482],[0.017 0.025]
2.9,63.75,1,0.67,2.968,63.806,0.243,-1.972,0.65,-5.266,2.663,1.31,[2.485 5.256],[0.007 0.034]
2.9,63.75,2,0.0,2.869,62.363,0.205,-2.58,0.521,-3.756,2.542,1.331,[2.125 3.739],[0.042 0.04 ]
2.9,67.5,0,0.33,2.942,67.139,0.248,-1.644,0.675,-4.272,2.711,1.143,[2.532 4.409],[0.012 0.868]
2.9,67.5,1,0.5,2.934,67.245,0.223,-1.872,0.604,-7.142,2.706,1.135,[2.285 7.126],[0.    0.037]
2.9,67.5,2,0.78,2.917,67.206,0.224,-1.874,0.601,-7.51,2.689,1.13,[2.292 7.511],[0.007 0.02 ]
2.9,71.25,0,0.83,2.94,71.023,0.23,-1.479,0.639,-7.309,2.78,0.956,[2.355 7.303],[0.018 0.043]
2.9,71.25,1,0.5,2.983,71.389,0.223,-1.498,0.631,-7.619,2.827,0.952,[2.272 7.618],[0.018 0.031]
2.9,71.25,2,0.17,2.968,71.125,0.254,-1.294,0.716,-3.886,2.808,0.96,[2.565 3.893],[0.013 0.047]
2.9,75.0,0,0.0,2.822,74.205,0.179,-1.617,0.485,-4.491,2.715,0.768,[1.826 4.465],[0.001 0.08 ]
2.9,75.0,1,0.61,2.938,74.748,0.222,-1.226,0.628,-7.779,2.835,0.773,[2.246 7.756],[0.004 0.045]
2.9,75.0,2,0.44,2.926,74.781,0.209,-1.309,0.591,-8.908,2.823,0.768,[2.15  8.905],[0.001 0.041]
2.9,78.75,0,0.0,2.831,77.991,0.173,-1.278,0.477,-8.049,2.769,0.589,[1.73  8.034],[0.036 0.032]
2.9,78.75,1,0.83,2.945,78.682,0.238,-0.829,0.689,-6.628,2.888,0.578,[2.443 6.628],[0.002 0.063]
2.9,78.75,2,0.0,nan,nan,nan,nan,nan,nan,nan,nan,[2.508 4.681],[0.021 0.035]
2.9,82.5,0,0.67,2.68,82.345,0.206,-0.547,0.597,-8.116,2.656,0.357,[2.286 8.1  ],[0.004 0.095]
2.9,82.5,1,0.06,2.918,82.359,0.275,-0.469,0.795,-3.178,2.892,0.388,[2.852 2.823],[0.01  0.252]
2.9,82.5,2,0.33,2.993,82.493,0.233,-0.555,0.69,-7.073,2.967,0.391,[2.357 6.793],[0.    0.635]
2.9,86.25,0,0.67,2.911,86.158,0.244,-0.27,0.709,-6.652,2.904,0.195,[2.475 6.662],[0.007 0.035]
2.9,86.25,1,0.72,2.916,86.145,0.226,-0.296,0.658,-8.028,2.909,0.196,[2.309 8.018],[0.009 0.044]
2.9,86.25,2,0.44,2.957,86.277,0.273,-0.233,0.805,-3.958,2.951,0.192,[2.786 3.965],[0.011 0.032]
2.9,90.0,0,0.78,2.937,89.98,0.244,-0.0,0.715,-7.077,2.937,0.001,[2.48  7.022],[0.01  0.282]
2.9,90.0,1,0.89,2.912,89.941,0.227,-0.004,0.66,-8.466,2.912,0.003,[2.331 8.467],[0.014 0.036]
2.9,90.0,2,0.72,2.979,90.0,0.255,0.0,0.758,-5.694,2.979,-0.0,[2.586 5.647],[0.003 0.117]
3.0,30.0,0,0.0,nan,nan,nan,nan,nan,nan,nan,nan,[1.752 2.006],[0.031 0.1  ]
3.0,30.0,1,0.39,3.02,28.67,0.217,-8.548,0.31,-6.931,1.449,2.65,[2.201 6.941],[0.006 0.032]
3.0,30.0,2,0.28,3.02,28.542,0.22,-8.494,0.313,-7.513,1.443,2.653,[2.234 7.501],[0.007 0.046]
3.0,33.75,0,0.22,2.996,32.279,0.226,-7.087,0.358,-5.753,1.6,2.533,[2.347 5.742],[0.052 0.263]
3.0,33.75,1,0.11,3.001,32.578,0.225,-6.953,0.363,-4.365,1.616,2.529,[2.274 4.376],[0.035 0.027]
3.0,33.75,2,0.28,3.02,31.859,0.225,-7.318,0.352,-6.577,1.594,2.565,[2.292 6.58 ],[0.041 0.047]
3.0,37.5,0,0.39,3.024,36.461,0.213,-6.42,0.38,-7.965,1.797,2.432,[2.198 7.984],[0.021 0.04 ]
3.0,37.5,1,0.17,2.988,36.414,0.223,-6.118,0.393,-5.69,1.774,2.405,[2.269 7.844],[0.    1.744]
3.0,37.5,2,0.28,2.63,36.077,0.198,-5.435,0.344,-6.537,1.549,2.126,[2.308 6.49 ],[0.003 0.18 ]
3.0,41.25,0,0.78,3.039,40.609,0.206,-5.721,0.404,-8.491,1.978,2.307,[2.093 8.495],[0.015 0.008]
3.0,41.25,1,0.83,3.059,40.997,0.209,-5.529,0.417,-8.268,2.007,2.309,[2.139 8.457],[0.    0.386]
3.0,41.25,2,0.44,3.01,40.473,0.213,-5.516,0.416,-7.281,1.954,2.29,[2.187 7.339],[0.007 0.318]
3.0,45.0,0,0.0,nan,nan,nan,nan,nan,nan,nan,nan,[2.124 2.357],[0.023 0.044]
3.0,45.0,1,0.61,2.821,44.971,0.211,-4.001,0.457,-5.537,1.994,1.996,[2.336 5.517],[0.006 0.042]
3.0,45.0,2,0.44,3.023,44.397,0.212,-4.841,0.446,-7.489,2.115,2.16,[2.159 7.609],[0.005 0.506]
3.0,48.75,0,0.83,2.821,47.859,0.202,-3.943,0.45,-8.028,2.092,1.893,[2.195 8.133],[0.021 0.356]
3.0,48.75,1,0.0,nan,nan,nan,nan,nan,nan,nan,nan,[2.187 1.969],[0.004 0.023]
3.0,48.75,2,0.67,3.009,47.856,0.215,-4.229,0.478,-7.437,2.231,2.019,[2.203 7.473],[0.003 0.42 ]
3.0,52.5,0,0.0,nan,nan,nan,nan,nan,nan,nan,nan,[1.903 6.062],[0.008 0.048]
3.0,52.5,1,0.56,3.032,51.724,0.223,-3.536,0.529,-6.245,2.38,1.878,[2.261 6.237],[0.029 0.141]
3.0,52.5,2,0.67,3.041,52.079,0.236,-3.242,0.569,-5.528,2.399,1.869,[2.4   5.552],[0.003 0.115]
3.0,56.25,0,0.0,nan,nan,nan,nan,nan,nan,nan,nan,[1.36  4.553],[0.073 0.307]
3.0,56.25,1,0.0,nan,nan,nan,nan,nan,nan,nan,nan,[0.006 0.059],[0.005 0.042]
3.0,60.0,0,0.39,3.004,59.354,0.227,-2.597,0.586,-7.165,2.584,1.531,[2.345 7.164],[0.014 0.028]
3.0,60.0,1,0.5,3.003,59.285,0.213,-2.801,0.549,-8.983,2.582,1.534,[2.195 8.993],[0.005 0.041]
3.0,60.0,2,0.78,3.051,59.745,0.243,-2.344,0.643,-5.044,2.635,1.537,[2.465 5.055],[0.01  0.023]
3.0,63.75,0,0.78,3.043,63.435,0.223,-2.224,0.608,-6.985,2.722,1.361,[2.303 6.952],[0.002 0.081]
3.0,63.75,1,0.72,3.034,63.435,0.221,-2.246,0.601,-7.58,2.714,1.357,[2.246 7.573],[0.011 0.038]
3.0,63.75,2,0.61,3.072,63.727,0.242,-1.984,0.671,-5.156,2.755,1.36,[2.487 5.097],[0.004 0.234]
3.0,67.5,0,0.83,3.067,67.474,0.261,-1.534,0.741,-3.673,2.833,1.175,[2.642 3.662],[0.002 0.044]
3.0,67.5,1,0.89,3.034,67.213,0.228,-1.829,0.637,-7.443,2.797,1.175,[2.329 7.446],[0.013 0.022]
3.0,67.5,2,0.72,3.058,67.402,0.231,-1.775,0.654,-6.923,2.823,1.175,[2.35  6.921],[0.003 0.027]
3.0,71.25,0,0.78,3.027,71.212,0.225,-1.496,0.644,-7.793,2.866,0.975,[2.3   7.793],[0.028 0.045]
3.0,71.25,1,0.33,3.038,70.998,0.205,-1.698,0.587,-9.423,2.872,0.989,[2.11  8.974],[0.007 0.459]
3.0,71.25,2,0.56,3.03,70.967,0.249,-1.346,0.716,-5.638,2.864,0.988,[2.541 5.688],[0.004 0.136]
3.0,75.0,0,0.0,2.943,74.368,0.23,-1.222,0.652,-3.031,2.834,0.793,[2.37  3.035],[0.041 0.041]
3.0,75.0,1,0.67,3.009,74.698,0.233,-1.166,0.675,-7.454,2.902,0.794,[2.397 7.445],[0.047 0.047]
3.0,75.0,2,0.11,3.061,74.692,0.258,-1.006,0.764,-4.016,2.952,0.808,[2.643 4.024],[0.003 0.016]
3.0,78.75,0,0.0,2.905,78.102,0.12,-1.82,0.34,-6.948,2.843,0.599,[1.266 6.939],[0.007 0.057]
3.0,78.75,1,0.67,3.013,78.589,0.242,-0.826,0.713,-7.002,2.953,0.596,[2.489 7.06 ],[0.    0.202]
3.0,78.75,2,0.39,3.056,78.697,0.259,-0.748,0.777,-4.647,2.997,0.599,[2.626 4.663],[0.005 0.038]
3.0,82.5,0,0.0,2.91,82.179,0.195,-0.712,0.563,-9.079,2.883,0.396,[2.04  9.103],[0.011 0.036]
3.0,82.5,1,0.83,3.016,82.284,0.222,-0.605,0.664,-8.693,2.989,0.405,[2.278 8.681],[0.005 0.043]
3.0,82.5,2,0.89,3.064,82.462,0.234,-0.558,0.71,-7.223,3.038,0.402,[2.388 7.217],[0.033 0.029]
3.0,86.25,0,0.89,3.077,86.254,0.257,-0.246,0.789,-5.766,3.07,0.201,[2.612 5.767],[0.03  0.032]
3.0,86.25,1,0.39,2.602,86.231,0.231,-0.204,0.699,-4.089,2.596,0.171,[2.731 4.127],[0.003 0.237]
3.0,86.25,2,0.56,3.072,86.248,0.253,-0.252,0.775,-5.688,3.065,0.201,[2.583 5.704],[0.023 0.09 ]
3.0,90.0,0,0.72,3.064,90.019,0.255,0.0,0.783,-5.694,3.064,-0.001,[2.629 5.43 ],[0.006 0.374]
3.0,90.0,1,0.61,3.07,90.0,0.283,0.0,0.868,-3.333,3.07,0.0,[2.87  3.344],[0.019 0.034]
3.0,90.0,2,0.5,3.011,89.905,0.221,-0.007,0.665,-9.597,3.011,0.005,[2.266 9.603],[0.075 0.016]
3.1,30.0,0,0.0,nan,nan,nan,nan,nan,nan,nan,nan,[1.805 8.579],[0.046 0.024]
3.1,30.0,1,0.0,nan,nan,nan,nan,nan,nan,nan,nan,[1.981 7.579],[0.009 4.06 ]
3.1,30.0,2,0.0,nan,nan,nan,nan,nan,nan,nan,nan,[1.969 7.172],[0.01  0.022]
3.1,33.75,0,0.0,nan,nan,nan,nan,nan,nan,nan,nan,[1.735 6.402],[0.016 0.028]
3.1,33.75,1,0.39,3.135,33.472,0.209,-7.314,0.358,-8.969,1.729,2.615,[2.153 8.936],[0.004 0.083]
3.1,33.75,2,0.17,3.153,32.606,0.227,-6.834,0.386,-4.209,1.699,2.656,[2.321 4.224],[0.069 0.029]
3.1,37.5,0,0.67,3.147,36.979,0.202,-6.679,0.378,-8.546,1.893,2.514,[2.067 8.561],[0.003 0.165]
3.1,37.5,1,0.44,3.138,36.811,0.219,-6.111,0.41,-6.614,1.88,2.512,[2.24  6.608],[0.002 0.039]
3.1,37.5,2,0.0,nan,nan,nan,nan,nan,nan,nan,nan,[2.023 3.036],[0.041 0.019]
3.1,41.25,0,0.78,3.124,40.508,0.214,-5.496,0.432,-7.805,2.029,2.375,[2.197 7.781],[0.013 0.036]
3.1,41.25,1,0.78,3.148,40.556,0.214,-5.499,0.435,-7.453,2.047,2.392,[2.183 7.516],[0.003 0.19 ]
3.1,41.25,2,0.28,5.637,60.675,0.2,209995259.052,0.404,-6.269,4.915,2.761,[2.227 6.302],[0.002 0.829]
3.1,45.0,0,0.5,3.125,44.339,0.237,-4.279,0.519,-5.256,2.184,2.235,[2.428 5.247],[0.001 0.032]
3.1,45.0,1,0.67,3.143,44.678,0.213,-4.75,0.47,-7.449,2.21,2.235,[2.181 7.45 ],[0.002 0.074]
3.1,45.0,2,0.33,3.129,43.938,0.24,-4.264,0.524,-3.63,2.171,2.253,[2.439 3.622],[0.011 0.04 ]
3.1,48.75,0,0.72,3.133,48.48,0.221,-4.0,0.518,-7.282,2.346,2.077,[2.271 7.274],[0.03  0.047]
3.1,48.75,1,0.83,3.135,48.193,0.214,-4.205,0.497,-7.611,2.337,2.09,[2.187 7.563],[0.006 0.119]
3.1,48.75,2,0.83,3.129,48.135,0.216,-4.151,0.503,-7.209,2.33,2.088,[2.199 7.213],[0.003 0.022]
3.1,52.5,0,0.61,3.14,51.907,0.222,-3.526,0.547,-6.208,2.471,1.937,[2.27  6.273],[0.017 0.169]
3.1,52.5,1,0.83,3.123,51.893,0.218,-3.605,0.534,-7.067,2.457,1.927,[2.225 7.071],[0.017 0.021]
3.1,52.5,2,0.61,2.942,52.456,0.223,-2.939,0.562,-4.236,2.333,1.793,[2.441 4.355],[0.028 0.528]
3.1,56.25,0,0.0,3.113,54.242,0.178,-4.288,0.44,-4.862,2.526,1.819,[1.956 4.856],[0.022 0.04 ]
3.1,56.25,1,0.89,3.151,55.917,0.236,-2.812,0.62,-5.478,2.61,1.766,[2.411 5.479],[0.004 0.045]
3.1,56.25,2,0.78,3.135,55.646,0.234,-2.876,0.607,-5.703,2.588,1.769,[2.379 5.679],[0.008 0.067]
3.1,60.0,0,0.56,3.15,59.641,0.231,-2.5,0.628,-6.284,2.718,1.592,[2.353 6.309],[0.011 0.067]
3.1,60.0,1,0.44,3.115,59.434,0.204,-2.929,0.545,-8.737,2.682,1.584,[2.096 8.651],[0.    0.127]
3.1,60.0,2,0.94,2.773,59.653,0.201,-2.244,0.546,-6.606,2.393,1.401,[2.345 6.603],[0.003 0.048]
3.1,63.75,0,0.94,3.129,63.361,0.213,-2.37,0.593,-8.877,2.797,1.403,[2.166 8.874],[0.001 0.032]
3.1,63.75,1,0.78,3.141,63.37,0.225,-2.214,0.631,-7.28,2.808,1.408,[2.275 7.308],[0.003 0.039]
3.1,63.75,2,0.72,3.151,63.663,0.245,-1.978,0.694,-5.299,2.824,1.398,[2.506 5.389],[0.013 0.215]
3.1,67.5,0,0.67,3.122,67.074,0.223,-1.886,0.64,-8.275,2.875,1.216,[2.243 8.275],[0.023 0.002]
3.1,67.5,1,0.44,2.814,67.17,0.193,-1.779,0.555,-8.016,2.594,1.092,[2.189 7.813],[0.001 0.321]
3.1,67.5,2,0.67,3.138,67.178,0.232,-1.785,0.673,-6.452,2.892,1.217,[2.367 6.438],[0.041 0.042]
3.1,71.25,0,0.56,3.127,70.905,0.231,-1.481,0.683,-7.263,2.955,1.023,[2.366 7.266],[0.049 0.026]
3.1,71.25,1,0.61,3.155,70.962,0.236,-1.431,0.704,-6.335,2.982,1.029,[2.405 6.334],[0.001 0.104]
3.1,71.25,2,0.56,3.163,71.13,0.233,-1.44,0.699,-6.618,2.993,1.023,[2.385 6.62 ],[0.007 0.02 ]
3.1,75.0,0,0.72,3.133,74.771,0.231,-1.164,0.698,-7.575,3.023,0.823,[2.361 7.509],[0.01  0.472]
3.1,75.0,1,0.83,3.168,74.959,0.253,-1.026,0.775,-5.186,3.059,0.822,[2.591 5.194],[0.022 0.085]
3.1,75.0,2,0.83,3.143,74.894,0.234,-1.14,0.709,-7.168,3.034,0.819,[2.388 7.182],[0.003 0.048]
3.1,78.75,0,0.78,3.18,78.757,0.247,-0.783,0.77,-6.129,3.119,0.62,[2.552 6.116],[0.036 0.031]
3.1,78.75,1,0.89,3.121,78.56,0.222,-0.909,0.679,-8.414,3.059,0.619,[2.268 8.466],[0.001 0.182]
3.1,78.75,2,0.67,3.065,69.17,0.23,-108025099.374,0.714,-5.598,2.865,1.09,[2.559 5.618],[0.004 0.04 ]
3.1,82.5,1,0.78,2.915,82.431,0.241,-0.461,0.75,-5.804,2.89,0.384,[2.651 5.809],[0.015 0.03 ]
3.1,82.5,2,0.28,3.143,82.432,0.244,-0.533,0.762,-6.066,3.116,0.414,[2.434 6.051],[0.025 0.039]
3.1,86.25,0,0.0,3.01,86.095,0.125,-0.561,0.376,-7.278,3.003,0.205,[1.301 7.285],[0.004 0.055]
3.1,86.25,1,0.0,3.033,86.087,0.207,-0.337,0.626,-1.798,3.026,0.207,[2.159 1.77 ],[0.019 0.036]
3.1,86.25,2,0.56,3.185,86.237,0.252,-0.252,0.801,-5.799,3.178,0.209,[2.571 5.792],[0.009 0.038]
3.1,90.0,0,0.0,2.992,89.981,0.123,-0.003,0.369,-6.189,2.992,0.001,[1.295 6.006],[0.007 0.574]
3.1,90.0,1,0.0,3.023,90.019,0.223,0.002,0.674,-4.947,3.023,-0.001,[2.252 4.871],[0.002 0.22 ]
3.1,90.0,2,0.0,nan,nan,nan,nan,nan,nan,nan,nan,[2.698 3.655],[0.001 0.195]
3.2,30.0,0,0.11,3.218,28.572,0.217,-8.57,0.33,-6.614,1.539,2.826,[2.211 6.637],[0.005 0.04 ]
3.2,30.0,1,0.0,nan,nan,nan,nan,nan,nan,nan,nan,[2.225 3.191],[0.038 0.197]
3.2,30.0,2,0.28,3.217,28.963,0.217,-8.491,0.332,-7.488,1.558,2.815,[2.205 7.476],[0.008 0.038]
3.2,33.75,0,0.0,nan,nan,nan,nan,nan,nan,nan,nan,[1.981 5.468],[0.003 0.864]
3.2,33.75,1,0.0,nan,nan,nan,nan,nan,nan,nan,nan,[1.991 4.487],[0.03  0.678]
3.2,33.75,2,0.0,nan,nan,nan,nan,nan,nan,nan,nan,[2.006 5.145],[0.002 0.267]
3.2,37.5,0,0.17,3.227,36.025,0.235,-5.744,0.45,-3.556,1.898,2.61,[2.366 3.564],[0.042 0.013]
3.2,37.5,1,0.11,3.211,35.531,0.232,-6.367,0.416,-7.786,1.866,2.613,[2.372 7.754],[0.003 0.061]
3.2,37.5,2,0.67,3.224,36.856,0.214,-6.298,0.41,-8.044,1.934,2.58,[2.18  8.051],[0.001 0.035]
3.2,41.25,0,0.39,3.232,40.772,0.224,-5.169,0.473,-5.486,2.111,2.448,[2.283 5.497],[0.03  0.037]
3.2,41.25,1,0.67,3.246,41.266,0.218,-5.236,0.465,-7.478,2.141,2.44,[2.212 7.519],[0.025 0.333]
3.2,41.25,2,0.28,3.233,40.572,0.219,-5.334,0.46,-5.7,2.103,2.456,[2.238 5.693],[0.006 0.034]
3.2,45.0,0,0.5,3.005,45.121,0.221,-3.776,0.512,-3.592,2.129,2.12,[2.423 3.578],[0.008 0.046]
3.2,45.0,1,0.61,3.049,44.575,0.213,-4.193,0.485,-5.563,2.14,2.172,[2.318 5.561],[0.004 0.05 ]
3.2,45.0,2,0.72,3.272,45.05,0.235,-4.144,0.55,-3.903,2.316,2.312,[2.397 3.866],[0.004 0.08 ]
3.2,48.75,1,0.39,3.24,48.265,0.208,-4.339,0.499,-7.346,2.418,2.157,[2.134 7.331],[0.027 0.034]
3.2,48.75,2,0.61,3.251,48.405,0.234,-3.722,0.573,-5.128,2.431,2.158,[2.409 5.13 ],[0.    0.042]
3.2,52.5,0,0.33,3.242,52.243,0.23,-3.337,0.591,-4.954,2.563,1.985,[2.342 4.957],[0.026 0.034]
3.2,52.5,1,0.72,3.254,52.479,0.236,-3.206,0.612,-5.184,2.581,1.982,[2.396 5.196],[0.021 0.143]
3.2,52.5,2,0.83,3.242,52.003,0.217,-3.588,0.555,-7.153,2.555,1.996,[2.206 7.148],[0.002 0.169]
3.2,56.25,0,1.0,3.246,55.923,0.232,-2.874,0.626,-6.058,2.689,1.819,[2.367 6.041],[0.006 0.091]
3.2,56.25,1,0.44,3.228,55.719,0.218,-3.129,0.58,-6.656,2.667,1.818,[2.211 6.654],[0.006 0.012]
3.2,56.25,2,0.28,3.251,55.909,0.234,-2.841,0.633,-4.406,2.692,1.822,[2.384 4.426],[0.008 0.071]
3.2,60.0,0,0.72,3.269,60.07,0.25,-2.235,0.713,-4.203,2.833,1.631,[2.562 4.366],[0.008 0.64 ]
3.2,60.0,1,0.94,3.261,59.747,0.227,-2.537,0.64,-6.846,2.817,1.643,[2.303 6.837],[0.   0.04]
3.2,60.0,2,0.72,2.981,59.564,0.231,-2.104,0.648,-4.628,2.57,1.51,[2.554 4.634],[0.007 0.08 ]
3.2,63.75,0,0.83,3.007,63.256,0.202,-2.193,0.579,-8.054,2.685,1.353,[2.229 8.066],[0.002 0.043]
3.2,63.75,1,0.89,3.241,63.538,0.243,-2.017,0.705,-5.717,2.901,1.444,[2.485 5.724],[0.024 0.209]
3.2,63.75,2,0.39,3.241,63.301,0.269,-1.783,0.784,-2.171,2.895,1.456,[2.736 2.106],[0.001 0.139]
3.2,67.5,0,0.72,3.239,67.282,0.219,-1.909,0.655,-7.668,2.988,1.251,[2.237 7.68 ],[0.001 0.045]
3.2,67.5,1,0.89,3.023,67.108,0.216,-1.71,0.64,-7.314,2.785,1.176,[2.337 7.311],[0.   0.08]
3.2,67.5,2,0.22,3.267,67.446,0.273,-1.439,0.831,-2.536,3.017,1.253,[2.794 2.574],[0.021 0.064]
3.2,71.25,0,0.67,3.303,71.411,0.267,-1.197,0.841,-3.991,3.131,1.053,[2.728 3.979],[0.014 0.044]
3.2,71.25,1,0.72,3.293,71.35,0.254,-1.281,0.794,-5.12,3.12,1.053,[2.584 5.087],[0.    0.121]
3.2,71.25,2,0.83,3.211,70.91,0.241,-1.421,0.73,-6.611,3.034,1.05,[2.461 6.606],[0.002 0.047]
3.2,75.0,0,0.0,3.113,74.249,0.156,-1.87,0.466,-5.921,2.996,0.845,[1.627 5.921],[0.001 0.077]
3.2,75.0,1,0.11,3.292,75.183,0.265,-0.97,0.843,-3.99,3.183,0.842,[2.66  3.957],[0.038 0.038]
3.2,75.0,2,0.56,3.272,74.961,0.254,-1.024,0.803,-5.422,3.16,0.849,[2.593 5.405],[0.    0.039]
3.2,78.75,0,1.0,3.258,78.673,0.236,-0.83,0.756,-7.253,3.195,0.64,[2.414 7.25 ],[0.013 0.068]
3.2,78.75,1,0.67,3.01,78.832,0.245,-0.654,0.79,-4.467,2.953,0.583,[2.719 4.462],[0.012 0.122]
3.2,78.75,2,0.83,3.268,78.797,0.258,-0.747,0.828,-5.753,3.206,0.635,[2.629 5.751],[0.009 0.035]
3.2,82.5,0,0.83,3.224,82.353,0.235,-0.562,0.752,-7.56,3.195,0.429,[2.389 7.548],[0.011 0.042]
3.2,82.5,1,0.67,3.274,82.523,0.259,-0.491,0.841,-5.274,3.246,0.426,[2.639 5.302],[0.003 0.152]
3.2,82.5,2,0.06,3.187,82.317,0.277,-0.474,0.874,-2.785,3.158,0.426,[2.898 2.736],[0.018 0.075]
3.2,86.25,0,0.56,2.937,86.233,0.249,-0.204,0.812,-4.384,2.931,0.193,[2.778 4.385],[0.103 0.002]
3.2,86.25,1,0.67,3.239,86.194,0.23,-0.287,0.741,-7.747,3.232,0.215,[2.324 7.737],[0.029 0.042]
3.2,90.0,0,0.0,nan,nan,nan,nan,nan,nan,nan,nan,[1.89  3.369],[0.014 0.04 ]
3.2,90.0,1,0.89,3.244,90.018,0.26,-0.0,0.844,-5.905,3.244,-0.001,[2.65  5.935],[0.004 0.26 ]
3.2,90.0,2,0.83,3.265,90.0,0.263,0.001,0.857,-5.585,3.265,0.0,[2.658 5.571],[0.015 0.032]
3.3,30.0,0,0.0,nan,nan,nan,nan,nan,nan,nan,nan,[1.695 6.888],[0.004 0.129]
3.3,30.0,1,0.56,3.337,29.2,0.205,-8.926,0.327,-8.367,1.628,2.913,[2.084 8.408],[0.01  0.477]
3.3,30.0,2,0.0,3.33,28.52,0.219,-8.562,0.342,-6.784,1.59,2.926,[1.937 6.918],[0.103 0.634]
3.3,33.75,0,0.0,nan,nan,nan,nan,nan,nan,nan,nan,[1.844 5.994],[0.002 0.042]
3.3,33.75,1,0.39,3.318,32.747,0.212,-7.436,0.376,-7.533,1.795,2.791,[2.16  7.532],[0.017 0.064]
3.3,33.75,2,0.44,3.328,33.179,0.214,-7.203,0.387,-7.354,1.821,2.785,[2.191 7.246],[0.001 0.406]
3.3,37.5,0,0.44,3.343,37.062,0.216,-6.164,0.432,-6.771,2.015,2.668,[2.216 6.733],[0.016 0.152]
3.3,37.5,1,0.39,3.331,37.008,0.228,-5.786,0.458,-4.762,2.005,2.66,[2.322 4.745],[0.004 0.051]
3.3,37.5,2,0.5,3.329,36.856,0.227,-5.92,0.45,-5.976,1.997,2.664,[2.309 5.985],[0.01  0.049]
3.3,41.25,0,0.0,nan,nan,nan,nan,nan,nan,nan,nan,[1.392 5.596],[0.    0.098]
3.3,41.25,1,0.67,3.109,40.709,0.204,-4.932,0.445,-6.917,2.028,2.357,[2.226 6.982],[0.008 0.205]
3.3,41.25,2,0.72,3.354,40.901,0.225,-5.089,0.495,-6.04,2.196,2.535,[2.29  6.058],[0.002 0.102]
3.3,45.0,0,0.94,3.34,44.551,0.208,-4.937,0.484,-8.414,2.343,2.38,[2.107 8.413],[0.028 0.045]
3.3,45.0,1,0.78,3.322,44.366,0.211,-4.89,0.487,-8.001,2.323,2.375,[2.16  7.968],[0.013 0.176]
3.3,45.0,2,0.44,3.353,44.686,0.226,-4.414,0.535,-5.603,2.358,2.384,[2.32  5.605],[0.009 0.104]
3.3,48.75,0,0.0,3.316,47.873,0.187,-5.005,0.452,-9.648,2.459,2.224,[1.916 9.636],[0.002 0.209]
3.3,48.75,1,0.72,3.347,48.428,0.232,-3.759,0.585,-5.504,2.504,2.221,[2.366 5.555],[0.008 0.178]
3.3,48.75,2,0.33,3.353,48.446,0.238,-3.642,0.602,-3.695,2.509,2.224,[2.429 3.701],[0.013 0.046]
3.3,52.5,0,0.11,3.329,52.149,0.2,-3.931,0.523,-8.09,2.629,2.043,[2.047 8.08 ],[0.012 0.155]
3.3,52.5,1,0.61,3.368,52.565,0.248,-2.997,0.67,-3.702,2.674,2.047,[2.541 3.782],[0.049 0.118]
3.3,52.5,2,0.72,3.347,51.928,0.214,-3.668,0.563,-7.44,2.635,2.064,[2.195 7.441],[0.045 0.022]
3.3,56.25,0,0.83,3.354,55.95,0.23,-2.897,0.641,-6.192,2.779,1.878,[2.353 6.192],[0.002 0.03 ]
3.3,56.25,1,0.78,3.319,55.371,0.202,-3.476,0.547,-9.78,2.731,1.886,[2.065 9.761],[0.004 0.098]
3.3,56.25,2,0.61,3.335,55.9,0.265,-2.465,0.739,-2.75,2.762,1.87,[2.681 2.693],[0.    0.432]
3.3,60.0,0,0.56,3.325,59.347,0.22,-2.699,0.628,-7.129,2.86,1.695,[2.242 7.127],[0.04  0.425]
3.3,60.0,1,0.56,3.343,59.577,0.219,-2.676,0.631,-6.899,2.883,1.693,[2.234 6.895],[0.017 0.088]
3.3,60.0,2,0.72,3.363,60.111,0.255,-2.194,0.748,-3.976,2.916,1.676,[2.603 3.961],[0.01  0.043]
3.3,63.75,0,0.28,3.326,63.404,0.223,-2.238,0.663,-6.287,2.974,1.489,[2.291 6.296],[0.004 0.105]
3.3,63.75,1,0.67,3.385,63.768,0.245,-1.959,0.745,-4.521,3.036,1.496,[2.482 4.516],[0.016 0.018]
3.3,63.75,2,0.5,3.343,63.588,0.238,-2.055,0.715,-6.4,2.994,1.487,[2.446 6.422],[0.03  0.099]
3.3,67.5,0,0.56,3.346,67.305,0.227,-1.83,0.702,-7.362,3.087,1.291,[2.297 7.375],[0.039 0.057]
3.3,67.5,1,0.39,3.357,67.27,0.231,-1.786,0.716,-5.778,3.096,1.297,[2.351 5.943],[0.003 0.445]
3.3,67.5,2,0.56,3.376,67.294,0.234,-1.75,0.729,-6.346,3.114,1.303,[2.372 6.348],[0.004 0.034]
3.3,71.25,0,0.56,3.334,70.973,0.227,-1.507,0.716,-7.014,3.152,1.087,[2.312 6.996],[0.037 0.049]
3.3,71.25,1,0.0,3.327,70.982,0.192,-1.838,0.602,-8.548,3.145,1.084,[1.97  8.546],[0.019 0.04 ]
3.3,71.25,2,0.56,3.357,71.122,0.23,-1.467,0.731,-7.984,3.176,1.086,[2.345 7.961],[0.002 0.13 ]
3.3,75.0,0,0.28,3.384,75.031,0.261,-0.985,0.855,-4.063,3.269,0.874,[2.654 4.066],[0.023 0.018]
3.3,75.0,1,0.39,3.405,75.25,0.287,-0.879,0.945,-2.957,3.293,0.867,[2.907 2.951],[0.005 0.037]
3.3,75.0,2,0.67,3.365,74.997,0.273,-0.941,0.89,-4.019,3.25,0.871,[2.779 4.115],[0.002 0.209]
3.3,78.75,0,0.0,nan,nan,nan,nan,nan,nan,nan,nan,[1.713 7.114],[0.003 0.034]
3.3,78.75,1,0.67,3.355,78.69,0.264,-0.73,0.868,-4.848,3.29,0.658,[2.701 4.842],[0.01  0.018]
3.3,78.75,2,0.89,3.334,78.599,0.232,-0.86,0.758,-8.009,3.268,0.659,[2.374 8.002],[0.002 0.037]
3.3,82.5,0,0.94,3.32,82.348,0.231,-0.576,0.76,-7.905,3.29,0.442,[2.339 7.894],[0.002 0.084]
3.3,82.5,1,0.56,3.394,82.55,0.279,-0.445,0.94,-3.589,3.365,0.44,[2.832 3.585],[0.006 0.06 ]
3.3,82.5,2,0.94,3.334,82.417,0.24,-0.547,0.792,-7.238,3.305,0.44,[2.455 7.22 ],[0.003 0.065]
3.3,86.25,0,0.0,3.237,85.926,0.187,-0.4,0.603,-4.666,3.229,0.23,[1.892 4.731],[0.047 0.048]
3.3,86.25,1,0.89,3.308,86.17,0.221,-0.301,0.731,-9.449,3.301,0.221,[2.257 9.491],[0.003 0.192]
3.3,86.25,2,0.94,3.33,86.195,0.235,-0.281,0.78,-7.782,3.323,0.221,[2.399 7.774],[0.006 0.042]
3.3,90.0,0,0.72,3.328,89.983,0.214,-0.001,0.71,-9.624,3.328,0.001,[2.181 9.505],[0.003 0.249]
3.3,90.0,1,0.89,3.358,89.983,0.272,0.001,0.914,-4.711,3.358,0.001,[2.752 4.722],[0.016 0.039]
3.3,90.0,2,0.22,3.44,89.967,0.284,0.004,0.977,-3.357,3.44,0.002,[2.836 3.377],[0.049 0.025]
3.4,30.0,0,0.0,nan,nan,nan,nan,nan,nan,nan,nan,[1.879 4.137],[0.081 0.018]
3.4,30.0,1,0.06,3.44,28.987,0.221,-8.173,0.367,-5.18,1.667,3.009,[2.214 5.166],[0.04  0.018]
3.4,30.0,2,0.11,3.413,29.254,0.222,-8.062,0.369,-4.849,1.668,2.978,[2.261 5.393],[0.015 0.404]
3.4,33.75,0,0.0,nan,nan,nan,nan,nan,nan,nan,nan,[1.917 5.089],[0.002 0.028]
3.4,33.75,1,0.0,nan,nan,nan,nan,nan,nan,nan,nan,[2.167 1.872],[0.041 0.012]
3.4,33.75,2,0.0,nan,nan,nan,nan,nan,nan,nan,nan,[2.007 2.19 ],[0.01  0.131]
3.4,37.5,0,0.0,nan,nan,nan,nan,nan,nan,nan,nan,[1.739 8.387],[0.001 0.411]
3.4,37.5,1,0.72,3.46,37.284,0.217,-6.025,0.455,-6.566,2.096,2.753,[2.209 6.562],[0.004 0.349]
3.4,37.5,2,0.89,3.441,37.123,0.204,-6.527,0.421,-9.055,2.077,2.744,[2.082 9.049],[0.001 0.024]
3.4,41.25,0,0.0,nan,nan,nan,nan,nan,nan,nan,nan,[1.795 6.512],[0.006 0.235]
3.4,41.25,1,0.61,3.414,40.558,0.23,-5.062,0.511,-5.788,2.22,2.594,[2.34 5.77],[0.    0.064]
3.4,41.25,2,0.67,3.226,40.31,0.19,-5.627,0.415,-9.255,2.087,2.46,[2.064 9.282],[0.001 0.265]
3.4,45.0,0,0.61,3.451,44.73,0.219,-4.595,0.531,-6.348,2.429,2.452,[2.223 6.346],[0.006 0.032]
3.4,45.0,1,0.44,3.446,44.694,0.232,-4.318,0.563,-6.071,2.424,2.45,[2.397 6.075],[0.037 0.031]
3.4,45.0,2,0.5,3.454,44.848,0.228,-4.359,0.558,-5.459,2.436,2.449,[2.338 5.45 ],[0.033 0.047]
3.4,48.75,0,0.83,3.438,48.207,0.214,-4.199,0.547,-7.53,2.563,2.291,[2.189 7.516],[0.026 0.072]
3.4,48.75,1,0.72,3.439,48.253,0.212,-4.242,0.542,-7.923,2.566,2.29,[2.175 7.92 ],[0.009 0.051]
3.4,48.75,2,0.67,3.437,48.314,0.229,-3.854,0.589,-6.408,2.567,2.286,[2.354 6.401],[0.032 0.02 ]
3.4,52.5,0,0.78,3.232,51.722,0.202,-3.493,0.542,-8.103,2.537,2.002,[2.178 8.238],[0.031 0.266]
3.4,52.5,1,0.83,3.245,52.148,0.225,-3.003,0.616,-5.021,2.562,1.991,[2.434 5.015],[0.02  0.016]
3.4,52.5,2,0.89,3.223,52.145,0.207,-3.293,0.562,-7.444,2.545,1.978,[2.267 7.448],[0.001 0.076]
3.4,56.25,0,0.67,3.477,56.438,0.264,-2.416,0.773,-3.029,2.897,1.922,[2.679 3.009],[0.002 0.137]
3.4,56.25,1,0.78,3.432,55.842,0.218,-3.109,0.619,-7.662,2.84,1.927,[2.224 7.644],[0.003 0.049]
3.4,56.25,2,0.0,nan,nan,nan,nan,nan,nan,nan,nan,[1.992 6.787],[0.    0.044]
3.4,60.0,0,0.89,3.448,59.828,0.227,-2.537,0.679,-6.975,2.981,1.733,[2.317 6.986],[0.005 0.147]
3.4,60.0,1,0.72,3.434,59.649,0.227,-2.562,0.673,-6.354,2.963,1.735,[2.317 6.347],[0.013 0.021]
3.4,60.0,2,0.72,3.458,59.98,0.242,-2.342,0.728,-4.891,2.994,1.73,[2.473 4.92 ],[0.02  0.251]
3.4,63.75,0,0.06,3.446,63.457,0.247,-1.969,0.766,-3.478,3.083,1.54,[2.512 3.469],[0.023 0.042]
3.4,63.75,1,0.67,3.459,63.694,0.26,-1.842,0.809,-3.576,3.101,1.533,[2.631 3.507],[0.    0.242]
3.4,63.75,2,0.56,3.44,63.279,0.237,-2.082,0.73,-6.513,3.073,1.547,[2.432 6.53 ],[0.027 0.033]
3.4,67.5,0,0.83,3.43,67.097,0.22,-1.922,0.694,-8.42,3.16,1.335,[2.251 8.428],[0.014 0.065]
3.4,67.5,1,0.83,3.445,67.238,0.223,-1.874,0.708,-7.949,3.177,1.333,[2.292 7.952],[0.039 0.006]
3.4,67.5,2,0.67,3.448,67.273,0.241,-1.698,0.769,-5.77,3.18,1.332,[2.451 5.745],[0.011 0.061]
3.4,71.25,0,0.0,3.34,70.534,0.217,-1.638,0.684,-3.324,3.149,1.113,[2.252 3.324],[0.028 0.041]
3.4,71.25,1,0.72,3.49,71.435,0.272,-1.187,0.904,-3.485,3.308,1.111,[2.792 3.481],[0.037 0.027]
3.4,71.25,2,0.78,3.467,71.225,0.248,-1.336,0.816,-5.984,3.283,1.116,[2.524 5.981],[0.028 0.014]
3.4,75.0,0,0.89,3.479,75.077,0.262,-0.983,0.883,-4.973,3.362,0.896,[2.685 4.961],[0.028 0.047]
3.4,75.0,1,0.56,3.07,74.624,0.225,-0.96,0.74,-6.368,2.96,0.814,[2.572 6.426],[0.057 0.102]
3.4,75.0,2,0.83,3.466,74.965,0.266,-0.968,0.893,-4.306,3.347,0.899,[2.691 4.299],[0.009 0.032]
3.4,78.75,0,0.0,3.325,78.744,0.198,-0.979,0.647,-7.638,3.261,0.649,[2.066 7.626],[0.    0.016]
3.4,78.75,1,0.83,3.172,78.47,0.208,-0.85,0.693,-8.634,3.108,0.634,[2.275 8.628],[0.045 0.31 ]
3.4,78.75,2,0.89,3.469,78.745,0.26,-0.739,0.887,-4.98,3.402,0.677,[2.658 4.983],[0.004 0.152]
3.4,82.5,0,0.0,3.342,82.243,0.194,-0.715,0.643,-3.568,3.311,0.451,[1.98  3.557],[0.012 0.036]
3.4,82.5,1,0.83,3.438,82.462,0.221,-0.599,0.753,-8.746,3.408,0.451,[2.262 8.746],[0.025 0.001]
3.4,82.5,2,0.0,nan,nan,nan,nan,nan,nan,nan,nan,[2.581 3.901],[0.018 0.05 ]
3.4,86.25,0,0.78,3.436,86.178,0.215,-0.312,0.735,-9.393,3.428,0.229,[2.194 9.398],[0.01  0.047]
3.4,86.25,1,0.5,3.428,86.22,0.217,-0.305,0.743,-8.848,3.421,0.226,[2.203 8.832],[0.001 0.636]
3.4,86.25,2,0.78,3.42,86.177,0.23,-0.287,0.785,-8.432,3.412,0.228,[2.365 8.502],[0.003 0.167]
3.4,90.0,0,0.44,3.501,89.984,0.263,0.001,0.921,-5.431,3.501,0.001,[2.675 5.376],[0.028 0.165]
3.4,90.0,1,0.78,3.169,90.0,0.241,-0.001,0.818,-6.462,3.169,-0.0,[2.635 6.502],[0.068 0.104]
3.4,90.0,2,0.89,3.472,90.017,0.237,0.0,0.824,-7.114,3.472,-0.001,[2.432 7.117],[0.01  0.022]
3.5,30.0,0,0.0,nan,nan,nan,nan,nan,nan,nan,nan,[1.961 3.291],[0.066 0.196]
3.5,30.0,1,0.0,3.537,29.355,0.216,-8.294,0.371,-5.647,1.734,3.083,[2.154 5.666],[0.034 0.043]
3.5,30.0,2,0.0,nan,nan,nan,nan,nan,nan,nan,nan,[1.611 9.656],[0.049 0.075]
3.5,33.75,0,0.39,3.546,33.511,0.222,-6.787,0.435,-5.89,1.958,2.957,[2.269 5.886],[0.005 0.049]
3.5,33.75,1,0.33,3.557,34.056,0.222,-6.587,0.444,-5.511,1.992,2.947,[2.271 5.709],[0.004 0.439]
3.5,33.75,2,0.61,3.527,33.001,0.216,-7.196,0.412,-7.354,1.921,2.958,[2.198 7.353],[0.016 0.007]
3.5,37.5,0,0.56,3.543,36.818,0.216,-6.225,0.456,-7.13,2.123,2.836,[2.214 7.13 ],[0.046 0.024]
3.5,37.5,1,0.61,3.281,36.835,0.196,-5.931,0.412,-7.567,1.967,2.626,[2.177 7.573],[0.002 0.026]
3.5,37.5,2,0.17,3.504,36.131,0.225,-6.277,0.454,-8.421,2.066,2.83,[2.294 8.407],[0.006 0.029]
3.5,41.25,0,0.72,3.531,40.67,0.23,-5.02,0.531,-5.818,2.301,2.678,[2.34  5.807],[0.002 0.037]
3.5,41.25,1,0.61,3.568,41.284,0.226,-4.956,0.536,-5.808,2.354,2.681,[2.307 5.799],[0.022 0.045]
3.5,41.25,2,0.89,3.52,40.541,0.207,-5.73,0.469,-8.635,2.288,2.675,[2.115 8.637],[0.001 0.052]
3.5,45.0,0,0.5,3.568,45.023,0.242,-4.011,0.619,-3.664,2.524,2.522,[2.46  3.839],[0.018 0.5  ]
3.5,45.0,1,0.0,nan,nan,nan,nan,nan,nan,nan,nan,[1.493 6.686],[0.045 0.042]
3.5,45.0,2,0.83,3.538,44.668,0.216,-4.699,0.536,-7.385,2.487,2.516,[2.217 7.419],[0.01  0.099]
3.5,48.75,0,0.28,3.543,48.478,0.223,-3.954,0.592,-6.105,2.653,2.349,[2.277 6.232],[0.004 0.709]
3.5,48.75,1,0.89,3.542,48.307,0.216,-4.126,0.57,-7.498,2.645,2.356,[2.209 7.579],[0.    0.147]
3.5,48.75,2,0.78,3.544,48.317,0.242,-3.592,0.647,-4.625,2.647,2.357,[2.475 4.701],[0.004 0.168]
3.5,52.5,0,0.94,3.531,51.959,0.209,-3.777,0.579,-8.56,2.781,2.176,[2.145 8.558],[0.01  0.046]
3.5,52.5,1,0.89,3.539,52.094,0.228,-3.381,0.639,-6.616,2.792,2.174,[2.327 6.624],[0.025 0.049]
3.5,52.5,2,0.78,3.548,52.294,0.229,-3.345,0.645,-6.373,2.807,2.17,[2.352 6.404],[0.023 0.049]
3.5,56.25,0,0.0,nan,nan,nan,nan,nan,nan,nan,nan,[1.762 6.902],[0.001 0.085]
3.5,56.25,1,0.56,3.548,55.983,0.24,-2.754,0.71,-4.763,2.941,1.985,[2.456 4.774],[0.006 0.037]
3.5,56.25,2,0.67,3.562,56.011,0.243,-2.68,0.725,-4.547,2.953,1.991,[2.491 4.493],[0.01  0.222]
3.5,60.0,0,0.83,3.515,59.458,0.218,-2.709,0.66,-8.158,3.027,1.786,[2.23  8.154],[0.02  0.047]
3.5,60.0,1,0.89,3.542,59.663,0.225,-2.597,0.686,-7.052,3.057,1.789,[2.296 6.972],[0.013 0.563]
3.5,60.0,2,0.89,3.344,59.824,0.22,-2.329,0.676,-6.329,2.891,1.681,[2.375 6.323],[0.001 0.034]
3.5,63.75,0,0.94,3.545,63.623,0.227,-2.169,0.722,-7.244,3.176,1.575,[2.322 7.248],[0.008 0.046]
3.5,63.75,1,0.78,3.523,63.355,0.215,-2.342,0.677,-8.636,3.149,1.58,[2.201 8.639],[0.014 0.036]
3.5,63.75,2,0.67,3.956,58.351,0.214,-1.964,0.837,-6.611,3.368,2.076,[2.347 6.61 ],[0.002 0.03 ]
3.5,67.5,0,0.72,3.515,67.045,0.227,-1.85,0.736,-8.004,3.237,1.371,[2.32  8.022],[0.028 0.037]
3.5,67.5,1,0.72,3.556,67.495,0.259,-1.553,0.855,-4.82,3.285,1.361,[2.654 4.818],[0.013 0.038]
3.5,67.5,2,0.72,3.527,67.158,0.225,-1.867,0.73,-7.787,3.25,1.369,[2.26  7.801],[0.046 0.03 ]
3.5,71.25,0,0.89,3.536,71.053,0.243,-1.386,0.815,-6.456,3.344,1.148,[2.474 6.425],[0.002 0.105]
3.5,71.25,1,0.0,3.534,71.011,0.247,-1.367,0.827,-3.866,3.342,1.15,[2.514 3.864],[0.004 0.023]
3.5,71.25,2,0.11,3.565,71.23,0.251,-1.315,0.85,-4.597,3.375,1.147,[2.548 4.611],[0.001 0.041]
3.5,75.0,0,0.0,3.43,74.387,0.138,-2.23,0.456,-5.811,3.303,0.923,[1.562 5.886],[0.385 0.566]
3.5,75.0,1,0.0,3.563,74.868,0.224,-1.201,0.771,-5.707,3.439,0.93,[2.301 5.707],[0.027 0.046]
3.5,75.0,2,0.78,3.551,74.935,0.256,-1.024,0.878,-5.509,3.429,0.923,[2.59  5.514],[0.033 0.03 ]
3.5,78.75,0,0.83,3.556,78.665,0.235,-0.841,0.819,-7.283,3.487,0.699,[2.393 7.282],[0.039 0.018]
3.5,78.75,1,0.72,3.567,78.7,0.24,-0.814,0.842,-6.518,3.498,0.699,[2.454 6.521],[0.004 0.039]
3.5,78.75,2,0.94,3.571,78.762,0.265,-0.723,0.929,-4.965,3.503,0.696,[2.694 4.96 ],[0.01 0.05]
3.5,82.5,0,0.72,3.5,82.333,0.215,-0.63,0.746,-9.145,3.469,0.467,[2.187 9.121],[0.048 0.066]
3.5,82.5,1,0.78,3.554,82.449,0.266,-0.48,0.937,-5.327,3.523,0.467,[2.714 5.467],[0.005 0.462]
3.5,82.5,2,0.94,3.559,82.492,0.292,-0.428,1.032,-3.162,3.528,0.465,[2.955 3.174],[0.001 0.037]
3.5,86.25,0,0.89,3.557,86.228,0.247,-0.261,0.877,-6.832,3.549,0.234,[2.526 6.832],[0.009 0.015]
3.5,86.25,1,1.0,3.559,86.23,0.257,-0.248,0.913,-6.355,3.551,0.234,[2.623 6.369],[0.005 0.11 ]
3.5,86.25,2,0.22,2.595,86.155,0.195,-0.192,0.672,-5.446,2.589,0.174,[2.613 5.438],[0.006 0.037]
3.5,90.0,0,0.56,3.589,90.0,0.308,0.001,1.107,-2.448,3.589,0.0,[3.107 2.448],[0.012 0.021]
3.5,90.0,1,0.94,3.543,89.968,0.222,-0.002,0.786,-8.756,3.543,0.002,[2.28 8.75],[0.01 0.04]
3.5,90.0,2,0.67,3.565,90.016,0.267,-0.0,0.952,-5.505,3.565,-0.001,[2.723 5.567],[0.014 0.702]
