vel_IC,phi_IC,trial_num,vx,vz,mu_0,sigma_0,RREV_threshold,RREV_sig,My_d,My_d_sig,landing_rate_4_leg,landing_rate_2_leg,RREV_flip_mean,RREV_flip_std,OF_y_flip_mean,OF_y_flip_std,flip_height_mean,flip_height_std,flip_vz_mean,flip_vz_std,impact_force_x_mean,impact_force_x_std,impact_force_z_mean,impact_force_z_std,impact_vx_mean,impact_vx_std,impact_vz_mean,impact_vz_std,impact_eul_mean,impact_eul_std,t_delta_mean,t_delta_std
1.0,22.4,3,0.92,0.38,[2.78 6.1 ],[2. 2.],6.81,0.0,5.67,2.03,0.0,0.0,,,,,,,,,,,,,,,,,,,,
1.0,22.4,4,0.92,0.38,[2.97 7.58],[2. 2.],6.21,0.0,7.57,0.09,0.0,0.0,,,,,,,,,,,,,,,,,,,,
1.0,22.4,5,0.92,0.38,[4.01 5.89],[2. 2.],6.45,0.0,4.14,0.09,0.0,0.0,,,,,,,,,,,,,,,,,,,,
1.0,22.4,6,0.92,0.38,[5.23 6.69],[2. 2.],6.75,0.01,3.85,0.49,0.0,0.0,,,,,,,,,,,,,,,,,,,,
1.0,22.4,7,0.92,0.38,[5.31 4.37],[2. 2.],6.46,0.0,5.43,0.01,0.0,0.0,,,,,,,,,,,,,,,,,,,,
1.0,29.9,3,0.87,0.5,[3.67 4.11],[2. 2.],6.74,0.0,6.59,0.0,0.0,0.0,,,,,,,,,,,,,,,,,,,,
1.0,29.9,4,0.87,0.5,[5.37 6.93],[2. 2.],6.8,0.0,6.58,0.01,0.0,0.0,,,,,,,,,,,,,,,,,,,,
1.0,29.9,5,0.87,0.5,[2.84 7.21],[2. 2.],6.45,0.0,6.31,0.01,0.0,0.0,,,,,,,,,,,,,,,,,,,,
1.0,29.9,6,0.87,0.5,[5.02 4.98],[2. 2.],6.54,0.0,6.83,0.3,0.0,0.0,,,,,,,,,,,,,,,,,,,,
1.0,29.9,7,0.87,0.5,[6.49 6.32],[2. 2.],6.75,0.01,4.9,0.0,0.0,0.0,,,,,,,,,,,,,,,,,,,,
1.0,37.7,3,0.79,0.61,[4.27 7.73],[2. 2.],6.95,0.0,0.94,0.03,0.0,0.0,,,,,,,,,,,,,,,,,,,,
1.0,37.7,4,0.79,0.61,[4.95 5.1 ],[2. 2.],6.59,0.0,8.94,0.02,0.0,0.0,,,,,,,,,,,,,,,,,,,,
1.0,37.7,5,0.79,0.61,[3.53 3.07],[2. 2.],6.9,0.01,3.09,0.0,0.0,0.0,,,,,,,,,,,,,,,,,,,,
1.0,37.7,6,0.79,0.61,[6.31 4.19],[2. 2.],6.96,0.01,5.5,1.08,0.0,0.0,,,,,,,,,,,,,,,,,,,,
1.0,37.7,7,0.79,0.61,[5.74 3.96],[2. 2.],6.96,0.01,1.6,0.08,0.0,0.0,,,,,,,,,,,,,,,,,,,,
1.0,45.0,0,0.71,0.71,[5.54 7.72],[2. 2.],6.98,0.0,7.66,0.0,0.0,0.0,,,,,,,,,,,,,,,,,,,,
1.0,45.0,1,0.71,0.71,[6.23 5.66],[2. 2.],6.73,0.0,7.9,0.01,0.0,0.0,,,,,,,,,,,,,,,,,,,,
1.0,45.0,2,0.71,0.71,[5.46 4.85],[2. 2.],6.86,0.0,6.99,1.84,0.0,0.0,,,,,,,,,,,,,,,,,,,,
1.0,45.0,3,0.71,0.71,[3.58 4.29],[2. 2.],6.94,0.0,2.88,0.61,0.0,0.0,,,,,,,,,,,,,,,,,,,,
1.0,45.0,4,0.71,0.71,[6.21 3.57],[2. 2.],7.0,0.0,3.93,0.56,0.0,0.0,,,,,,,,,,,,,,,,,,,,
1.0,45.0,5,0.71,0.71,[6.21 3.38],[2. 2.],6.99,0.0,1.91,0.01,0.0,0.0,,,,,,,,,,,,,,,,,,,,
1.0,45.0,6,0.71,0.71,[4.93 3.04],[2. 2.],6.91,0.0,2.58,0.09,0.0,0.0,,,,,,,,,,,,,,,,,,,,
1.0,45.0,7,0.71,0.71,[3.06 4.19],[2. 2.],6.97,0.0,4.92,0.11,0.0,0.0,,,,,,,,,,,,,,,,,,,,
1.0,52.3,3,0.61,0.79,[4.76 3.26],[2. 2.],6.84,0.0,4.06,0.03,0.0,0.0,,,,,,,,,,,,,,,,,,,,
1.0,52.3,4,0.61,0.79,[3.67 7.15],[2. 2.],4.67,0.0,6.92,0.02,0.0,0.0,,,,,,,,,,,,,,,,,,,,
1.0,52.3,5,0.61,0.79,[3.55 6.71],[2. 2.],6.96,0.01,9.54,0.09,0.0,0.0,,,,,,,,,,,,,,,,,,,,
1.0,52.3,6,0.61,0.79,[2.95 7.84],[2. 2.],6.96,0.0,7.73,0.01,0.0,0.0,,,,,,,,,,,,,,,,,,,,
1.0,52.3,7,0.61,0.79,[2.5  7.37],[2. 2.],6.96,0.04,7.41,0.18,0.0,0.0,,,,,,,,,,,,,,,,,,,,
1.0,60.1,0,0.5,0.87,[2.63 4.7 ],[2. 2.],6.97,0.01,3.7,0.0,0.0,0.0,,,,,,,,,,,,,,,,,,,,
1.0,60.1,1,0.5,0.87,[4.33 4.94],[2. 2.],6.86,0.04,6.16,0.01,0.0,0.0,,,,,,,,,,,,,,,,,,,,
1.0,60.1,2,0.5,0.87,[5.06 4.73],[2. 2.],6.95,0.0,5.88,0.04,0.0,0.0,,,,,,,,,,,,,,,,,,,,
1.0,60.1,3,0.5,0.87,[3.97 4.71],[2. 2.],4.53,0.0,8.01,0.02,0.0,0.5,,,,,,,,,,,,,,,,,,,,
1.0,60.1,4,0.5,0.87,[4.68 3.88],[2. 2.],6.92,0.01,2.86,0.03,0.0,0.0,,,,,,,,,,,,,,,,,,,,
1.0,60.1,5,0.5,0.87,[2.84 7.58],[2. 2.],4.36,0.0,8.13,0.05,0.0,0.4375,,,,,,,,,,,,,,,,,,,,
1.0,60.1,6,0.5,0.87,[3.94 6.55],[2. 2.],6.94,0.01,5.79,0.0,0.0,0.0,,,,,,,,,,,,,,,,,,,,
1.0,60.1,7,0.5,0.87,[2.75 4.2 ],[2. 2.],6.95,0.0,3.46,0.04,0.0,0.0,,,,,,,,,,,,,,,,,,,,
1.0,67.6,3,0.38,0.92,[5.58 6.15],[2. 2.],6.89,0.0,5.47,0.47,0.0,0.0,,,,,,,,,,,,,,,,,,,,
1.0,67.6,4,0.38,0.92,[4.52 4.24],[2. 2.],4.47,0.02,9.23,0.3,0.0,0.5417,,,,,,,,,,,,,,,,,,,,
1.0,67.6,5,0.38,0.92,[5.67 4.82],[2. 2.],6.93,0.01,3.05,0.02,0.0,0.0,,,,,,,,,,,,,,,,,,,,
1.0,67.6,6,0.38,0.92,[5.47 7.68],[2. 2.],4.45,0.0,8.73,0.07,0.0,0.6458,,,,,,,,,,,,,,,,,,,,
1.0,67.6,7,0.38,0.92,[3.7  7.37],[2. 2.],6.91,0.0,9.26,0.05,0.0,0.0,,,,,,,,,,,,,,,,,,,,
1.0,75.0,0,0.26,0.97,[5.12 6.55],[2. 2.],6.91,0.0,6.7,0.0,0.0,0.0,,,,,,,,,,,,,,,,,,,,
1.0,75.0,1,0.26,0.97,[3.21 5.64],[2. 2.],6.85,0.0,3.89,0.03,0.0,0.0,,,,,,,,,,,,,,,,,,,,
1.0,75.0,2,0.26,0.97,[6.23 4.49],[2. 2.],6.89,0.0,2.58,0.05,0.0,0.0,,,,,,,,,,,,,,,,,,,,
1.0,75.0,3,0.26,0.97,[3.81 6.53],[2. 2.],6.91,0.0,5.96,0.01,0.0,0.0,,,,,,,,,,,,,,,,,,,,
1.0,75.0,4,0.26,0.97,[4.31 4.92],[2. 2.],6.98,0.01,4.52,0.0,0.0,0.0,,,,,,,,,,,,,,,,,,,,
1.0,75.0,5,0.26,0.97,[5.74 6.39],[2. 2.],4.59,0.01,8.3,0.01,0.0,0.9375,,,,,,,,,,,,,,,,,,,,
1.0,75.0,6,0.26,0.97,[4.8  5.78],[2. 2.],4.74,0.01,7.29,0.12,0.0,0.5,,,,,,,,,,,,,,,,,,,,
1.0,75.0,7,0.26,0.97,[6.01 3.87],[2. 2.],4.46,0.03,8.45,0.0,0.0,0.5625,,,,,,,,,,,,,,,,,,,,
1.0,82.5,3,0.13,0.99,[5.53 7.64],[2. 2.],4.63,0.0,7.72,0.14,0.0,0.5625,,,,,,,,,,,,,,,,,,,,
1.0,82.5,4,0.13,0.99,[3.31 6.36],[2. 2.],6.95,0.0,5.02,0.55,0.0,0.0,,,,,,,,,,,,,,,,,,,,
1.0,82.5,5,0.13,0.99,[2.73 7.86],[2. 2.],4.47,0.0,9.0,0.01,0.0,0.5833,,,,,,,,,,,,,,,,,,,,
1.0,82.5,6,0.13,0.99,[4.61 3.43],[2. 2.],4.69,0.02,7.66,0.0,0.0,0.7083,,,,,,,,,,,,,,,,,,,,
1.0,82.5,7,0.13,0.99,[3.2 5.3],[2. 2.],6.88,0.0,5.06,0.01,0.0,0.0,,,,,,,,,,,,,,,,,,,,
1.0,90.0,1,0.0,1.0,[2.75 6.7 ],[2. 2.],6.96,0.0,6.13,0.72,0.0,0.0,,,,,,,,,,,,,,,,,,,,
1.0,90.0,2,0.0,1.0,[2.67 7.03],[2. 2.],6.85,0.0,8.27,0.0,0.0,0.0,,,,,,,,,,,,,,,,,,,,
1.0,90.0,3,0.0,1.0,[4.53 7.78],[2. 2.],6.99,0.0,6.62,0.05,0.0,0.0,,,,,,,,,,,,,,,,,,,,
1.0,90.0,4,0.0,1.0,[4.2 7. ],[2. 2.],6.91,0.0,3.91,0.04,0.0,0.0,,,,,,,,,,,,,,,,,,,,
1.0,90.0,5,0.0,1.0,[5.43 7.42],[2. 2.],4.51,0.04,8.8,0.06,0.0,0.7917,,,,,,,,,,,,,,,,,,,,
1.0,90.0,6,0.0,1.0,[5.78 4.46],[2. 2.],6.79,0.01,4.0,0.04,0.0,0.0,,,,,,,,,,,,,,,,,,,,
1.0,90.0,7,0.0,1.0,[5.04 5.28],[2. 2.],6.94,0.0,2.54,0.0,0.0,0.0,,,,,,,,,,,,,,,,,,,,
1.2,45.0,0,0.85,0.85,[5.67 5.65],[2. 2.],4.24,0.0,9.89,0.0,0.2708,0.625,4.3099,0.0451,-4.2468,0.0408,1.9016,0.0022,0.844,0.0,1.0535,0.2024,0.8891,1.6948,0.4086,0.0747,0.3364,0.0762,86.1393,12.2045,0.156,0.0083
1.2,45.0,2,0.85,0.85,[5.89 3.66],[2. 2.],6.98,0.0,3.37,0.01,0.0,0.0,,,,,,,,,,,,,,,,,,,,
1.2,60.0,0,0.6,1.04,[6.17 7.22],[2. 2.],4.78,0.0,8.0,0.05,0.0,0.6875,,,,,,,,,,,,,,,,,,,,
1.2,60.0,1,0.6,1.04,[4.94 6.91],[2. 2.],4.72,0.0,7.93,0.03,0.0,0.875,,,,,,,,,,,,,,,,,,,,
1.2,60.0,2,0.6,1.04,[2.8  4.49],[2. 2.],5.31,0.03,4.97,0.08,0.0,0.0,,,,,,,,,,,,,,,,,,,,
1.2,75.0,0,0.31,1.16,[3.68 4.6 ],[2. 2.],4.82,0.0,7.53,0.09,0.0,0.7917,,,,,,,,,,,,,,,,,,,,
1.2,75.0,1,0.31,1.16,[3.66 5.37],[2. 2.],5.1,0.0,6.1,0.0,0.0,0.2083,,,,,,,,,,,,,,,,,,,,
1.2,75.0,2,0.31,1.16,[3.19 5.82],[2. 2.],4.64,0.0,8.03,0.07,0.0,0.7292,,,,,,,,,,,,,,,,,,,,
1.2,90.0,0,0.0,1.2,[3.23 3.8 ],[2. 2.],6.97,0.0,8.9,0.0,0.0,0.0,,,,,,,,,,,,,,,,,,,,
1.2,90.0,1,0.0,1.2,[4.66 6.66],[2. 2.],4.95,0.0,7.27,0.0,0.0,0.9375,,,,,,,,,,,,,,,,,,,,
1.2,90.0,2,0.0,1.2,[5.07 4.49],[2. 2.],6.95,0.05,3.57,0.0,0.0,0.0,,,,,,,,,,,,,,,,,,,,
1.5,22.3,3,1.39,0.57,[4.59 5.01],[2. 2.],6.8,0.0,5.27,0.02,0.0,0.0,,,,,,,,,,,,,,,,,,,,
1.5,22.3,4,1.39,0.57,[5.07 4.25],[2. 2.],6.7,0.0,3.29,0.0,0.0,0.0,,,,,,,,,,,,,,,,,,,,
1.5,22.3,5,1.39,0.57,[5.52 3.71],[2. 2.],6.96,0.01,4.86,0.22,0.0,0.0,,,,,,,,,,,,,,,,,,,,
1.5,22.3,6,1.39,0.57,[4.39 7.37],[2. 2.],6.94,0.0,3.24,0.15,0.0,0.0,,,,,,,,,,,,,,,,,,,,
1.5,22.3,7,1.39,0.57,[5.73 4.75],[2. 2.],6.89,0.0,4.17,0.01,0.0,0.0,,,,,,,,,,,,,,,,,,,,
1.5,30.0,3,1.3,0.75,[3.74 4.01],[2. 2.],6.97,0.0,6.36,0.05,0.0,0.0,,,,,,,,,,,,,,,,,,,,
1.5,30.0,4,1.3,0.75,[3.01 7.17],[2. 2.],6.97,0.0,7.37,0.04,0.0,0.0,,,,,,,,,,,,,,,,,,,,
1.5,30.0,5,1.3,0.75,[4.91 4.07],[2. 2.],6.98,0.0,5.57,0.17,0.0,0.0,,,,,,,,,,,,,,,,,,,,
1.5,30.0,6,1.3,0.75,[5.64 6.97],[2. 2.],6.97,0.0,6.83,0.51,0.0,0.0,,,,,,,,,,,,,,,,,,,,
1.5,30.0,7,1.3,0.75,[2.76 6.37],[2. 2.],6.95,0.01,6.35,0.05,0.0,0.0,,,,,,,,,,,,,,,,,,,,
1.5,37.4,3,1.19,0.91,[3.04 7.21],[2. 2.],6.83,0.0,6.88,0.0,0.0,0.0,,,,,,,,,,,,,,,,,,,,
1.5,37.4,4,1.19,0.91,[5.18 4.76],[2. 2.],6.96,0.0,2.83,0.07,0.0,0.0,,,,,,,,,,,,,,,,,,,,
1.5,37.4,5,1.19,0.91,[2.79 4.86],[2. 2.],6.97,0.0,4.77,0.52,0.0,0.0,,,,,,,,,,,,,,,,,,,,
1.5,37.4,6,1.19,0.91,[3.74 7.01],[2. 2.],4.34,0.05,9.4,0.0,0.625,0.0,4.4498,0.041,-5.7473,0.0548,1.8913,0.0044,0.908,0.0,1.2341,0.2116,1.5034,0.5756,0.7405,0.077,0.3636,0.0699,96.1191,30.4993,0.171,0.0286
1.5,37.4,7,1.19,0.91,[6.47 6.96],[2. 2.],6.89,0.03,2.69,0.11,0.0,0.0,,,,,,,,,,,,,,,,,,,,
1.5,45.0,0,1.06,1.06,[6.19 7.29],[2. 2.],4.76,0.01,7.4,0.08,0.7083,0.0208,4.9045,0.0712,-4.8556,0.0722,1.8825,0.0031,1.056,0.0,0.8298,0.1237,1.0583,1.1938,0.6641,0.1138,0.3033,0.0813,90.7203,28.5117,0.1798,0.0332
1.5,45.0,1,1.06,1.06,[6.36 4.11],[2. 2.],4.58,0.01,7.98,0.0,0.5,0.0,4.761,0.0237,-4.7131,0.0224,1.876,0.0011,1.056,0.0,0.9862,0.0968,0.7097,0.2038,0.6246,0.0682,0.3287,0.0456,95.9785,22.7582,0.1805,0.0269
1.5,45.0,2,1.06,1.06,[5.7  5.84],[2. 2.],4.94,0.0,6.87,0.0,0.5625,0.0,4.9967,0.0369,-4.9465,0.0367,1.8865,0.0016,1.056,0.0,0.7554,0.0516,0.4724,0.1637,0.6606,0.1506,0.2089,0.0971,91.4164,25.0513,0.0752,0.5483
1.5,45.0,3,1.06,1.06,[4.44 4.46],[2. 2.],4.49,0.01,8.78,0.01,0.4792,0.0,4.6395,0.0334,-4.5903,0.0329,1.866,0.0016,1.056,0.0,1.0549,0.0681,0.9655,0.2317,0.5969,0.0166,0.415,0.0361,92.8075,3.4639,0.1681,0.0036
1.5,45.0,4,1.06,1.06,[2.87 3.14],[2. 2.],6.88,0.01,2.16,0.03,0.0,0.0,,,,,,,,,,,,,,,,,,,,
1.5,45.0,5,1.06,1.06,[6.17 3.79],[2. 2.],5.3,0.01,5.04,0.03,0.0,0.0,,,,,,,,,,,,,,,,,,,,
1.5,45.0,6,1.06,1.06,[5.78 4.  ],[2. 2.],6.99,0.0,2.7,0.05,0.0,0.0,,,,,,,,,,,,,,,,,,,,
1.5,45.0,7,1.06,1.06,[4.86 7.11],[2. 2.],6.73,0.0,7.26,0.01,0.0,0.0,,,,,,,,,,,,,,,,,,,,
1.5,52.6,3,0.91,1.19,[5.63 6.96],[2. 2.],5.69,0.0,7.81,0.0,0.0,0.0,,,,,,,,,,,,,,,,,,,,
1.5,52.6,4,0.91,1.19,[2.7  5.01],[2. 2.],5.05,0.02,6.86,0.09,0.4167,0.2292,5.1074,0.0359,-3.8673,0.0285,1.8602,0.0026,1.185,0.0,0.6771,0.1891,1.9122,2.4932,0.5895,0.044,0.4025,0.0894,77.0977,9.625,0.1723,0.0099
1.5,52.6,5,0.91,1.19,[4.2  4.87],[2. 2.],4.67,0.01,9.55,0.0,0.7083,0.2917,4.7447,0.0432,-3.5925,0.0323,1.8498,0.0033,1.185,0.0,1.2088,0.0829,0.8258,0.3657,0.4551,0.0308,0.6097,0.0522,91.7748,5.5392,0.1637,0.0041
1.5,52.6,6,0.91,1.19,[6.32 4.96],[2. 2.],6.96,0.0,2.06,0.0,0.0,0.0,,,,,,,,,,,,,,,,,,,,
1.5,52.6,7,0.91,1.19,[2.59 3.71],[2. 2.],5.42,0.0,4.82,0.03,0.0,0.0,,,,,,,,,,,,,,,,,,,,
1.5,60.0,0,0.75,1.3,[3.85 4.26],[2. 2.],4.96,0.01,9.75,0.02,0.125,0.8542,5.1677,0.0272,-2.9327,0.0235,1.8468,0.0013,1.294,0.0,0.3987,0.0508,20.8765,4.0272,0.4503,0.0352,0.9423,0.0329,61.3796,5.6914,0.1368,0.0036
1.5,60.0,1,0.75,1.3,[3.41 4.63],[2. 2.],4.98,0.02,9.25,0.17,0.1042,0.75,5.1978,0.0363,-2.9538,0.0255,1.8482,0.002,1.294,0.0,0.3526,0.0207,20.2132,5.1516,0.4738,0.0143,0.8982,0.0385,59.4588,2.8148,0.1382,0.0039
1.5,60.0,2,0.75,1.3,[2.8  3.09],[2. 2.],4.96,0.01,8.64,0.01,0.1458,0.7917,5.1879,0.0226,-2.9451,0.0114,1.8479,0.0012,1.294,0.0,0.3563,0.0489,16.8994,3.1633,0.4564,0.0233,0.8247,0.0435,63.7173,5.011,0.1449,0.0028
1.5,60.0,3,0.75,1.3,[6.05 7.2 ],[2. 2.],4.83,0.01,7.41,0.0,0.0,0.75,,,,,,,,,,,,,,,,,,,,
1.5,60.0,4,0.75,1.3,[6.31 7.37],[2. 2.],4.8,0.01,7.25,0.0,0.0,0.625,,,,,,,,,,,,,,,,,,,,
1.5,60.0,5,0.75,1.3,[5.73 3.46],[2. 2.],6.72,0.0,4.48,0.02,0.0,0.0,,,,,,,,,,,,,,,,,,,,
1.5,60.0,6,0.75,1.3,[4.97 4.94],[2. 2.],5.08,0.0,7.33,0.01,0.0833,0.6042,5.233,0.0209,-2.977,0.0112,1.8522,0.0011,1.294,0.0,0.291,0.0084,13.5082,1.4313,0.4962,0.0159,0.6875,0.0091,61.5295,1.4712,0.1532,0.002
1.5,60.0,7,0.75,1.3,[6.11 4.35],[2. 2.],6.49,0.0,5.93,0.04,0.0,0.0,,,,,,,,,,,,,,,,,,,,
1.5,67.7,3,0.57,1.39,[5.98 4.84],[2. 2.],6.95,0.0,2.81,0.15,0.0,0.0,,,,,,,,,,,,,,,,,,,,
1.5,67.7,4,0.57,1.39,[3.4  5.74],[2. 2.],6.92,0.0,2.08,0.0,0.0,0.0,,,,,,,,,,,,,,,,,,,,
1.5,67.7,5,0.57,1.39,[4.18 7.11],[2. 2.],4.8,0.0,9.12,0.05,0.0,1.0,,,,,,,,,,,,,,,,,,,,
1.5,67.7,6,0.57,1.39,[4.37 7.88],[2. 2.],4.82,0.0,7.07,0.07,0.0,0.5625,,,,,,,,,,,,,,,,,,,,
1.5,67.7,7,0.57,1.39,[4.58 4.47],[2. 2.],6.59,0.02,4.17,0.19,0.0,0.0,,,,,,,,,,,,,,,,,,,,
1.5,74.9,0,0.39,1.45,[5.51 3.04],[2. 2.],5.21,0.01,5.87,0.45,0.0,0.4792,,,,,,,,,,,,,,,,,,,,
1.5,74.9,1,0.39,1.45,[3.44 3.76],[2. 2.],4.91,0.01,8.02,0.02,0.0,0.9792,,,,,,,,,,,,,,,,,,,,
1.5,74.9,2,0.39,1.45,[4.18 3.75],[2. 2.],4.91,0.0,6.8,0.04,0.0,0.7292,,,,,,,,,,,,,,,,,,,,
1.5,74.9,3,0.39,1.45,[3.55 4.77],[2. 2.],6.94,0.0,2.55,1.3,0.0,0.0,,,,,,,,,,,,,,,,,,,,
1.5,74.9,4,0.39,1.45,[5.2  6.64],[2. 2.],4.86,0.01,8.06,0.02,0.0,1.0,,,,,,,,,,,,,,,,,,,,
1.5,74.9,5,0.39,1.45,[3.74 4.2 ],[2. 2.],6.88,0.01,1.64,0.02,0.0,0.0,,,,,,,,,,,,,,,,,,,,
1.5,74.9,6,0.39,1.45,[3.7  6.03],[2. 2.],4.92,0.0,6.71,0.01,0.0,0.75,,,,,,,,,,,,,,,,,,,,
1.5,74.9,7,0.39,1.45,[3.61 7.05],[2. 2.],5.0,0.0,5.97,0.04,0.0,0.6667,,,,,,,,,,,,,,,,,,,,
1.5,82.4,3,0.2,1.49,[5.59 7.53],[2. 2.],4.72,0.0,9.18,0.0,0.0,1.0,,,,,,,,,,,,,,,,,,,,
1.5,82.4,4,0.2,1.49,[2.64 3.3 ],[2. 2.],5.3,0.02,4.79,0.0,0.0,0.2292,,,,,,,,,,,,,,,,,,,,
1.5,82.4,5,0.2,1.49,[3.53 5.25],[2. 2.],4.69,0.06,9.74,0.01,0.0,1.0,,,,,,,,,,,,,,,,,,,,
1.5,82.4,6,0.2,1.49,[3.85 6.04],[2. 2.],6.84,0.02,5.43,0.07,0.0,0.0,,,,,,,,,,,,,,,,,,,,
1.5,82.4,7,0.2,1.49,[4.95 3.68],[2. 2.],5.7,0.0,3.31,0.0,0.0,0.0,,,,,,,,,,,,,,,,,,,,
1.5,90.0,0,0.0,1.5,[4.73 3.36],[2. 2.],6.94,0.0,2.57,0.04,0.0,0.0,,,,,,,,,,,,,,,,,,,,
1.5,90.0,1,0.0,1.5,[2.81 3.87],[2. 2.],4.88,0.14,7.76,0.23,0.0,0.7708,,,,,,,,,,,,,,,,,,,,
1.5,90.0,2,0.0,1.5,[5.36 5.2 ],[2. 2.],4.97,0.01,7.71,0.39,0.0,1.0,,,,,,,,,,,,,,,,,,,,
1.5,90.0,3,0.0,1.5,[4.85 7.61],[2. 2.],4.89,0.0,8.91,0.0,0.0,1.0,,,,,,,,,,,,,,,,,,,,
1.5,90.0,4,0.0,1.5,[6.24 4.43],[2. 2.],5.13,0.02,5.67,0.07,0.0,0.7917,,,,,,,,,,,,,,,,,,,,
1.5,90.0,5,0.0,1.5,[6.28 3.76],[2. 2.],6.94,0.01,2.5,0.09,0.0,0.0,,,,,,,,,,,,,,,,,,,,
1.5,90.0,6,0.0,1.5,[2.59 5.37],[2. 2.],4.68,0.0,8.54,0.01,0.0,0.75,,,,,,,,,,,,,,,,,,,,
1.5,90.0,7,0.0,1.5,[4.08 6.75],[2. 2.],4.67,0.0,9.19,0.0,0.0,1.0,,,,,,,,,,,,,,,,,,,,
1.8,45.0,0,1.27,1.27,[4.45 3.82],[2. 2.],4.74,0.0,9.66,0.01,1.0,0.0,4.8598,0.0779,-4.8195,0.077,1.8365,0.0042,1.268,0.0,1.3476,0.2421,2.454,0.7023,0.8383,0.0388,0.7344,0.0638,87.3982,8.7273,0.1594,0.0056
1.8,45.0,1,1.27,1.27,[4.25 6.62],[2. 2.],4.84,0.0,7.14,0.0,0.7917,0.0,4.9928,0.0507,-4.9514,0.052,1.8435,0.0027,1.268,0.0,1.2784,0.2177,1.6505,0.3648,0.8633,0.05,0.4017,0.0585,98.2706,22.1134,0.1882,0.0228
1.8,45.0,2,1.27,1.27,[5.78 4.27],[2. 2.],5.06,0.0,5.55,0.01,0.3958,0.0,5.2767,0.034,-5.2314,0.0365,1.8572,0.0015,1.268,0.0,1.5082,0.1561,1.6527,0.2786,0.8966,0.0937,0.2117,0.0581,95.9498,26.2637,0.2066,0.0298
1.8,60.0,0,0.9,1.56,[5.2  3.72],[2. 2.],5.01,0.0,6.48,0.16,0.4375,0.3542,5.0893,0.0606,-2.8998,0.036,1.7915,0.0036,1.554,0.0,0.8674,0.0737,0.5832,0.2953,0.4946,0.0678,0.5014,0.091,102.2707,17.8904,0.2012,0.0246
1.8,60.0,1,0.9,1.56,[5.61 7.01],[2. 2.],4.71,0.0,9.92,0.0,0.3333,0.6667,4.8788,0.0334,-2.7801,0.0194,1.7782,0.0021,1.554,0.0,1.5388,0.3859,2.2681,1.2469,0.3995,0.0306,0.9041,0.0685,108.4489,9.2592,0.1719,0.0053
1.8,60.0,2,0.9,1.56,[6.42 4.18],[2. 2.],5.31,0.0,4.48,0.0,0.2708,0.0417,5.4483,0.0639,-3.1052,0.0352,1.8115,0.0034,1.554,0.0,0.4946,0.044,0.3969,0.106,0.6057,0.0283,0.2586,0.0701,84.1659,6.8021,0.2147,0.007
1.8,74.9,0,0.47,1.74,[6.26 5.21],[2. 2.],4.83,0.0,7.56,0.08,0.0,1.0,,,,,,,,,,,,,,,,,,,,
1.8,74.9,1,0.47,1.74,[5.1  6.36],[2. 2.],4.82,0.01,9.64,0.01,0.2292,0.7708,4.9289,0.0382,-1.2852,0.0104,1.7448,0.0028,1.734,0.0,1.3924,0.2916,2.2507,0.8957,-0.0219,0.02,1.0009,0.0389,116.1713,4.4612,0.1804,0.0033
1.8,74.9,2,0.47,1.74,[3.47 7.88],[2. 2.],4.78,0.0,7.65,0.0,0.0417,0.9583,4.947,0.011,-1.2895,0.0015,1.746,0.001,1.734,0.0,1.244,0.047,0.4255,0.0345,0.0205,0.0135,0.7035,0.0115,123.0817,0.9746,0.1995,0.0025
1.8,90.0,0,0.0,1.8,[3.1 4.8],[2. 2.],6.98,0.01,1.28,0.37,0.0,0.0,,,,,,,,,,,,,,,,,,,,
1.8,90.0,1,0.0,1.8,[5.41 5.23],[2. 2.],4.75,0.02,8.38,0.01,0.0208,0.9792,4.926,0.0,0.036,0.0,1.732,0.0,1.795,0.0,0.618,0.0,0.47,0.0,-0.427,0.0,0.787,0.0,130.3539,0.0,0.201,0.0
1.8,90.0,2,0.0,1.8,[4.61 3.94],[2. 2.],4.7,0.03,9.54,0.11,0.125,0.875,4.893,0.0157,0.036,0.0,1.7295,0.0011,1.795,0.0,1.77,0.256,1.1528,0.2662,-0.5262,0.0348,0.8603,0.0458,148.5558,10.0634,0.2015,0.0044
2.0,22.6,3,1.85,0.77,[4.24 5.52],[2. 2.],6.17,0.03,7.16,0.15,0.0,0.0,,,,,,,,,,,,,,,,,,,,
2.0,22.6,4,1.85,0.77,[3.66 5.18],[2. 2.],6.94,0.0,3.37,0.26,0.0,0.0,,,,,,,,,,,,,,,,,,,,
2.0,22.6,5,1.85,0.77,[5.81 3.88],[2. 2.],6.87,0.0,5.47,0.0,0.0,0.0,,,,,,,,,,,,,,,,,,,,
2.0,22.6,6,1.85,0.77,[6.44 7.47],[2. 2.],6.95,0.0,4.38,0.0,0.0,0.0,,,,,,,,,,,,,,,,,,,,
2.0,22.6,7,1.85,0.77,[4.67 4.13],[2. 2.],6.93,0.01,3.47,0.04,0.0,0.0,,,,,,,,,,,,,,,,,,,,
2.0,30.0,3,1.73,1.0,[3.43 6.53],[2. 2.],4.71,0.06,7.58,0.0,0.5417,0.1042,4.8203,0.0534,-8.308,0.0927,1.8885,0.0023,0.995,0.0,2.767,0.2732,3.5167,0.2835,1.3583,0.0542,0.2694,0.0878,82.8136,10.9287,0.1699,0.0099
2.0,30.0,4,1.73,1.0,[5.4  3.95],[2. 2.],6.97,0.02,3.72,0.19,0.0,0.0,,,,,,,,,,,,,,,,,,,,
2.0,30.0,5,1.73,1.0,[2.78 6.1 ],[2. 2.],6.85,0.03,2.85,0.07,0.0,0.0,,,,,,,,,,,,,,,,,,,,
2.0,30.0,6,1.73,1.0,[4.45 7.19],[2. 2.],6.95,0.01,3.97,0.02,0.0,0.0,,,,,,,,,,,,,,,,,,,,
2.0,30.0,7,1.73,1.0,[3.52 6.66],[2. 2.],6.09,0.0,6.72,0.03,0.0,0.0,,,,,,,,,,,,,,,,,,,,
2.0,37.5,3,1.59,1.22,[4.24 7.14],[2. 2.],4.75,0.0,8.13,0.13,0.8125,0.0417,4.9007,0.0592,-6.3479,0.0789,1.8499,0.0059,1.213,0.0,2.3019,0.4515,3.1147,0.3488,1.1868,0.0312,0.5138,0.0681,87.2152,7.4338,0.1707,0.0058
2.0,37.5,4,1.59,1.22,[4.38 5.83],[2. 2.],4.76,0.0,8.12,0.0,0.9583,0.0,4.8851,0.0542,-6.3259,0.0716,1.8448,0.0045,1.213,0.0,2.3479,0.4342,3.0728,0.3981,1.1606,0.0392,0.487,0.0668,92.7871,13.6522,0.1729,0.0106
2.0,37.5,5,1.59,1.22,[2.94 7.97],[2. 2.],4.58,0.0,9.25,0.0,0.6042,0.0417,4.7374,0.0317,-6.1336,0.0412,1.8427,0.0042,1.213,0.0,2.9217,0.4663,3.23,0.3666,1.1172,0.0267,0.5747,0.0835,97.6901,13.5419,0.1697,0.0104
2.0,37.5,6,1.59,1.22,[4.74 3.29],[2. 2.],6.91,0.01,1.78,0.16,0.0,0.0,,,,,,,,,,,,,,,,,,,,
2.0,37.5,7,1.59,1.22,[3.62 6.68],[2. 2.],4.75,0.0,8.35,0.0,0.9792,0.0,4.9072,0.0599,-6.3551,0.0795,1.8523,0.0042,1.213,0.0,2.1449,0.5005,3.111,0.4316,1.1862,0.0354,0.5472,0.0624,86.1766,7.8228,0.1674,0.0052
2.0,45.0,3,1.41,1.41,[5.14 4.5 ],[2. 2.],4.96,0.0,6.87,0.04,0.875,0.0,5.1081,0.0804,-5.069,0.0805,1.8205,0.0067,1.4095,0.0005,1.7915,0.4343,2.5581,0.4537,1.0376,0.0438,0.5351,0.0904,91.656,19.7701,-22.0293,142.2438
2.0,45.0,4,1.41,1.41,[2.77 3.79],[2. 2.],5.1,0.0,5.35,0.33,0.4792,0.0,5.2724,0.0645,-5.2334,0.0653,1.8321,0.0043,1.4098,0.0004,1.7596,0.327,3.0686,2.9988,1.0763,0.067,0.3414,0.1535,88.9102,20.4384,0.1989,0.0227
2.0,45.0,5,1.41,1.41,[3.27 7.78],[2. 2.],4.76,0.0,8.71,0.01,0.875,0.125,4.9107,0.0537,-4.8719,0.054,1.8067,0.0067,1.4095,0.0005,2.124,0.7207,2.7573,0.5685,0.9564,0.036,0.7062,0.062,96.8819,7.9459,0.1728,0.0048
2.0,45.0,6,1.41,1.41,[3.25 5.23],[2. 2.],4.82,0.0,8.63,0.03,0.9375,0.0625,4.9581,0.0796,-4.9194,0.0805,1.8101,0.0047,1.4095,0.0005,1.8988,0.787,2.951,0.4815,0.9782,0.0321,0.7094,0.0989,95.7264,14.0776,0.1722,0.0106
2.0,45.0,7,1.41,1.41,[5.7  6.29],[2. 2.],4.89,0.01,7.98,0.12,0.9792,0.0208,4.9876,0.0676,-4.9499,0.0673,1.8168,0.0047,1.4096,0.0005,1.8015,0.4978,2.6907,0.5759,0.9969,0.0288,0.6461,0.0624,92.8978,7.2338,0.176,0.0054
2.0,52.5,3,1.22,1.59,[6.35 6.43],[2. 2.],5.15,0.0,5.32,0.01,0.9167,0.0,5.2962,0.0736,-4.0275,0.0556,1.7916,0.0042,1.582,0.0,1.0426,0.2871,1.995,1.2292,0.8928,0.0384,0.4493,0.0968,87.0959,10.1867,0.2004,0.0101
2.0,52.5,4,1.22,1.59,[5.71 4.04],[2. 2.],4.85,0.0,7.72,0.02,0.7917,0.1458,5.0027,0.0609,-3.8016,0.0474,1.7833,0.0043,1.582,0.0,1.4952,0.507,2.2563,0.7888,0.7782,0.0358,0.7289,0.0991,102.4353,14.8934,0.185,0.0113
2.0,52.5,5,1.22,1.59,[3.75 7.02],[2. 2.],4.78,0.0,9.36,0.05,0.7292,0.2708,4.929,0.0507,-3.7452,0.0388,1.7785,0.0039,1.582,0.0,2.0741,0.9616,3.0855,0.7816,0.7221,0.0311,0.8686,0.0756,107.7571,11.0562,0.1747,0.008
2.0,52.5,6,1.22,1.59,[4.29 4.08],[2. 2.],5.04,0.01,5.06,0.11,0.4583,0.0,5.2413,0.0384,-3.983,0.0322,1.7974,0.0039,1.582,0.0,1.2312,0.1865,1.4035,0.3235,0.8553,0.0478,0.3285,0.0775,98.7929,16.6185,0.2153,0.0194
2.0,52.5,7,1.22,1.59,[5.92 7.77],[2. 2.],4.92,0.01,8.75,0.01,0.9792,0.0208,5.0598,0.0771,-3.8453,0.0583,1.7769,0.006,1.582,0.0,1.453,0.4393,3.5656,1.213,0.7564,0.1163,0.8779,0.1507,96.0769,14.3297,0.1103,0.406
2.0,60.0,3,1.0,1.73,[3.48 7.83],[2. 2.],4.92,0.01,7.07,0.01,0.7292,0.2292,5.0284,0.0631,-2.8723,0.0531,1.7545,0.006,1.7269,0.0003,1.0737,0.2154,1.8254,1.0538,0.5883,0.0244,0.7661,0.0763,103.5552,9.3841,0.1917,0.0067
2.0,60.0,4,1.0,1.73,[2.96 7.62],[2. 2.],4.83,0.0,9.26,0.04,0.8542,0.1458,4.9818,0.06,-2.8421,0.0351,1.7486,0.0087,1.727,0.0,1.791,0.665,3.6967,1.3726,0.5241,0.0227,1.0168,0.0944,105.6578,11.2338,0.1763,0.0079
2.0,60.0,5,1.0,1.73,[5.58 5.97],[2. 2.],4.99,0.01,5.98,0.07,0.8125,0.0833,5.1292,0.0659,-2.926,0.0383,1.755,0.0057,1.727,0.0,0.8276,0.1119,1.5001,1.6984,0.6273,0.0305,0.6138,0.1011,97.7306,9.599,0.2022,0.0096
2.0,60.0,6,1.0,1.73,[2.55 6.38],[2. 2.],4.88,0.0,7.41,0.04,0.6875,0.3125,5.0365,0.0602,-2.8717,0.0353,1.7512,0.0059,1.727,0.0,1.1709,0.2813,2.4318,1.048,0.5679,0.0263,0.813,0.1002,103.6235,12.9126,0.1884,0.0094
2.0,60.0,7,1.0,1.73,[6.47 4.07],[2. 2.],4.82,0.0,8.32,0.0,0.7292,0.2708,4.997,0.0524,-2.8509,0.0297,1.7506,0.008,1.727,0.0,1.4185,0.4589,2.9036,1.3457,0.5495,0.0293,0.9079,0.073,106.3965,9.5191,0.1827,0.0054
2.0,67.4,3,0.77,1.85,[4.04 4.43],[2. 2.],4.83,0.01,8.53,0.19,0.6667,0.3333,4.9727,0.0548,-2.0258,0.0232,1.7288,0.0053,1.843,0.0,1.5822,0.4683,2.8902,1.0293,0.301,0.026,0.9927,0.0505,113.3694,7.2732,0.1865,0.005
2.0,67.4,4,0.77,1.85,[5.05 7.23],[2. 2.],4.87,0.13,6.67,0.02,0.2917,0.6458,4.9911,0.0295,-2.034,0.0129,1.7306,0.0022,1.843,0.0,1.0206,0.0662,0.7543,0.4406,0.3574,0.0232,0.7213,0.0513,112.969,4.6672,0.2052,0.0047
2.0,67.4,5,0.77,1.85,[4.52 7.53],[2. 2.],4.88,0.0,8.59,0.01,0.6458,0.3542,5.0023,0.0551,-2.0378,0.0235,1.7266,0.0064,1.843,0.0,1.4852,0.3317,3.2105,1.3189,0.2886,0.0616,0.993,0.2052,111.4368,14.1443,0.0963,0.4801
2.0,67.4,6,0.77,1.85,[5.15 3.98],[2. 2.],6.99,0.0,0.15,0.01,0.0,0.0,,,,,,,,,,,,,,,,,,,,
2.0,67.4,7,0.77,1.85,[4.46 7.91],[2. 2.],4.83,0.0,8.96,0.15,0.7708,0.2292,4.9854,0.0466,-2.0313,0.0189,1.7298,0.0053,1.843,0.0,1.5978,0.3947,3.2038,0.954,0.2767,0.0278,1.0843,0.0593,109.9376,8.2813,0.1811,0.005
2.0,74.9,0,0.52,1.93,[3.19 3.73],[2. 2.],4.8,0.0,8.52,0.06,0.2708,0.7292,4.9429,0.0382,-1.2917,0.0104,1.7062,0.003,1.927,0.0,1.5643,0.3849,2.7906,1.0686,0.0718,0.0196,1.0205,0.0468,121.7729,4.9717,0.1932,0.0061
2.0,74.9,1,0.52,1.93,[6.32 5.2 ],[2. 2.],4.98,0.01,5.43,0.03,0.0,0.8542,,,,,,,,,,,,,,,,,,,,
2.0,74.9,2,0.52,1.93,[5.07 3.39],[2. 2.],4.99,0.0,5.67,0.0,0.0,0.9375,,,,,,,,,,,,,,,,,,,,
2.0,74.9,3,0.52,1.93,[3.87 5.83],[2. 2.],4.98,0.0,6.32,0.23,0.0417,0.9375,4.9825,0.0035,-1.304,0.001,1.7075,0.0005,1.927,0.0,1.097,0.077,0.3675,0.0965,0.0955,0.0205,0.71,0.056,125.4092,2.3832,0.216,0.004
2.0,74.9,4,0.52,1.93,[3.26 6.38],[2. 2.],4.82,0.0,9.19,0.42,0.375,0.625,4.9491,0.0376,-1.2938,0.0099,1.6981,0.0041,1.927,0.0,1.4956,0.4619,2.8247,1.1817,0.0361,0.0242,1.0804,0.0839,122.3694,7.7443,0.1882,0.0055
2.0,74.9,5,0.52,1.93,[5.76 4.81],[2. 2.],4.88,0.0,6.83,0.0,0.0417,0.9583,4.944,0.025,-1.294,0.007,1.7055,0.0065,1.927,0.0,1.0755,0.0425,0.4065,0.0605,0.103,0.018,0.765,0.046,121.6901,1.8482,0.2145,0.0025
2.0,74.9,6,0.52,1.93,[6.12 5.21],[2. 2.],6.83,0.0,0.48,0.02,0.0,0.0,,,,,,,,,,,,,,,,,,,,
2.0,74.9,7,0.52,1.93,[3.85 4.46],[2. 2.],4.92,0.03,5.28,0.0,0.0,0.4792,,,,,,,,,,,,,,,,,,,,
2.0,82.5,3,0.26,1.98,[4.5  3.87],[2. 2.],4.7,0.0,7.85,0.16,0.0208,0.9792,4.889,0.0,-0.611,0.0,1.693,0.0,1.978,0.0,0.747,0.0,0.582,0.0,-0.144,0.0,0.846,0.0,131.0748,0.0,0.211,0.0
2.0,82.5,4,0.26,1.98,[4.68 3.13],[2. 2.],4.8,0.01,9.81,0.03,0.5625,0.4375,4.9559,0.0469,-0.6201,0.0059,1.6916,0.0041,1.978,0.0,1.6893,0.2445,3.53,1.324,-0.2519,0.0241,1.1844,0.1001,127.6641,15.0761,0.1878,0.0096
2.0,82.5,5,0.26,1.98,[6.35 6.48],[2. 2.],4.89,0.01,7.94,0.0,0.0833,0.9167,4.9212,0.0125,-0.6167,0.0018,1.6842,0.0013,1.978,0.0,1.4033,0.1229,1.4932,0.6144,-0.165,0.0289,0.936,0.0608,126.7421,3.1464,0.2035,0.0046
2.0,82.5,6,0.26,1.98,[5.67 3.56],[2. 2.],6.87,0.0,0.25,0.04,0.0,0.0,,,,,,,,,,,,,,,,,,,,
2.0,82.5,7,0.26,1.98,[5.25 6.53],[2. 2.],4.75,0.04,8.53,0.06,0.1875,0.7917,4.9307,0.0236,-0.6162,0.0038,1.6963,0.0082,1.978,0.0,1.5821,0.073,2.7924,0.8628,-0.2051,0.0285,1.045,0.0516,126.5357,10.2231,0.1964,0.0065
2.0,90.0,0,0.0,2.0,[5.5  5.71],[2. 2.],4.73,0.03,8.9,0.03,0.3333,0.6667,4.8734,0.0446,0.0322,0.0006,1.6865,0.0037,1.995,0.0,1.7047,0.2442,1.6816,0.6477,-0.4638,0.0132,0.9296,0.0871,151.9905,12.2463,0.2127,0.0077
2.0,90.0,1,0.0,2.0,[4.59 7.39],[2. 2.],4.67,0.01,9.51,0.01,0.4583,0.5417,4.8401,0.029,0.0319,0.0006,1.6839,0.0024,1.995,0.0,1.8055,0.1558,1.9206,0.4135,-0.4905,0.0266,0.9695,0.0497,158.7212,8.823,0.2088,0.0045
2.0,90.0,2,0.0,2.0,[3.85 6.95],[2. 2.],4.74,0.0,6.99,0.01,0.0417,0.9583,4.9325,0.0125,0.032,0.0,1.6915,0.0015,1.995,0.0,0.7405,0.0625,0.737,0.207,-0.443,0.025,0.852,0.004,128.4331,0.8962,0.212,0.002
2.0,90.0,3,0.0,2.0,[3.05 3.1 ],[2. 2.],4.69,0.01,7.43,0.22,0.0208,0.9792,4.896,0.0,0.032,0.0,1.692,0.0,1.995,0.0,0.845,0.0,1.237,0.0,-0.426,0.0,0.856,0.0,133.6938,0.0,0.211,0.0
2.0,90.0,4,0.0,2.0,[5.81 4.3 ],[2. 2.],4.77,0.0,9.01,0.11,0.5208,0.4792,4.9081,0.0486,0.0323,0.0007,1.6925,0.005,1.995,0.0,1.8086,0.1687,1.9734,0.8798,-0.4876,0.0306,0.9729,0.1051,147.5532,13.452,0.2074,0.01
2.0,90.0,5,0.0,2.0,[6.4  4.78],[2. 2.],6.84,0.02,4.05,0.0,0.0,0.0,,,,,,,,,,,,,,,,,,,,
2.0,90.0,6,0.0,2.0,[3.94 5.17],[2. 2.],4.72,0.0,9.27,0.03,0.3125,0.6875,4.8615,0.051,0.0323,0.0007,1.6782,0.0063,1.995,0.0,1.8385,0.1667,1.7851,0.4664,-0.4762,0.0286,0.9678,0.061,153.8507,9.6761,0.2097,0.0061
2.0,90.0,7,0.0,2.0,[3.57 4.88],[2. 2.],4.84,0.0,9.33,0.02,0.4375,0.5625,4.91,0.0441,0.0317,0.0005,1.6915,0.0038,1.995,0.0,1.9142,0.1891,2.1047,0.7952,-0.4967,0.0351,1.0308,0.1008,147.2423,14.0844,0.2038,0.0091
2.2,45.0,0,1.56,1.56,[2.83 3.  ],[2. 2.],4.89,0.01,8.08,0.02,0.9792,0.0208,5.0084,0.0727,-4.9726,0.0706,1.7887,0.0045,1.551,0.0,2.6693,0.659,3.5261,0.565,1.1195,0.0258,0.7701,0.0671,97.5633,8.373,0.1778,0.0062
2.2,45.0,1,1.56,1.56,[2.55 3.15],[2. 2.],5.78,0.01,3.15,0.0,0.0,0.0,,,,,,,,,,,,,,,,,,,,
2.2,45.0,2,1.56,1.56,[5.85 3.14],[2. 2.],5.53,0.0,4.21,0.05,0.1042,0.0208,5.56,0.0118,-5.5208,0.0165,1.8194,0.0005,1.551,0.0,2.664,0.1309,3.0838,0.199,1.2452,0.0082,0.1108,0.0464,90.4216,3.1935,0.225,0.0027
2.2,60.1,0,1.1,1.91,[3.05 7.48],[2. 2.],4.97,0.0,5.83,0.0,0.9167,0.0833,5.1016,0.0662,-2.9141,0.0378,1.7145,0.0059,1.901,0.0,1.0873,0.3101,2.4588,0.96,0.7313,0.0156,0.7442,0.0774,101.0487,8.6507,0.2056,0.0074
2.2,60.1,1,1.1,1.91,[5.96 4.27],[2. 2.],5.17,0.0,4.45,0.05,0.8542,0.0208,5.3007,0.0806,-3.0293,0.0469,1.7331,0.0067,1.901,0.0,0.7953,0.2218,3.0324,3.0516,0.8063,0.0401,0.5749,0.1042,91.9631,43.5794,0.2155,0.0103
2.2,60.1,2,1.1,1.91,[4.19 3.53],[2. 2.],5.39,0.0,3.35,0.0,0.125,0.0208,5.4438,0.0247,-3.1087,0.0139,1.749,0.0015,1.901,0.0,0.5173,0.0291,0.7637,0.8089,0.8362,0.024,0.1948,0.128,88.2003,9.4034,0.2467,0.0125
2.2,75.0,2,0.57,2.13,[3.88 6.45],[2. 2.],4.9,0.0,7.99,0.02,0.5833,0.4167,4.9784,0.0428,-1.3045,0.0113,1.6607,0.0051,2.12,0.0,1.6757,0.4345,3.6485,1.2376,0.1232,0.0302,1.1512,0.0621,121.4746,7.6084,0.1965,0.0053
2.5,22.6,3,2.31,0.96,[6.4  4.83],[2. 2.],6.95,0.0,4.07,0.02,0.0,0.0,,,,,,,,,,,,,,,,,,,,
2.5,22.6,4,2.31,0.96,[2.74 5.99],[2. 2.],4.53,0.0,8.05,0.23,0.75,0.0208,4.6726,0.0465,-11.2515,0.1126,1.8944,0.0035,0.952,0.0,4.1428,0.4219,5.3192,0.6409,1.9102,0.0333,0.2821,0.0769,85.2823,6.7165,0.1674,0.0064
2.5,22.6,5,2.31,0.96,[5.62 7.69],[2. 2.],6.9,0.0,8.28,0.0,0.0,0.0,,,,,,,,,,,,,,,,,,,,
2.5,22.6,6,2.31,0.96,[5.61 6.44],[2. 2.],6.86,0.0,4.89,0.01,0.0,0.0,,,,,,,,,,,,,,,,,,,,
2.5,22.6,7,2.31,0.96,[2.84 6.15],[2. 2.],6.96,0.0,3.96,0.11,0.0,0.0,,,,,,,,,,,,,,,,,,,,
2.5,29.9,3,2.17,1.25,[2.96 6.46],[2. 2.],4.93,0.0,6.62,0.0,0.6042,0.0417,5.0537,0.0717,-8.7148,0.1212,1.8528,0.0049,1.245,0.0,3.8105,0.3984,4.9437,0.4772,1.7897,0.0606,0.3541,0.0859,88.5327,14.8307,0.1849,0.0116
2.5,29.9,4,2.17,1.25,[5.59 5.48],[2. 2.],4.67,0.0,9.48,0.0,0.9375,0.0208,4.7986,0.0554,-8.2774,0.0942,1.8355,0.0035,1.245,0.0,4.5517,0.37,5.1024,0.3102,1.7094,0.034,0.67,0.0576,90.9174,6.6268,0.1638,0.0049
2.5,29.9,5,2.17,1.25,[5.31 3.63],[2. 2.],6.99,0.0,2.36,0.05,0.0,0.0,,,,,,,,,,,,,,,,,,,,
2.5,29.9,6,2.17,1.25,[5.29 3.05],[2. 2.],4.69,0.09,9.65,0.28,0.9167,0.0208,4.8263,0.0915,-8.326,0.1575,1.8394,0.0075,1.245,0.0,4.2677,0.7736,5.2185,0.4154,1.7153,0.0502,0.6593,0.0915,91.6057,13.7492,0.1636,0.0093
2.5,29.9,7,2.17,1.25,[3.14 4.44],[2. 2.],4.97,0.0,6.41,0.11,0.75,0.0208,5.1328,0.0629,-8.8569,0.1091,1.8554,0.0058,1.245,0.0,3.8027,0.6861,4.8299,0.8004,1.8265,0.0606,0.3771,0.1104,81.4887,12.8101,0.1788,0.0119
2.5,37.5,3,1.98,1.52,[6.32 4.51],[2. 2.],5.17,0.0,5.49,0.03,0.9583,0.0,5.3063,0.0846,-6.881,0.109,1.8133,0.0054,1.517,0.0,3.5395,1.1397,4.7301,1.8578,1.674,0.0496,0.4624,0.1249,82.3044,13.1766,0.1933,0.0137
2.5,37.5,4,1.98,1.52,[4.94 5.23],[2. 2.],4.96,0.0,7.26,0.01,0.9792,0.0,5.079,0.07,-6.5836,0.093,1.7956,0.0043,1.517,0.0,3.5219,0.617,4.8049,0.739,1.578,0.0467,0.6724,0.0861,92.9468,13.1198,0.1821,0.0104
2.5,37.5,5,1.98,1.52,[4.74 5.15],[2. 2.],5.18,0.05,5.05,0.95,0.625,0.0625,5.3012,0.1055,-6.873,0.1418,1.8056,0.008,1.517,0.0,3.1354,0.4286,5.4712,3.1391,1.6092,0.3082,0.5301,0.2473,83.7476,21.4719,0.0913,0.5061
2.5,37.5,6,1.98,1.52,[5.68 3.33],[2. 2.],6.98,0.0,1.2,0.0,0.0,0.0,,,,,,,,,,,,,,,,,,,,
2.5,37.5,7,1.98,1.52,[5.06 6.89],[2. 2.],4.93,0.0,6.8,0.0,0.6458,0.0208,5.0496,0.0615,-6.5463,0.0792,1.7994,0.0036,1.517,0.0,3.7331,0.4645,4.5767,0.4506,1.5807,0.0328,0.5797,0.08,95.7279,9.1034,0.1888,0.0067
2.5,45.0,0,1.77,1.77,[3.28 7.12],[2. 2.],4.88,0.01,7.44,0.01,0.7917,0.2083,5.014,0.0722,-4.9836,0.0731,1.744,0.0092,1.763,0.0,3.8305,0.7195,4.633,0.6862,1.2976,0.2136,0.8058,0.1747,108.153,17.1438,0.1134,0.4696
2.5,45.0,1,1.77,1.77,[4.57 7.95],[2. 2.],5.01,0.0,8.28,0.19,1.0,0.0,5.1297,0.0956,-5.0991,0.0962,1.7505,0.0055,1.763,0.0,3.2525,0.8511,5.8332,1.4672,1.3337,0.0372,1.04,0.0762,93.8888,8.4139,0.1731,0.007
2.5,45.0,2,1.77,1.77,[4.13 7.68],[2. 2.],4.98,0.0,7.48,0.0,1.0,0.0,5.1294,0.0776,-5.0992,0.079,1.7491,0.0101,1.763,0.0,2.8515,0.6567,5.3037,1.8073,1.355,0.0379,0.935,0.0768,93.5702,9.3899,0.1802,0.0067
2.5,45.0,3,1.77,1.77,[4.53 4.04],[2. 2.],4.91,0.02,8.45,0.0,0.8125,0.1875,5.0462,0.0776,-5.0156,0.0783,1.7417,0.0078,1.763,0.0,3.8118,0.945,5.4248,1.3217,1.316,0.0376,1.0192,0.0834,98.4195,10.4346,0.1768,0.0075
2.5,45.0,4,1.77,1.77,[6.23 3.29],[2. 2.],6.9,0.01,0.71,0.06,0.0,0.0,,,,,,,,,,,,,,,,,,,,
2.5,45.0,5,1.77,1.77,[3.5  7.94],[2. 2.],4.82,0.0,7.5,0.0,0.4583,0.5417,4.9856,0.0457,-4.9546,0.0455,1.7403,0.0079,1.763,0.0,4.1376,0.5061,4.3135,0.5174,1.3184,0.0194,0.8262,0.0544,107.5713,7.0246,0.1918,0.0048
2.5,45.0,6,1.77,1.77,[4.34 4.28],[2. 2.],4.95,0.0,7.49,0.0,0.9792,0.0208,5.0827,0.0785,-5.0501,0.0776,1.7441,0.0085,1.763,0.0,3.4239,0.7301,4.8857,0.803,1.3447,0.0283,0.8974,0.0742,98.4466,9.1593,0.1841,0.0065
2.5,45.0,7,1.77,1.77,[5.88 7.6 ],[2. 2.],4.95,0.01,9.55,0.2,1.0,0.0,5.0628,0.0668,-5.0306,0.0691,1.7464,0.0046,1.763,0.0,4.1981,0.9895,5.826,1.079,1.27,0.037,1.1234,0.0707,101.1884,9.0557,0.1695,0.0053
2.5,52.5,3,1.52,1.98,[4.01 6.94],[2. 2.],4.91,0.03,6.69,0.0,0.875,0.125,5.0496,0.084,-3.8446,0.0641,1.7034,0.0114,1.979,0.0,2.8956,0.8155,4.4266,1.0517,1.09,0.1704,0.8966,0.2011,109.2349,20.4019,0.1331,0.4289
2.5,52.5,4,1.52,1.98,[6.46 6.03],[2. 2.],4.88,0.09,6.27,0.02,0.625,0.3333,5.0626,0.0866,-3.8548,0.0661,1.6991,0.0108,1.979,0.0,2.924,0.6471,4.1234,1.0635,1.1277,0.0263,0.8698,0.1026,105.3399,11.4722,0.2035,0.0092
2.5,52.5,5,1.52,1.98,[5.68 7.91],[2. 2.],4.99,0.01,8.37,0.02,1.0,0.0,5.141,0.0838,-3.9156,0.0642,1.713,0.0091,1.979,0.0,2.8349,0.9778,6.6375,1.3782,1.0787,0.0312,1.2206,0.0735,98.8441,9.1606,0.1772,0.0066
2.5,52.5,6,1.52,1.98,[5.99 7.16],[2. 2.],4.91,0.02,6.14,0.0,0.9792,0.0208,5.0385,0.0776,-3.8367,0.0589,1.7052,0.006,1.979,0.0,2.8035,0.7144,4.0536,1.7315,1.1159,0.1674,0.8067,0.1767,109.1822,17.457,0.1459,0.4158
2.5,52.5,7,1.52,1.98,[3.54 6.01],[2. 2.],4.87,0.0,7.01,0.0,0.8125,0.1875,5.0029,0.0627,-3.8081,0.0492,1.7029,0.0074,1.979,0.0,3.4904,0.766,4.5362,0.96,1.0823,0.1767,0.8974,0.1823,117.633,29.0467,0.1267,0.461
2.5,60.1,0,1.25,2.17,[3.77 3.4 ],[2. 2.],4.95,0.0,6.28,0.01,1.0,0.0,5.0896,0.0796,-2.9106,0.046,1.6675,0.0109,2.16,0.0,1.9167,0.6401,5.3537,1.4258,0.8574,0.0242,1.083,0.0744,101.7329,8.333,0.1997,0.0074
2.5,60.1,1,1.25,2.17,[6.34 4.75],[2. 2.],5.0,0.03,8.52,0.98,1.0,0.0,5.1334,0.073,-2.935,0.0418,1.6681,0.0116,2.16,0.0,2.1891,1.0284,6.2304,1.5495,0.8171,0.055,1.2455,0.1944,102.9784,9.867,0.1884,0.0132
2.5,60.1,2,1.25,2.17,[3.5  3.16],[2. 2.],4.9,0.0,8.24,0.15,0.9583,0.0417,5.0359,0.0724,-2.8792,0.0413,1.6652,0.0108,2.16,0.0,3.2858,0.9074,5.8138,1.5687,0.775,0.1222,1.2372,0.2191,117.1437,16.0743,0.1288,0.4091
2.5,60.1,3,1.25,2.17,[5.07 3.06],[2. 2.],4.94,0.0,3.98,0.0,0.7083,0.0,5.1003,0.0499,-2.9163,0.0284,1.6683,0.005,2.16,0.0,1.397,0.3046,2.129,0.6235,0.936,0.0192,0.5626,0.0717,97.9963,6.8197,0.2411,0.0066
2.5,60.1,4,1.25,2.17,[3.02 7.21],[2. 2.],5.02,0.0,6.16,0.02,0.9583,0.0417,5.1697,0.0651,-2.9565,0.0375,1.6811,0.0063,2.16,0.0,2.01,0.559,6.251,1.5936,0.8753,0.0229,1.1366,0.0567,93.7752,6.2985,0.1938,0.0048
2.5,60.1,5,1.25,2.17,[2.94 3.79],[2. 2.],4.91,0.04,4.51,0.01,0.75,0.0208,5.0972,0.0983,-2.9146,0.056,1.676,0.0082,2.16,0.0,1.648,0.4662,3.3967,1.5267,0.9284,0.0228,0.721,0.1128,98.0931,10.8948,0.2278,0.0113
2.5,60.1,6,1.25,2.17,[3.65 5.01],[2. 2.],5.04,0.06,3.73,0.23,0.5625,0.0625,5.1763,0.0869,-2.9601,0.0515,1.6818,0.0071,2.16,0.0,1.3512,0.3905,2.5197,1.061,0.9622,0.0304,0.5377,0.1566,93.3272,10.1864,0.2421,0.0135
2.5,60.1,7,1.25,2.17,[5.66 4.24],[2. 2.],4.96,0.04,7.88,0.0,0.9792,0.0,5.0675,0.079,-2.8974,0.0458,1.6607,0.0109,2.16,0.0,2.6917,1.0707,5.8197,1.8802,0.8208,0.0124,1.2648,0.0929,108.9837,12.1859,0.189,0.0088
2.5,67.4,3,0.96,2.31,[4.65 4.14],[2. 2.],4.89,0.0,7.09,0.45,0.9583,0.0417,5.0154,0.0589,-2.0502,0.0249,1.6357,0.0054,2.305,0.0,1.9424,0.7816,5.8824,1.7809,0.5325,0.0221,1.2842,0.103,112.5639,9.6459,0.1988,0.0082
2.5,67.4,4,0.96,2.31,[4.19 4.8 ],[2. 2.],5.01,0.0,8.5,0.32,0.875,0.125,5.154,0.0729,-2.1076,0.0298,1.6515,0.0084,2.305,0.0,1.8027,0.589,7.8498,1.3947,0.4776,0.112,1.417,0.3413,107.3027,16.7169,0.0471,0.6031
2.5,67.4,5,0.96,2.31,[4.11 6.47],[2. 2.],4.77,0.01,5.48,0.07,0.625,0.3542,4.9155,0.0391,-2.0084,0.0174,1.6225,0.0109,2.305,0.0,1.5847,0.6749,2.5983,1.116,0.5751,0.1118,0.8877,0.1967,120.2964,14.2192,0.129,0.5304
2.5,67.4,6,0.96,2.31,[2.86 6.79],[2. 2.],5.36,0.05,6.62,0.03,0.5,0.4375,5.5131,0.0764,-2.2557,0.0317,1.6808,0.0074,2.305,0.0,0.8372,0.394,26.4896,9.7281,0.6622,0.0285,1.5363,0.0592,71.9091,6.2053,0.1693,0.006
2.5,67.4,7,0.96,2.31,[5.11 5.67],[2. 2.],4.86,0.0,6.11,0.01,0.9167,0.0833,4.9946,0.0731,-2.0419,0.0299,1.6269,0.0067,2.305,0.0,1.6016,0.6814,4.803,1.643,0.5584,0.0229,1.1144,0.0946,111.5972,10.6434,0.211,0.0088
2.5,74.9,0,0.65,2.41,[4.28 5.12],[2. 2.],4.85,0.0,9.11,0.0,0.8958,0.1042,4.9943,0.0518,-1.3125,0.0142,1.6151,0.005,2.41,0.0,2.4274,0.4023,5.2075,1.1578,0.1488,0.0266,1.4983,0.0837,133.8292,13.2998,0.1959,0.0089
2.5,74.9,1,0.65,2.41,[2.8  4.25],[2. 2.],4.95,0.0,3.43,0.0,0.0,0.9792,,,,,,,,,,,,,,,,,,,,
2.5,74.9,2,0.65,2.41,[5.37 4.27],[2. 2.],4.9,0.0,9.02,0.04,0.9583,0.0417,5.0217,0.0613,-1.319,0.0167,1.6176,0.0059,2.41,0.0,2.2172,0.4204,5.8442,1.9529,0.1561,0.0336,1.5313,0.083,126.5487,12.2552,0.1925,0.0084
2.5,74.9,3,0.65,2.41,[5.98 6.38],[2. 2.],4.79,0.0,9.56,0.11,0.6875,0.3125,4.9535,0.0532,-1.3014,0.0146,1.612,0.0074,2.41,0.0,2.5894,0.3357,4.6499,0.5292,0.1612,0.0238,1.5036,0.0703,140.4381,10.4521,0.1975,0.0072
2.5,74.9,4,0.65,2.41,[4.22 4.01],[2. 2.],4.79,0.0,7.12,0.05,0.7917,0.2083,4.9318,0.0447,-1.2952,0.0126,1.6041,0.0114,2.41,0.0,1.9669,0.4911,4.7711,1.3273,0.2317,0.0281,1.2853,0.0732,124.4941,8.5174,0.2088,0.0071
2.5,74.9,5,0.65,2.41,[2.84 7.93],[2. 2.],4.7,0.0,6.75,0.0,0.25,0.75,4.8748,0.0546,-1.2788,0.0142,1.6056,0.0058,2.41,0.0,1.9632,0.3664,3.5852,1.0586,0.2285,0.0185,1.2022,0.0502,127.256,4.6827,0.216,0.0057
2.5,74.9,6,0.65,2.41,[2.77 5.09],[2. 2.],4.7,0.0,6.12,0.0,0.4375,0.5625,4.8732,0.0298,-1.2797,0.0086,1.5932,0.0031,2.41,0.0,1.8341,0.504,3.0238,1.0299,0.2573,0.0187,1.0791,0.0686,127.6533,6.9875,0.2253,0.0068
2.5,74.9,7,0.65,2.41,[3.51 7.13],[2. 2.],4.91,0.0,7.12,0.01,0.5417,0.4583,4.9952,0.0528,-1.3125,0.0135,1.6028,0.0107,2.41,0.0,1.6999,0.4565,6.2652,1.9374,0.2191,0.0318,1.3427,0.0778,117.7936,7.9428,0.2025,0.0063
2.5,82.4,3,0.33,2.48,[5.5  3.01],[2. 2.],4.73,0.0,9.11,0.03,0.7708,0.2292,4.8749,0.0572,-0.6159,0.0072,1.5911,0.0079,2.474,0.0,2.0052,0.3775,4.1514,0.7682,-0.1694,0.0336,1.3863,0.2594,154.2668,10.8276,0.1295,0.4769
2.5,82.4,4,0.33,2.48,[2.87 7.89],[2. 2.],4.89,0.0,9.51,0.13,0.9375,0.0625,5.0194,0.0805,-0.635,0.0104,1.5902,0.0088,2.474,0.0,1.8699,0.2618,6.22,2.1934,-0.1533,0.0478,1.4988,0.4492,133.9279,19.5132,0.001,0.7145
2.5,82.4,5,0.33,2.48,[3.09 5.58],[2. 2.],4.7,0.0,6.9,0.01,0.5625,0.4375,4.8279,0.0466,-0.6099,0.0059,1.5866,0.0072,2.474,0.0,1.4848,0.2485,2.9939,0.8184,-0.0804,0.0201,1.1517,0.0863,144.865,11.4581,0.2287,0.0092
2.5,82.4,6,0.33,2.48,[6.46 7.05],[2. 2.],4.75,0.02,5.64,0.0,0.2917,0.7083,4.8251,0.0222,-0.6096,0.0034,1.5766,0.0051,2.474,0.0,1.2676,0.2441,2.0802,0.9313,-0.0477,0.0154,0.9042,0.2873,135.1169,7.4138,0.0366,0.7274
2.5,82.4,7,0.33,2.48,[3.12 5.78],[2. 2.],4.84,0.0,7.22,0.1,0.5417,0.4583,4.9136,0.0477,-0.6208,0.006,1.5956,0.0064,2.474,0.0,1.5199,0.2435,5.3662,1.6321,-0.0911,0.0282,1.3388,0.0747,137.3188,45.2731,0.2109,0.007
2.5,90.0,0,0.0,2.5,[2.88 5.73],[2. 2.],4.64,0.02,6.74,0.01,0.625,0.375,4.787,0.0561,0.0258,0.0007,1.5645,0.0063,2.495,0.0,1.4927,0.1619,2.3223,0.742,-0.3987,0.0129,1.0901,0.1062,152.2568,13.4161,0.237,0.0097
2.5,90.0,1,0.0,2.5,[3.61 6.49],[2. 2.],4.74,0.0,7.93,0.08,0.9167,0.0833,4.8342,0.0648,0.0257,0.0009,1.5812,0.0069,2.495,0.0,1.6926,0.2591,3.6568,1.122,-0.4183,0.1329,1.1613,0.418,155.5565,14.1062,-0.0437,0.8368
2.5,90.0,2,0.0,2.5,[4.88 3.2 ],[2. 2.],4.77,0.0,9.01,0.0,0.9375,0.0417,4.8902,0.0825,0.0257,0.0005,1.5871,0.0086,2.495,0.0,1.7703,0.3086,4.4176,1.4651,-0.4433,0.1566,1.2798,0.5194,153.5973,17.2448,-0.1098,0.8994
2.5,90.0,2,0.0,2.5,[4.5 6.7],[1. 1.],4.68,0.0,8.94,0.03,0.8333,0.125,4.8348,0.0746,0.0254,0.0005,1.5727,0.0137,2.495,0.0,1.6519,0.2299,3.8194,0.9137,-0.2658,0.26,0.7113,0.7554,172.9239,22.9292,-1.3053,1.6806
2.5,90.0,3,0.0,2.5,[5.37 5.96],[2. 2.],4.76,0.0,8.44,0.02,0.9583,0.0417,4.8832,0.0699,0.0256,0.0006,1.5744,0.0082,2.495,0.0,1.7067,0.2097,3.5978,1.2155,-0.3978,0.1739,1.123,0.5846,154.7407,16.7662,-0.2806,1.0754
2.5,90.0,4,0.0,2.5,[3.28 7.24],[2. 2.],4.75,0.0,8.81,0.44,0.9583,0.0417,4.8861,0.066,0.0256,0.0005,1.5745,0.0104,2.495,0.0,1.6253,0.3288,3.8398,1.3091,-0.3439,0.207,0.987,0.7173,157.0644,18.2916,-0.6054,1.2994
2.5,90.0,5,0.0,2.5,[6.19 7.44],[2. 2.],4.64,0.01,8.1,0.0,0.8542,0.1458,4.766,0.0495,0.0256,0.0005,1.5739,0.0055,2.495,0.0,1.7709,0.2265,3.4466,1.2779,-0.4425,0.0734,1.2432,0.2322,158.541,11.0022,0.156,0.4348
2.5,90.0,6,0.0,2.5,[5.15 7.69],[2. 2.],4.81,0.0,8.12,0.09,0.7083,0.2917,4.9011,0.0604,0.0257,0.0005,1.5885,0.0085,2.495,0.0,1.7167,0.2343,4.3805,1.5632,-0.4543,0.0227,1.3955,0.11,141.1709,14.4664,0.2115,0.0104
2.5,90.0,7,0.0,2.5,[2.59 6.02],[2. 2.],4.83,0.0,9.27,0.05,0.9792,0.0208,4.9404,0.0632,0.0258,0.0005,1.585,0.0121,2.495,0.0,1.6058,0.2844,4.1432,1.284,-0.25,0.2323,0.6639,0.8399,163.6673,19.049,-1.2672,1.4402
2.8,45.0,0,1.98,1.98,[2.71 3.55],[2. 2.],5.05,0.01,4.63,0.0,0.9583,0.0,5.1708,0.0731,-5.1419,0.0738,1.7054,0.0079,1.975,0.0,3.3833,0.4335,4.8848,0.5875,1.6531,0.0217,0.5756,0.0996,97.425,9.5237,0.2237,0.0104
2.8,45.0,1,1.98,1.98,[5.93 5.25],[2. 2.],5.09,0.01,5.53,0.01,1.0,0.0,5.2377,0.0712,-5.2101,0.0718,1.7189,0.0059,1.975,0.0,3.4506,0.4354,6.8545,3.0068,1.6522,0.0298,0.8892,0.0873,86.554,8.6176,0.1978,0.0078
2.8,45.0,2,1.98,1.98,[3.37 6.62],[2. 2.],4.85,0.0,5.62,0.02,0.3958,0.25,5.031,0.0574,-5.005,0.0564,1.7051,0.0083,1.975,0.0,3.9664,0.4776,4.6056,0.3405,1.597,0.0159,0.7302,0.1117,107.13,13.5777,0.2155,0.0122
2.8,60.0,0,1.4,2.42,[4.86 5.9 ],[2. 2.],4.88,0.01,7.74,0.05,0.9583,0.0417,5.0015,0.0713,-2.8622,0.0408,1.604,0.0069,2.42,0.0,4.35,0.9259,6.6773,1.6406,0.9662,0.0272,1.4404,0.0813,117.8244,9.6832,0.1979,0.0078
2.8,60.0,1,1.4,2.42,[6.48 5.18],[2. 2.],4.86,0.01,8.21,0.37,0.8333,0.1667,4.9764,0.0744,-2.8487,0.0426,1.5984,0.0097,2.42,0.0,4.6842,0.8294,6.0333,1.2568,0.9543,0.0332,1.4135,0.1078,126.4235,13.3228,0.2005,0.0108
2.8,60.0,2,1.4,2.42,[4.56 7.67],[2. 2.],4.96,0.0,6.75,0.03,1.0,0.0,5.087,0.0784,-2.9119,0.0457,1.6092,0.0089,2.42,0.0,2.6582,0.8163,7.9396,1.314,1.0027,0.0206,1.4013,0.0783,103.1314,9.0036,0.197,0.0069
2.8,75.1,0,0.72,2.7,[5.38 7.65],[2. 2.],4.74,0.0,7.01,0.44,0.8958,0.1042,4.8727,0.0538,-1.2822,0.0148,1.5275,0.0078,2.7,0.0,2.4046,0.5863,6.0834,1.9391,0.315,0.0255,1.4582,0.0911,129.6964,12.8777,0.2184,0.0087
2.8,75.1,1,0.72,2.7,[2.9  5.99],[2. 2.],4.78,0.0,6.85,0.01,0.9167,0.0833,4.8952,0.072,-1.2885,0.0188,1.5402,0.008,2.7,0.0,2.4084,0.5367,6.0569,2.2445,0.3029,0.0223,1.5003,0.1179,128.3255,14.4619,0.2158,0.0108
2.8,75.1,2,0.72,2.7,[3.22 7.2 ],[2. 2.],4.93,0.0,9.52,0.17,1.0,0.0,5.0452,0.0747,-1.3284,0.0199,1.5511,0.0124,2.7,0.0,3.2473,0.4891,7.033,1.6996,0.2173,0.0358,1.837,0.0951,134.4359,14.4443,0.1919,0.0088
2.8,90.0,0,0.0,2.8,[3.15 6.07],[2. 2.],4.72,0.05,8.36,0.01,0.9375,0.0625,4.8258,0.0886,0.023,0.0005,1.5187,0.013,2.795,0.0,1.9379,0.405,5.1353,2.0184,-0.3756,0.1847,1.2938,0.7334,158.1928,16.5998,-0.3567,1.1477
2.8,90.0,1,0.0,2.8,[6.33 4.97],[2. 2.],4.66,0.0,8.12,0.02,1.0,0.0,4.77,0.0564,0.0229,0.0004,1.5105,0.0076,2.795,0.0,1.8277,0.2917,4.4528,0.9477,-0.3025,0.2211,0.9209,0.8363,167.0758,11.7197,-0.8592,1.3993
2.8,90.0,2,0.0,2.8,[3.1  6.25],[2. 2.],4.57,0.0,6.73,0.02,0.9375,0.0625,4.6578,0.0576,0.0228,0.0005,1.4874,0.013,2.795,0.0,1.5023,0.2145,3.0773,1.0616,-0.4026,0.0693,1.2908,0.2237,161.084,9.8093,0.1794,0.4216
3.0,22.5,3,2.77,1.15,[4.13 6.15],[2. 2.],4.8,0.01,7.55,0.0,0.7917,0.0,4.9491,0.0621,-11.912,0.1483,1.8644,0.0029,1.143,0.0,4.6089,0.5541,6.1245,0.6319,2.3761,0.0765,0.3937,0.0569,86.5645,13.8736,0.1726,0.0097
3.0,22.5,4,2.77,1.15,[4.96 5.05],[2. 2.],5.3,0.0,5.3,0.01,0.0,0.0,,,,,,,,,,,,,,,,,,,,
3.0,22.5,5,2.77,1.15,[5.66 6.9 ],[2. 2.],4.68,0.0,8.05,0.16,0.6458,0.0,4.839,0.0465,-11.6462,0.1117,1.8615,0.0052,1.143,0.0,4.8192,0.4752,5.8109,0.7283,2.3599,0.0277,0.4469,0.0619,87.349,6.1667,0.1697,0.0049
3.0,22.5,6,2.77,1.15,[2.6  3.44],[2. 2.],5.25,0.0,5.69,0.01,0.0625,0.0,5.274,0.0143,-12.691,0.0334,1.8753,0.0005,1.143,0.0,4.242,0.5396,5.3817,0.1986,2.4563,0.0798,0.182,0.1626,78.1464,18.1335,0.1823,0.0144
3.0,22.5,7,2.77,1.15,[5.39 3.66],[2. 2.],6.8,0.0,2.96,0.11,0.0,0.0,,,,,,,,,,,,,,,,,,,,
3.0,30.0,3,2.6,1.5,[3.35 5.06],[2. 2.],5.03,0.0,5.4,0.13,0.4375,0.0,5.228,0.044,-9.0224,0.0733,1.8034,0.0024,1.495,0.0,4.3699,0.5229,5.9104,0.7689,2.2302,0.0486,0.3308,0.0715,94.9909,12.2704,0.2049,0.0109
3.0,30.0,4,2.6,1.5,[5.27 7.77],[2. 2.],4.96,0.0,6.46,0.0,0.7083,0.0,5.1573,0.0421,-8.8955,0.0744,1.8096,0.003,1.495,0.0,4.2118,0.4028,5.3759,0.7266,2.2301,0.0201,0.5677,0.0405,87.8443,4.4559,0.1852,0.0035
3.0,30.0,5,2.6,1.5,[3.49 3.76],[2. 2.],4.81,0.0,9.29,0.01,0.9167,0.0833,4.9209,0.0648,-8.4895,0.115,1.7958,0.0049,1.495,0.0,5.8054,0.7985,6.747,2.2734,2.0756,0.3158,0.7697,0.2123,108.0059,25.3386,0.1119,0.4185
3.0,30.0,6,2.6,1.5,[3.87 3.67],[2. 2.],4.84,0.0,8.34,0.05,0.9375,0.0,4.9847,0.064,-8.5972,0.1133,1.7984,0.0039,1.495,0.0,5.3601,0.9199,6.4861,1.1616,2.1569,0.0364,0.7164,0.1853,100.5291,21.0093,0.1784,0.0172
3.0,30.0,7,2.6,1.5,[3.47 4.85],[2. 2.],5.12,0.01,5.86,0.05,0.9792,0.0,5.2763,0.0907,-9.1021,0.1551,1.8099,0.008,1.495,0.0,4.2669,0.5837,5.6693,0.5944,2.2301,0.3303,0.5194,0.142,83.0768,18.3331,0.125,0.408
3.0,37.6,3,2.38,1.83,[3.66 3.69],[2. 2.],5.06,0.04,5.16,0.02,0.6875,0.0,5.1963,0.0527,-6.7381,0.0719,1.7483,0.0059,1.8218,0.0004,4.2532,0.3893,5.6713,0.5354,2.0274,0.0271,0.5802,0.0761,94.7903,7.6026,0.2101,0.0071
3.0,37.6,4,2.38,1.83,[5.04 5.84],[2. 2.],5.04,0.0,7.05,0.37,1.0,0.0,5.1746,0.0711,-6.7097,0.0951,1.7476,0.0053,1.822,0.0002,4.4486,0.5437,6.5031,1.3088,1.9809,0.0308,0.982,0.0827,90.7506,6.6125,0.1795,0.0066
3.0,37.6,5,2.38,1.83,[5.33 5.89],[2. 2.],4.95,0.0,6.6,0.01,1.0,0.0,5.0785,0.0686,-6.5851,0.0889,1.7302,0.0081,1.8218,0.0004,4.9407,0.7633,6.2757,2.2483,1.9396,0.2734,0.7254,0.2225,109.9392,24.9791,0.1407,0.415
3.0,37.6,6,2.38,1.83,[3.4  4.34],[2. 2.],5.31,0.0,3.98,0.0,0.7917,0.125,5.4504,0.0596,-7.0692,0.0793,1.7648,0.0055,1.8219,0.0002,5.6331,3.1057,7.0171,2.647,2.131,0.0458,0.4609,0.1572,76.5224,13.4422,0.2149,0.0164
3.0,37.6,7,2.38,1.83,[5.93 7.06],[2. 2.],4.98,0.0,7.43,0.0,1.0,0.0,5.1119,0.0748,-6.6295,0.0975,1.7433,0.0058,1.8219,0.0004,4.8965,0.6,6.067,1.2357,1.9218,0.2751,0.9377,0.1815,98.8221,18.1916,0.125,0.3968
3.0,45.0,0,2.12,2.12,[3.7  3.27],[2. 2.],4.81,0.09,6.99,0.0,0.5417,0.4583,5.0194,0.097,-4.9928,0.0969,1.6654,0.008,2.117,0.0,5.3767,0.6858,5.886,1.1486,1.7027,0.0267,1.0652,0.1145,112.4936,13.9268,0.2015,0.0112
3.0,45.0,1,2.12,2.12,[6.03 5.03],[2. 2.],4.83,0.0,5.98,0.13,0.7083,0.2917,4.9907,0.066,-4.9626,0.0649,1.668,0.007,2.1169,0.0002,4.737,0.7565,5.4722,0.7035,1.7384,0.0219,0.8904,0.1348,111.3448,14.1992,0.2142,0.013
3.0,45.0,2,2.12,2.12,[4.15 3.02],[2. 2.],5.01,0.02,3.57,0.0,0.3958,0.0,5.1892,0.0563,-5.1632,0.0543,1.6836,0.0046,2.117,0.0,3.1436,0.451,4.5479,0.5059,1.8053,0.1078,0.3977,0.0932,98.9675,17.5481,0.2531,0.0174
3.0,45.0,3,2.12,2.12,[4.16 6.5 ],[2. 2.],4.99,0.01,6.88,0.0,1.0,0.0,5.1158,0.0817,-5.0844,0.0807,1.6852,0.0075,2.117,0.0001,4.701,0.7406,6.6869,1.5719,1.7154,0.0167,1.151,0.0734,99.7445,8.5786,0.1909,0.0073
3.0,45.0,4,2.12,2.12,[2.6 7.6],[2. 2.],4.9,0.01,7.12,0.01,0.8958,0.1042,5.0117,0.0719,-4.9813,0.0712,1.6771,0.0066,2.117,0.0,5.4178,0.6811,5.694,1.1318,1.6669,0.2526,1.0483,0.2096,115.1863,17.0613,0.1326,0.4329
3.0,45.0,5,2.12,2.12,[3.57 5.7 ],[2. 2.],4.91,0.0,6.46,0.17,0.9375,0.0625,5.0311,0.0752,-5.0002,0.0753,1.6792,0.0063,2.117,0.0,4.8843,0.7254,5.4941,0.9801,1.7188,0.0241,0.9975,0.1313,109.3486,14.6703,0.2043,0.0127
3.0,45.0,6,2.12,2.12,[3.9  3.23],[2. 2.],5.08,0.01,3.5,0.06,0.6042,0.0,5.251,0.0688,-5.2203,0.0657,1.682,0.0053,2.117,0.0,3.5673,0.3981,5.0427,0.5523,1.8487,0.0239,0.4858,0.1135,88.173,9.1042,0.2412,0.0121
3.0,45.0,7,2.12,2.12,[5.17 3.53],[2. 2.],4.9,0.0,6.14,0.05,0.8958,0.1042,5.0618,0.068,-5.0307,0.0654,1.6718,0.0107,2.117,0.0,4.7333,0.6078,5.7221,0.8441,1.729,0.0207,0.9969,0.0841,103.9156,9.5438,0.2032,0.0081
3.0,52.4,3,1.83,2.38,[5.61 5.56],[2. 2.],5.1,0.0,8.83,0.01,0.9792,0.0,5.2241,0.0782,-3.9803,0.0595,1.629,0.0072,2.375,0.0,4.8308,0.9234,9.421,2.1806,1.3673,0.0261,1.6674,0.0596,99.3761,7.8384,0.1739,0.0048
3.0,52.4,4,1.83,2.38,[4.67 7.31],[2. 2.],4.71,0.0,7.11,0.01,0.4375,0.5625,4.9154,0.0252,-3.7433,0.0197,1.6124,0.0101,2.375,0.0,5.7702,0.5208,5.3628,0.5053,1.4052,0.0152,1.237,0.078,126.4631,9.8678,0.211,0.0063
3.0,52.4,5,1.83,2.38,[4.44 7.58],[2. 2.],4.83,0.02,7.91,0.05,0.7083,0.2917,4.9796,0.053,-3.7939,0.0421,1.6229,0.005,2.375,0.0,6.3803,0.5159,6.2355,0.7817,1.3811,0.0213,1.3762,0.0891,123.5779,12.1229,0.1997,0.009
3.0,52.4,6,1.83,2.38,[5.78 5.9 ],[2. 2.],4.83,0.0,6.03,0.01,0.9375,0.0625,4.947,0.0605,-3.7684,0.048,1.6132,0.0121,2.375,0.0,4.8394,0.4891,5.3057,0.8712,1.4174,0.2097,1.0778,0.215,119.9379,16.9007,0.1524,0.4299
3.0,52.4,7,1.83,2.38,[4.56 4.78],[2. 2.],5.02,0.0,6.1,0.03,1.0,0.0,5.1429,0.0814,-3.9166,0.0638,1.6238,0.0073,2.375,0.0,3.6996,0.5295,7.8673,1.2661,1.4467,0.0259,1.3301,0.0704,94.7709,7.4831,0.1959,0.0058
3.0,60.0,0,1.5,2.6,[3.55 6.19],[2. 2.],4.88,0.12,8.91,0.05,0.8958,0.1042,5.1219,0.1273,-2.9331,0.0734,1.5907,0.0124,2.593,0.0,4.9632,1.1984,8.8721,2.3964,1.0219,0.0292,1.7761,0.1137,116.3405,16.8572,0.1861,0.0105
3.0,60.0,1,1.5,2.6,[4.04 5.57],[2. 2.],4.74,0.0,3.78,0.0,0.8958,0.0417,4.8503,0.0586,-2.7772,0.0345,1.5528,0.0073,2.593,0.0,2.4428,0.4168,4.3752,1.1831,1.1668,0.175,0.7982,0.1939,110.3239,18.4307,0.1898,0.4415
3.0,60.0,2,1.5,2.6,[3.97 4.01],[2. 2.],4.77,0.0,3.81,0.02,1.0,0.0,4.9003,0.0619,-2.8064,0.0359,1.5547,0.0082,2.593,0.0,2.3146,0.5342,4.8765,1.2029,1.1936,0.0226,0.8913,0.1235,103.166,12.1399,0.2503,0.0127
3.0,60.0,3,1.5,2.6,[4.16 6.02],[2. 2.],4.94,0.0,7.41,0.0,1.0,0.0,5.0692,0.0689,-2.9013,0.0395,1.5822,0.0147,2.593,0.0,4.4244,1.0429,8.1822,2.1954,1.0573,0.0279,1.6219,0.0722,110.3492,9.8075,0.1933,0.0059
3.0,60.0,4,1.5,2.6,[2.9  3.23],[2. 2.],5.04,0.0,8.37,0.01,1.0,0.0,5.1867,0.0684,-2.9681,0.0402,1.5994,0.0073,2.593,0.0,4.0146,1.1233,10.3549,1.9814,1.0455,0.0184,1.8004,0.0645,103.8104,8.2894,0.1803,0.0048
3.0,60.0,5,1.5,2.6,[5.34 7.84],[2. 2.],5.0,0.01,8.39,0.01,1.0,0.0,5.145,0.0841,-2.9447,0.0484,1.5953,0.0088,2.593,0.0,4.5333,1.0466,9.1861,2.6811,1.0443,0.0139,1.7687,0.0767,108.0435,10.4134,0.1836,0.0069
3.0,60.0,6,1.5,2.6,[5.31 6.67],[2. 2.],5.01,0.0,9.37,0.02,1.0,0.0,5.1528,0.0681,-2.9487,0.0389,1.5966,0.0067,2.593,0.0,5.385,0.549,8.3453,2.2724,1.0159,0.0223,1.8468,0.0574,113.1607,8.4897,0.1798,0.0055
3.0,60.0,7,1.5,2.6,[3.95 7.53],[2. 2.],4.81,0.0,6.74,0.0,0.8958,0.1042,4.9411,0.0708,-2.8263,0.039,1.5672,0.0076,2.593,0.0,4.9965,0.7607,6.47,1.5369,1.0808,0.026,1.431,0.0982,121.2808,13.2281,0.2104,0.01
3.0,67.5,3,1.15,2.77,[6.07 6.69],[2. 2.],4.92,0.0,7.87,0.04,1.0,0.0,5.0548,0.0761,-2.0692,0.0303,1.5466,0.0165,2.767,0.0,3.9981,0.9834,9.1083,2.5396,0.7016,0.0255,1.8229,0.0827,115.5965,10.3717,0.1933,0.0072
3.0,67.5,4,1.15,2.77,[3.24 7.36],[2. 2.],4.75,0.03,6.43,0.0,0.8125,0.1875,4.8874,0.0527,-1.9992,0.0214,1.5253,0.0158,2.767,0.0,3.9674,0.8634,6.879,1.9629,0.7399,0.0257,1.5361,0.0849,123.0133,11.254,0.2155,0.0085
3.0,67.5,5,1.15,2.77,[2.67 7.43],[2. 2.],4.82,0.01,8.86,0.21,0.6667,0.3333,4.9743,0.0686,-2.0371,0.028,1.5318,0.0142,2.767,0.0,,,,,,,,,,,,
3.0,67.5,6,1.15,2.77,[4.05 6.02],[2. 2.],4.79,0.0,6.74,0.0,0.9792,0.0208,4.9197,0.0695,-2.0139,0.0281,1.5262,0.0081,2.767,0.0,3.7767,0.8811,7.9495,2.334,0.7533,0.0072,1.6412,0.0691,116.7665,8.3192,0.2068,0.007
3.0,67.5,7,1.15,2.77,[4.94 5.74],[2. 2.],4.64,0.02,4.64,0.03,0.9792,0.0208,4.7741,0.0626,-1.9537,0.0251,1.5059,0.015,2.767,0.0,2.3593,0.9518,5.151,1.6619,0.7884,0.1183,1.1205,0.2155,121.0864,15.4855,0.1848,0.4096
3.0,74.9,0,0.78,2.9,[5.66 6.15],[2. 2.],4.78,0.0,6.44,0.02,0.9583,0.0417,4.886,0.0691,-1.2873,0.0189,1.4933,0.0083,2.893,0.0,2.4572,0.8399,8.0078,2.3735,0.3691,0.0179,1.6702,0.0813,122.4974,10.1346,0.2155,0.0082
3.0,74.9,1,0.78,2.9,[5.14 5.28],[2. 2.],4.61,0.0,4.08,0.0,0.5833,0.4167,4.6725,0.0411,-1.2309,0.0114,1.4676,0.0072,2.893,0.0,1.1084,0.3851,4.472,1.6357,0.4581,0.0107,1.0951,0.0703,120.5349,6.8417,0.2613,0.0073
3.0,74.9,2,0.78,2.9,[3.09 3.58],[2. 2.],4.63,0.0,7.13,0.02,0.6458,0.3542,4.7921,0.046,-1.2613,0.0121,1.4798,0.0067,2.893,0.0,3.5857,0.5367,5.5447,0.7262,0.316,0.0686,1.5356,0.3052,149.5849,10.8919,0.1307,0.5289
3.0,74.9,3,0.78,2.9,[4.76 5.78],[2. 2.],4.7,0.0,8.3,0.0,0.6458,0.3542,4.8578,0.0528,-1.2786,0.0133,1.5034,0.0075,2.893,0.0,4.0876,0.7717,6.4782,0.7261,0.3255,0.0293,1.7855,0.0768,145.8442,10.6611,0.2133,0.0065
3.0,74.9,4,0.78,2.9,[4.29 6.89],[2. 2.],4.66,0.01,7.01,0.01,0.6667,0.3333,4.8053,0.068,-1.2645,0.0176,1.4819,0.0116,2.893,0.0,3.5762,0.5168,5.3152,0.7663,0.3545,0.0185,1.6124,0.0896,142.1787,11.0275,0.2243,0.0094
3.0,74.9,5,0.78,2.9,[4.74 4.55],[2. 2.],4.77,0.03,8.18,0.51,0.9792,0.0208,4.9235,0.0823,-1.2959,0.0219,1.5122,0.0097,2.893,0.0,3.8803,0.9383,7.036,1.5276,0.3104,0.0371,1.8421,0.1066,138.8932,14.1548,0.207,0.0093
3.0,74.9,6,0.78,2.9,[3.13 7.06],[2. 2.],4.68,0.0,8.31,0.1,0.75,0.25,4.8505,0.0526,-1.2764,0.0136,1.4924,0.0148,2.893,0.0,4.0798,0.8202,6.3326,0.9092,0.3135,0.0324,1.7606,0.0645,149.0386,9.4323,0.2148,0.0057
3.0,74.9,7,0.78,2.9,[6.17 5.88],[2. 2.],4.63,0.02,6.04,0.06,0.8958,0.1042,4.7877,0.0656,-1.2603,0.0178,1.4956,0.0083,2.893,0.0,,,,,,,,,,,,
3.0,82.5,3,0.39,2.97,[5.48 7.44],[2. 2.],4.72,0.0,7.93,0.0,0.9792,0.0,4.8323,0.0565,-0.6147,0.0075,1.4686,0.0087,2.97,0.0,2.6789,0.722,5.7933,1.1694,-0.048,0.0297,1.2802,0.8472,158.0922,15.7517,-0.5193,1.2634
3.0,82.5,4,0.39,2.97,[4.8  4.43],[2. 2.],4.84,0.0,9.37,0.01,1.0,0.0,4.9554,0.0655,-0.6303,0.009,1.5006,0.008,2.97,0.0,3.0695,0.9282,7.0478,1.9528,-0.0715,0.0407,1.3746,0.9912,154.4933,18.9972,-0.6264,1.2897
3.0,82.5,5,0.39,2.97,[5.61 4.59],[2. 2.],5.03,0.0,9.59,0.02,0.9167,0.0625,5.1533,0.0723,-0.6562,0.0094,1.5215,0.0116,2.97,0.0,2.1397,0.3905,10.8124,2.6467,-0.0998,0.0377,2.0269,0.5958,126.4453,17.6635,-0.0102,0.7166
3.0,82.5,6,0.39,2.97,[4.65 3.4 ],[2. 2.],4.67,0.0,8.41,0.0,0.9375,0.0625,4.7766,0.0557,-0.6074,0.0074,1.4753,0.0072,2.97,0.0,3.2412,0.7646,6.2367,1.1946,-0.0523,0.031,1.673,0.487,158.2756,10.359,0.0285,0.7132
3.0,82.5,7,0.39,2.97,[5.67 6.42],[2. 2.],4.67,0.03,6.79,0.01,1.0,0.0,4.7916,0.0817,-0.6089,0.0107,1.4789,0.0117,2.97,0.0,2.1981,0.6243,5.8943,1.9757,-0.0237,0.0213,1.5452,0.4451,143.6447,15.8676,0.0456,0.6998
3.0,90.0,0,0.0,3.0,[3.07 4.18],[2. 2.],4.67,0.0,8.28,0.04,1.0,0.0,4.8046,0.0618,0.0213,0.0005,1.4615,0.0081,2.995,0.0,2.0893,0.528,5.0211,1.0583,-0.2771,0.2249,0.9382,0.9761,167.478,12.3056,-1.0358,1.4254
3.0,90.0,1,0.0,3.0,[4.9  7.07],[2. 2.],4.52,0.0,6.54,0.04,0.9583,0.0208,4.607,0.0623,0.0211,0.0003,1.4438,0.0087,2.995,0.0,1.7431,0.2919,4.319,0.8941,-0.3553,0.1348,1.2733,0.5513,164.0443,9.9689,-0.1267,0.9646
3.0,90.0,2,0.0,3.0,[6.18 7.91],[2. 2.],4.78,0.0,8.79,0.08,1.0,0.0,4.8918,0.0755,0.0214,0.0005,1.481,0.0104,2.995,0.0,2.1731,0.5655,6.0538,1.8841,-0.3165,0.2218,1.1955,1.0193,159.518,18.1494,-0.8193,1.3884
3.0,90.0,3,0.0,3.0,[5.72 3.63],[2. 2.],4.84,0.02,9.59,0.0,0.9792,0.0,4.951,0.0725,0.0213,0.0005,1.4857,0.0203,2.995,0.0,2.3321,0.6256,6.8796,1.9924,-0.3282,0.2252,1.2926,1.061,158.2583,17.922,-0.7792,1.3658
3.0,90.0,4,0.0,3.0,[5.33 7.57],[2. 2.],4.62,0.0,8.25,0.03,1.0,0.0,4.7036,0.0607,0.0211,0.0004,1.4452,0.0126,2.995,0.0,2.3641,0.4857,5.8704,1.5498,-0.3806,0.1798,1.4042,0.7568,166.6509,9.5212,-0.3153,1.1262
3.0,90.0,5,0.0,3.0,[2.76 6.96],[2. 2.],4.51,0.0,5.92,0.01,1.0,0.0,4.6023,0.0564,0.0212,0.0005,1.4431,0.0079,2.995,0.0,1.5133,0.3104,3.4025,0.8502,-0.353,0.119,1.1924,0.4629,162.9116,10.1034,-0.0506,0.901
3.0,90.0,6,0.0,3.0,[4.29 5.74],[2. 2.],4.76,0.0,9.33,0.02,0.9792,0.0,4.8917,0.0642,0.0213,0.0005,1.4697,0.0081,2.995,0.0,2.3133,0.7124,5.5333,1.4573,-0.1419,0.2032,0.3262,0.9152,174.1656,10.7462,-2.0241,1.2348
3.0,90.0,7,0.0,3.0,[5.12 6.89],[2. 2.],4.57,0.0,7.09,0.01,1.0,0.0,4.6857,0.0665,0.0213,0.0004,1.46,0.0098,2.995,0.0,1.794,0.3165,4.554,1.0755,-0.3292,0.1624,1.2395,0.7197,162.7928,12.379,-0.3689,1.1819
3.2,45.0,0,2.26,2.26,[3.   3.18],[2. 2.],4.97,0.0,9.16,0.01,0.9583,0.0417,5.092,0.0653,-5.0675,0.0661,1.6452,0.0057,2.258,0.0,6.968,0.8099,7.0228,1.3376,1.7039,0.3646,1.4177,0.3287,116.5763,16.1312,0.0575,0.5816
3.2,45.0,1,2.26,2.26,[5.68 3.9 ],[2. 2.],4.87,0.01,7.71,0.05,0.875,0.125,5.0114,0.0547,-4.986,0.055,1.6454,0.005,2.258,0.0,6.4204,0.8316,6.1311,0.8725,1.6816,0.4693,1.1865,0.3739,120.2928,20.3752,-0.009,0.7384
3.2,45.0,2,2.26,2.26,[3.16 7.96],[2. 2.],5.03,0.0,8.76,0.0,1.0,0.0,5.1564,0.0767,-5.1311,0.0748,1.6529,0.0065,2.258,0.0,6.0889,1.1814,8.1818,2.2162,1.76,0.2569,1.4648,0.2393,107.7259,14.6236,0.1195,0.4066
3.2,60.0,0,1.6,2.77,[5.07 6.3 ],[2. 2.],4.93,0.01,8.87,0.0,0.9375,0.0625,5.0687,0.0692,-2.9044,0.0398,1.5494,0.015,2.767,0.0,6.1609,0.8388,8.4286,2.1804,1.1089,0.0334,1.8845,0.084,124.3162,11.9556,0.191,0.0081
3.2,60.0,1,1.6,2.77,[3.74 4.07],[2. 2.],4.71,0.0,6.84,0.04,0.7917,0.2083,4.8566,0.0651,-2.7823,0.0374,1.5295,0.0088,2.767,0.0,5.9586,0.5138,6.4946,0.9704,1.1718,0.0214,1.5398,0.1035,131.7682,12.6673,0.2181,0.0099
3.2,60.0,2,1.6,2.77,[5.21 5.36],[2. 2.],4.86,0.0,8.75,0.03,0.75,0.25,5.0011,0.0607,-2.8659,0.0352,1.5381,0.0138,2.767,0.0,6.2011,0.5407,6.7202,0.9334,1.0453,0.263,1.6841,0.4399,137.4885,14.7133,0.0353,0.6759
3.2,75.0,0,0.83,3.09,[4.56 7.26],[2. 2.],4.75,0.0,8.62,0.13,1.0,0.0,4.8759,0.0792,-1.286,0.0207,1.4662,0.0106,3.086,0.0,4.1566,0.8692,7.3963,1.3303,0.3255,0.0983,1.8701,0.5261,150.9719,13.2204,0.0315,0.698
3.2,75.0,1,0.83,3.09,[2.9  5.88],[2. 2.],4.74,0.03,8.55,0.19,0.9375,0.0625,4.8524,0.0619,-1.2796,0.0165,1.4546,0.0098,3.086,0.0,4.6403,0.6014,7.5806,1.0311,0.3517,0.0631,1.9156,0.3133,154.9103,9.4835,0.1512,0.4287
3.2,75.0,2,0.83,3.09,[5.59 5.16],[2. 2.],4.54,0.0,6.42,0.0,0.6042,0.3958,4.6583,0.055,-1.2278,0.0151,1.4261,0.0082,3.086,0.0,3.9826,0.4708,5.9711,0.6529,0.4318,0.0196,1.6095,0.0912,152.3814,10.2826,0.2421,0.0095
3.2,90.0,0,0.0,3.2,[3.39 5.49],[2. 2.],4.53,0.0,6.86,0.0,1.0,0.0,4.6481,0.0715,0.02,0.0004,1.4111,0.0107,3.195,0.0,2.0212,0.5156,5.2389,1.2884,-0.2913,0.186,1.1665,0.8923,165.2941,11.7171,-0.6642,1.3428
3.2,90.0,1,0.0,3.2,[4.41 6.14],[2. 2.],4.66,0.0,8.41,0.02,0.9583,0.0,4.7858,0.0697,0.02,0.0002,1.4136,0.0118,3.195,0.0,2.4342,0.6342,5.804,1.4276,-0.1713,0.2082,0.5135,1.0236,172.4274,11.5704,-1.7803,1.3439
3.2,90.0,2,0.0,3.2,[2.91 7.35],[2. 2.],4.75,0.0,9.87,0.18,0.9375,0.0,4.8848,0.0732,0.02,0.0004,1.445,0.0107,3.195,0.0,2.916,0.8233,7.3011,2.3479,-0.1844,0.2215,0.6085,1.1231,171.5319,12.2776,-1.7175,1.3621
3.5,22.5,3,3.23,1.34,[4.56 5.41],[2. 2.],5.16,0.0,5.36,0.01,0.4792,0.0,5.3697,0.0437,-12.9319,0.1032,1.8513,0.0021,1.335,0.0,5.0517,1.4966,7.0891,1.1534,2.9251,0.0444,0.2773,0.1074,80.397,10.838,0.1911,0.0119
3.5,22.5,4,3.23,1.34,[5.99 5.27],[2. 2.],4.93,0.0,6.75,0.01,0.8125,0.0,5.0983,0.0498,-12.2755,0.1204,1.8309,0.0063,1.335,0.0002,5.3128,0.7087,6.6516,0.9516,2.8585,0.0238,0.4479,0.0676,87.9383,6.7649,0.1825,0.005
3.5,22.5,5,3.23,1.34,[4.65 5.02],[2. 2.],4.65,0.0,8.67,0.01,0.4167,0.0,4.844,0.0414,-11.6639,0.0946,1.8244,0.0024,1.335,0.0,,,,,,,,,,,,
3.5,22.5,6,3.23,1.34,[2.54 6.33],[2. 2.],4.73,0.01,9.31,0.23,0.9583,0.0,4.856,0.0613,-11.6934,0.1503,1.8173,0.0073,1.335,0.0001,6.1941,1.5544,7.2348,2.486,2.1062,1.1832,0.4647,0.3861,120.366,40.3444,-0.5014,1.2
3.5,22.5,7,3.23,1.34,[2.59 3.82],[2. 2.],6.42,0.0,2.56,0.05,0.0,0.0,,,,,,,,,,,,,,,,,,,,
3.5,30.0,3,3.03,1.75,[5.67 4.13],[2. 2.],4.92,0.0,8.37,0.01,1.0,0.0,5.0649,0.0643,-8.7432,0.1127,1.7435,0.0054,1.745,0.0,6.7249,0.8854,6.6226,1.1126,2.3561,0.7207,0.8943,0.3278,105.1425,24.4732,-0.0655,0.7926
3.5,30.0,4,3.03,1.75,[3.42 6.53],[2. 2.],4.91,0.0,7.02,0.01,1.0,0.0,5.0026,0.0809,-8.6333,0.1385,1.751,0.0056,1.745,0.0,5.0515,1.7665,7.1245,2.3157,2.0214,1.1029,0.3865,0.3826,142.8718,36.1169,-0.4406,1.2053
3.5,30.0,5,3.03,1.75,[4.27 5.75],[2. 2.],5.15,0.03,5.04,0.0,0.9792,0.0,5.2865,0.0871,-9.1249,0.1483,1.7694,0.0052,1.745,0.0,4.997,1.216,6.6204,1.1869,2.7065,0.0377,0.5368,0.1058,88.3493,10.4519,0.2058,0.0107
3.5,30.0,6,3.03,1.75,[4.11 6.36],[2. 2.],4.83,0.04,9.68,0.11,0.8333,0.1458,4.99,0.0826,-8.6134,0.1426,1.7502,0.0057,1.745,0.0,8.3214,1.4291,8.472,4.4775,2.0987,0.9697,0.8477,0.4762,121.3669,32.1172,-0.3185,1.0718
3.5,30.0,7,3.03,1.75,[3.36 4.93],[2. 2.],5.25,0.0,4.14,0.0,0.8125,0.0208,5.4341,0.0646,-9.3815,0.1151,1.7751,0.0081,1.745,0.0,5.3513,2.6786,7.1946,2.1103,2.6803,0.428,0.342,0.1576,86.2035,20.0565,0.1444,0.4563
3.5,37.5,3,2.78,2.13,[3.23 3.96],[2. 2.],4.95,0.04,7.73,0.0,0.9583,0.0417,5.115,0.0909,-6.6347,0.1194,1.6834,0.0094,2.126,0.0,6.855,1.3567,7.8856,1.8605,2.18,0.5811,1.1715,0.3686,107.2356,24.0145,-0.0045,0.7093
3.5,37.5,4,2.78,2.13,[5.19 6.55],[2. 2.],5.01,0.0,5.44,0.0,1.0,0.0,5.1466,0.073,-6.6791,0.0971,1.684,0.0082,2.126,0.0,4.7576,0.7178,7.1736,1.5556,2.4238,0.023,0.9598,0.0702,93.491,7.3806,0.2041,0.0065
3.5,37.5,5,2.78,2.13,[4.   4.01],[2. 2.],4.94,0.01,7.89,0.03,0.9583,0.0417,5.0877,0.0748,-6.6005,0.0943,1.6758,0.0128,2.126,0.0,7.1917,1.1888,7.2294,1.499,2.0375,0.784,1.0743,0.4806,115.2768,27.6404,-0.1836,0.9537
3.5,37.5,6,2.78,2.13,[5.87 7.35],[2. 2.],4.88,0.0,8.28,0.05,0.75,0.25,5.0226,0.0616,-6.5183,0.0777,1.6729,0.0107,2.126,0.0,8.2765,0.8664,6.9151,0.6195,2.1273,0.6362,1.1128,0.3914,122.2965,22.6385,-0.0453,0.7807
3.5,37.5,7,2.78,2.13,[4.37 6.74],[2. 2.],5.12,0.0,7.49,0.0,1.0,0.0,5.2522,0.0734,-6.8161,0.0972,1.6951,0.0057,2.126,0.0,5.3745,0.6276,9.2343,1.7143,2.3698,0.0317,1.3223,0.0519,90.6663,6.3161,0.1768,0.0048
3.5,45.0,0,2.47,2.47,[5.14 6.55],[2. 2.],4.89,0.01,8.2,0.01,0.9792,0.0208,5.007,0.0718,-4.9852,0.0725,1.6055,0.0075,2.47,0.0,8.6051,1.0626,7.475,1.193,1.556,0.8578,1.1338,0.7078,137.1802,30.2688,-0.4738,1.2127
3.5,45.0,1,2.47,2.47,[6.23 3.83],[2. 2.],4.9,0.0,7.42,0.0,0.9583,0.0208,5.0168,0.0831,-4.9938,0.0841,1.5919,0.0106,2.47,0.0,7.389,1.3104,7.392,1.2408,1.7179,0.7278,1.2042,0.5755,127.7984,25.3796,-0.2433,1.0467
3.5,45.0,2,2.47,2.47,[3.   3.49],[2. 2.],4.86,0.0,6.1,0.0,1.0,0.0,4.9755,0.0724,-4.9544,0.0724,1.5891,0.0073,2.47,0.0,6.0452,1.0604,7.1621,1.7508,1.864,0.6377,1.1308,0.4453,118.6971,24.1154,-0.0894,0.8817
3.5,45.0,3,2.47,2.47,[4.09 4.92],[2. 2.],4.67,0.0,4.39,0.0,0.7917,0.0208,4.8196,0.0579,-4.7934,0.0576,1.5874,0.0061,2.47,0.0,4.7705,0.9913,7.4982,3.2436,2.1499,0.0171,0.5413,0.3231,143.1324,31.582,0.2771,0.0337
3.5,45.0,4,2.47,2.47,[5.82 4.47],[2. 2.],4.75,0.01,6.47,0.46,0.6458,0.3542,4.9013,0.0618,-4.8736,0.0621,1.5959,0.0065,2.47,0.0,7.5945,1.0739,6.6735,1.1774,2.067,0.0265,1.2237,0.1346,127.8417,15.946,0.2176,0.0131
3.5,45.0,5,2.47,2.47,[3.71 5.49],[2. 2.],5.03,0.01,6.67,0.07,1.0,0.0,5.1771,0.0709,-5.1507,0.0728,1.606,0.0073,2.47,0.0,5.0214,0.6366,10.3538,1.7559,2.0809,0.0159,1.5012,0.0539,95.8514,6.1778,0.1897,0.0047
3.5,45.0,6,2.47,2.47,[3.75 6.57],[2. 2.],5.0,0.07,8.84,0.08,0.9167,0.0833,5.1074,0.0802,-5.081,0.0784,1.6162,0.0076,2.47,0.0,8.5636,1.0639,8.0382,1.2892,1.76,0.626,1.4395,0.5571,124.1562,23.183,-0.1376,0.9015
3.5,45.0,7,2.47,2.47,[3.84 4.04],[2. 2.],4.78,0.0,6.25,0.19,0.8333,0.1458,4.9251,0.0535,-4.8986,0.0549,1.5934,0.0122,2.47,0.0,7.2018,0.9563,6.4453,0.8996,2.0251,0.3276,1.1886,0.2481,122.7434,18.1302,0.1451,0.45
3.5,52.5,3,2.13,2.78,[5.99 3.13],[2. 2.],4.73,0.03,6.39,0.04,0.9167,0.0833,4.847,0.0712,-3.6957,0.0539,1.5232,0.0133,2.772,0.0,7.4355,0.7475,6.7534,0.7254,1.724,0.0156,1.4917,0.1175,128.011,14.0205,0.2211,0.0107
3.5,52.5,4,2.13,2.78,[3.3  6.96],[2. 2.],4.85,0.0,7.63,0.0,0.9375,0.0625,4.9712,0.0685,-3.7906,0.0539,1.5416,0.0078,2.772,0.0,7.9039,0.6683,7.2602,0.732,1.6376,0.2474,1.6825,0.2852,125.7979,15.0734,0.1394,0.4195
3.5,52.5,5,2.13,2.78,[4.93 5.89],[2. 2.],4.74,0.01,5.97,0.08,1.0,0.0,4.8603,0.0624,-3.7051,0.0468,1.5196,0.0179,2.772,0.0,6.7533,0.9507,6.7531,1.3278,1.6766,0.3478,1.3834,0.3263,125.3922,16.1607,0.1047,0.5653
3.5,52.5,6,2.13,2.78,[5.24 7.34],[2. 2.],4.89,0.01,7.96,0.0,0.9792,0.0208,5.0256,0.0726,-3.8313,0.0537,1.529,0.0081,2.772,0.0,7.7885,1.1006,8.2876,1.6345,1.6426,0.2422,1.7608,0.283,122.0505,13.9294,0.1352,0.4181
3.5,52.5,7,2.13,2.78,[3.37 3.58],[2. 2.],4.8,0.0,6.03,0.0,1.0,0.0,4.9315,0.061,-3.7594,0.0471,1.5367,0.0086,2.772,0.0,5.9722,0.8562,7.8208,1.9763,1.7493,0.0139,1.5574,0.0744,112.2297,8.3675,0.2127,0.0066
3.5,60.0,0,1.75,3.03,[3.39 5.37],[2. 2.],4.73,0.0,7.09,0.01,1.0,0.0,4.8208,0.0701,-2.7627,0.0399,1.4684,0.0094,3.026,0.0,7.0926,0.7803,7.158,0.8528,1.218,0.3718,1.6418,0.5294,140.6874,16.1603,-0.0238,0.8074
3.5,60.0,1,1.75,3.03,[4.05 6.78],[2. 2.],4.85,0.06,8.42,0.01,0.9583,0.0417,5.0322,0.1142,-2.8848,0.066,1.482,0.0166,3.026,0.0,7.0078,1.0835,9.2794,2.5929,1.2632,0.0339,2.0556,0.0976,128.725,13.4779,0.1978,0.0094
3.5,60.0,2,1.75,3.03,[6.39 5.54],[2. 2.],4.93,0.0,6.68,0.02,1.0,0.0,5.0658,0.0853,-2.9036,0.0498,1.4935,0.01,3.026,0.0,4.6676,0.9241,12.3669,1.4269,1.3404,0.0269,1.9709,0.0644,106.7026,7.6115,0.1995,0.0055
3.5,60.0,3,1.75,3.03,[6.39 6.1 ],[2. 2.],4.72,0.0,7.98,0.04,0.6667,0.3333,4.8814,0.0436,-2.7961,0.0265,1.469,0.0166,3.026,0.0,7.5809,0.592,7.7989,0.9889,1.3127,0.0146,1.932,0.0551,137.6749,8.2781,0.2102,0.0061
3.5,60.0,4,1.75,3.03,[5.87 4.88],[2. 2.],4.59,0.0,5.82,0.12,0.8542,0.1458,4.713,0.0468,-2.6989,0.0281,1.457,0.0081,3.026,0.0,6.593,0.5874,6.0741,0.7855,1.3297,0.2099,1.5064,0.2641,136.7816,12.2277,0.1656,0.456
3.5,60.0,5,1.75,3.03,[2.81 5.32],[2. 2.],4.77,0.04,7.85,0.0,0.75,0.25,4.9113,0.058,-2.8142,0.0319,1.4716,0.0074,3.026,0.0,7.5878,0.4647,7.7391,1.0941,1.294,0.0285,1.9241,0.0755,135.8666,9.5967,0.2086,0.0068
3.5,60.0,6,1.75,3.03,[3.94 4.65],[2. 2.],4.87,0.0,9.79,0.21,0.8125,0.1875,5.0044,0.0558,-2.8681,0.0323,1.4946,0.0066,3.026,0.0,7.9175,0.6079,9.2352,1.4814,1.2306,0.2037,2.0541,0.3559,142.7168,13.9667,0.1214,0.465
3.5,60.0,7,1.75,3.03,[3.54 7.  ],[2. 2.],4.88,0.0,7.39,0.01,1.0,0.0,4.9926,0.0725,-2.8604,0.0411,1.4796,0.0181,3.026,0.0,6.6829,0.8547,9.11,2.6605,1.2492,0.2533,1.8936,0.4159,122.306,15.4261,0.0802,0.5824
3.5,67.5,3,1.34,3.23,[3.04 6.79],[2. 2.],4.66,0.02,6.85,0.01,0.9583,0.0417,4.7891,0.0752,-1.963,0.03,1.4089,0.017,3.229,0.0,6.3618,0.4868,7.579,1.1663,0.9303,0.0272,1.9595,0.0918,136.9074,10.0879,0.2223,0.0092
3.5,67.5,4,1.34,3.23,[6.32 7.92],[2. 2.],4.77,0.0,7.51,0.0,0.9792,0.0208,4.8758,0.0757,-1.9984,0.0313,1.4279,0.0102,3.229,0.0,6.3169,0.5525,8.4266,1.8682,0.9044,0.0338,2.073,0.0907,136.4062,12.0504,0.2134,0.0091
3.5,67.5,5,1.34,3.23,[3.45 4.19],[2. 2.],4.45,0.0,4.19,0.01,0.9792,0.0208,4.5448,0.0597,-1.862,0.0251,1.3803,0.0196,3.229,0.0,4.3264,0.8078,5.946,1.7044,1.0087,0.0115,1.3834,0.123,128.6011,12.1473,0.2662,0.0115
3.5,67.5,6,1.34,3.23,[4.16 4.51],[2. 2.],4.67,0.0,5.47,0.03,1.0,0.0,4.8019,0.0634,-1.9687,0.0266,1.4113,0.009,3.229,0.0,,,,,,,,,,,,
3.5,67.5,7,1.34,3.23,[2.83 4.11],[2. 2.],4.49,0.0,5.43,0.06,0.7917,0.2083,4.6137,0.0533,-1.8906,0.0216,1.3827,0.0161,3.229,0.0,5.6571,0.5349,6.1533,0.7637,0.952,0.1579,1.5899,0.2892,139.4923,13.6487,0.1718,0.4679
3.5,74.9,0,0.91,3.38,[3.38 7.33],[2. 2.],4.65,0.02,8.13,0.02,0.9167,0.0833,4.7788,0.0649,-1.2618,0.0177,1.3834,0.0096,3.376,0.0,4.6421,0.8655,8.4554,1.289,0.37,0.1654,1.8739,0.807,157.2641,11.7882,-0.18,1.0058
3.5,74.9,1,0.91,3.38,[3.97 3.06],[2. 2.],4.55,0.0,7.7,0.03,0.7292,0.2708,4.6701,0.0549,-1.2327,0.0148,1.3621,0.0112,3.376,0.0,5.0773,0.6527,8.4419,1.3302,0.4756,0.027,2.0742,0.0647,160.0128,7.1636,0.2304,0.0048
3.5,74.9,2,0.91,3.38,[2.86 5.79],[2. 2.],4.72,0.0,8.35,0.0,0.9583,0.0208,4.8249,0.0851,-1.274,0.0229,1.3981,0.012,3.376,0.0,5.1638,0.8235,9.039,1.7137,0.4023,0.1618,1.9708,0.7449,154.5016,14.7219,-0.0941,0.8901
3.5,74.9,3,0.91,3.38,[3.13 7.48],[2. 2.],4.56,0.01,5.87,0.02,1.0,0.0,4.6718,0.0579,-1.2321,0.0154,1.3772,0.0089,3.376,0.0,4.4445,0.5272,6.7991,1.2958,0.5087,0.0153,1.9205,0.0804,136.6921,9.6574,0.2362,0.0077
3.5,74.9,4,0.91,3.38,[3.74 6.8 ],[2. 2.],4.42,0.0,5.13,0.01,0.9167,0.0833,4.5217,0.0486,-1.1925,0.0131,1.3348,0.0183,3.376,0.0,4.3915,0.4698,5.8154,0.6793,0.5461,0.0167,1.646,0.0932,146.6587,10.6853,0.2605,0.0096
3.5,74.9,5,0.91,3.38,[5.15 7.65],[2. 2.],4.51,0.0,6.5,0.0,0.8333,0.1667,4.6452,0.052,-1.225,0.0136,1.3672,0.0158,3.376,0.0,4.8393,0.7402,7.1674,0.9857,0.4828,0.0826,1.8746,0.3197,153.0451,8.6159,0.1696,0.4322
3.5,74.9,6,0.91,3.38,[3.02 4.68],[2. 2.],4.74,0.0,7.94,0.01,1.0,0.0,4.8646,0.0689,-1.2841,0.0182,1.4059,0.0098,3.376,0.0,4.7986,0.6667,8.3584,1.3824,0.4591,0.0253,2.2412,0.0743,142.5035,9.9732,0.2125,0.0076
3.5,74.9,7,0.91,3.38,[5.43 6.94],[2. 2.],4.62,0.0,7.72,0.02,0.8958,0.1042,4.716,0.0543,-1.2438,0.0151,1.3833,0.0097,3.376,0.0,5.5387,0.6477,8.7817,1.2417,0.4403,0.1027,2.0093,0.4696,156.5649,8.4766,0.0949,0.5939
3.5,82.4,3,0.46,3.47,[6.33 5.07],[2. 2.],4.46,0.0,5.34,0.0,1.0,0.0,4.5489,0.0605,-0.5801,0.0079,1.3312,0.0101,3.465,0.0,2.8484,0.5421,6.4005,1.8883,0.0857,0.0177,1.8229,0.1054,143.6124,11.5364,0.2531,0.0102
3.5,82.4,4,0.46,3.47,[6.23 3.57],[2. 2.],4.88,0.0,9.82,0.02,1.0,0.0,5.0102,0.0708,-0.6405,0.0096,1.3977,0.0099,3.465,0.0,4.2968,1.6148,10.3668,2.2275,-0.0368,0.0308,2.0475,1.0699,151.272,15.7725,-0.3359,1.1113
3.5,82.4,5,0.46,3.47,[5.11 4.25],[2. 2.],4.5,0.0,7.43,0.07,0.9167,0.0833,4.6232,0.062,-0.5898,0.0078,1.3495,0.0113,3.465,0.0,4.3895,0.6621,7.5351,1.2147,0.0283,0.0174,2.0441,0.3365,162.5235,5.2687,0.1702,0.4188
3.5,82.4,6,0.46,3.47,[3.61 3.29],[2. 2.],4.22,0.06,3.79,0.01,0.4167,0.5833,4.3438,0.0502,-0.5538,0.0065,1.2953,0.0197,3.465,0.0,1.73,0.4339,4.5884,2.0923,0.1474,0.0125,1.2856,0.1549,146.2964,14.8796,0.2986,0.0155
3.5,82.4,7,0.46,3.47,[6.31 4.22],[2. 2.],4.28,0.0,5.33,0.04,0.6042,0.3958,4.3832,0.0509,-0.5588,0.0064,1.3033,0.0157,3.465,0.0,,,,,,,,,,,,
3.5,90.0,0,0.0,3.5,[4.02 6.05],[2. 2.],4.14,0.0,4.02,0.01,0.9167,0.0833,4.242,0.0424,0.018,0.0001,1.2585,0.0083,3.495,0.0,1.352,0.2149,3.3136,0.8485,-0.3016,0.0641,1.1389,0.2923,166.588,8.8543,0.1753,0.6292
3.5,90.0,1,0.0,3.5,[3.87 6.66],[2. 2.],4.46,0.0,6.45,0.05,1.0,0.0,4.5669,0.0589,0.0181,0.0002,1.3323,0.0123,3.495,0.0,2.5866,0.7707,6.1314,1.5291,-0.2249,0.1907,0.9527,1.0849,169.0472,12.2799,-1.1546,1.4598
3.5,90.0,2,0.0,3.5,[3.2  7.59],[2. 2.],4.46,0.0,6.74,0.07,1.0,0.0,4.5396,0.0603,0.0181,0.0003,1.3077,0.0134,3.495,0.0,2.776,0.7077,5.9999,1.296,-0.2258,0.1919,1.0043,1.0889,170.0858,10.1178,-1.0927,1.4546
3.5,90.0,3,0.0,3.5,[3.69 3.39],[2. 2.],4.22,0.01,3.58,0.0,0.625,0.375,4.2695,0.0421,0.0181,0.0002,1.2603,0.0141,3.495,0.0,1.0421,0.185,2.7784,1.3085,-0.2913,0.0145,1.1131,0.1257,155.7781,10.3055,0.3176,0.0132
3.5,90.0,4,0.0,3.5,[3.25 3.46],[2. 2.],4.36,0.0,5.49,0.06,1.0,0.0,4.4586,0.0562,0.0181,0.0003,1.3159,0.0099,3.495,0.0,2.1125,0.6814,5.5471,1.2707,-0.3122,0.1176,1.5225,0.6361,159.9113,10.903,-0.0927,0.9422
3.5,90.0,5,0.0,3.5,[4.6  6.77],[2. 2.],4.53,0.02,7.04,0.0,0.9792,0.0,4.6545,0.0709,0.0182,0.0004,1.3481,0.0132,3.495,0.0,2.7287,0.9364,7.0653,1.5995,-0.3046,0.1752,1.5465,1.0051,159.9905,13.876,-0.4986,1.2501
3.5,90.0,6,0.0,3.5,[4.54 5.84],[2. 2.],4.56,0.01,7.59,0.04,0.9583,0.0,4.6718,0.0594,0.0182,0.0004,1.3511,0.0113,3.495,0.0,3.1115,0.936,7.0638,1.5354,-0.2193,0.2111,0.9515,1.1811,169.395,12.0798,-1.2609,1.428
3.5,90.0,7,0.0,3.5,[5.2  6.94],[2. 2.],4.68,0.0,7.86,0.03,1.0,0.0,4.7809,0.0616,0.0181,0.0003,1.3681,0.0114,3.495,0.0,3.2898,1.0765,7.9259,2.36,-0.3811,0.1564,1.9266,0.871,155.5784,11.5297,-0.197,1.0116
3.8,45.0,0,2.69,2.69,[2.75 3.95],[2. 2.],4.8,0.0,6.09,0.26,0.9792,0.0,4.9108,0.0669,-4.8884,0.0665,1.5504,0.0078,2.682,0.0,7.3255,1.8023,7.9331,1.606,1.5188,1.0913,0.8823,0.7438,136.1692,32.6549,-0.7648,1.3679
3.8,45.0,1,2.69,2.69,[4.81 7.3 ],[2. 2.],4.81,0.0,5.68,0.0,0.9792,0.0,4.9215,0.064,-4.9004,0.064,1.5379,0.011,2.682,0.0,7.0762,1.5518,7.7536,1.7961,1.5243,1.0933,0.8565,0.7305,136.0643,32.0835,-0.7694,1.3769
3.8,45.0,2,2.69,2.69,[6.01 5.23],[2. 2.],4.99,0.0,6.32,0.01,1.0,0.0,5.1332,0.0759,-5.1125,0.0752,1.5666,0.0078,2.682,0.0,5.5425,0.8479,11.4097,1.6377,1.9705,0.806,1.3873,0.6381,109.2375,30.1297,-0.2257,1.021
3.8,60.0,0,1.9,3.29,[3.96 4.79],[2. 2.],4.71,0.0,6.59,0.07,1.0,0.0,4.8449,0.0666,-2.7788,0.0387,1.4032,0.0127,3.286,0.0,7.5908,0.9626,8.8542,2.2835,1.4165,0.292,1.9711,0.4364,131.7195,36.4431,0.0971,0.5727
3.8,60.0,1,1.9,3.29,[6.   4.83],[2. 2.],5.05,0.0,9.06,0.44,1.0,0.0,5.1766,0.0877,-2.9693,0.0494,1.4525,0.0111,3.286,0.0,7.9362,1.3513,11.6094,3.2239,1.2341,0.4186,2.1894,0.7857,128.5082,21.569,-0.1122,0.878
3.8,60.0,2,1.9,3.29,[5.81 6.02],[2. 2.],4.95,0.0,8.63,0.02,0.9792,0.0208,5.1048,0.0804,-2.9282,0.0462,1.4456,0.0175,3.286,0.0,7.9454,1.1449,10.4756,3.0073,1.3119,0.3445,2.2229,0.613,126.7041,18.0413,0.0084,0.7039
3.8,75.0,0,0.98,3.67,[5.6  3.68],[2. 2.],4.39,0.0,5.85,0.0,0.9583,0.0417,4.4932,0.0534,-1.187,0.0144,1.2832,0.0101,3.666,0.0,4.7639,0.7805,7.403,1.2133,0.5257,0.1919,1.8089,0.669,159.0185,10.3076,-0.0684,0.9255
3.8,75.0,1,0.98,3.67,[2.77 5.21],[2. 2.],4.43,0.0,5.38,0.0,1.0,0.0,4.5226,0.0617,-1.1946,0.0164,1.2637,0.011,3.666,0.0,5.1216,0.5758,7.662,1.7355,0.6199,0.0208,2.0298,0.1004,143.7023,11.6793,0.2529,0.0094
3.8,75.0,2,0.98,3.67,[4.02 4.96],[2. 2.],4.55,0.02,6.78,0.03,1.0,0.0,4.6724,0.0668,-1.2346,0.0179,1.3006,0.0111,3.666,0.0,5.7124,0.7455,9.3182,1.6684,0.5595,0.0872,2.2402,0.3543,149.3883,12.0177,0.1709,0.4234
3.8,90.0,0,0.0,3.8,[6.09 5.44],[2. 2.],4.36,0.01,5.72,0.0,1.0,0.0,4.4668,0.0597,0.0169,0.0004,1.2405,0.0142,3.795,0.0,2.3226,0.9292,7.2719,1.6484,-0.2813,0.152,1.554,1.0017,162.1035,12.7577,-0.4717,1.2621
3.8,90.0,1,0.0,3.8,[6.18 3.03],[2. 2.],4.19,0.02,4.61,0.07,1.0,0.0,4.2831,0.0633,0.0166,0.0005,1.213,0.0142,3.795,0.0,1.774,0.5118,5.9781,1.5393,-0.2946,0.1108,1.5636,0.646,159.3058,14.1986,-0.0848,0.9777
3.8,90.0,2,0.0,3.8,[5.84 7.94],[2. 2.],4.39,0.01,7.29,0.0,0.9792,0.0208,4.4908,0.0673,0.0168,0.0004,1.2425,0.0134,3.795,0.0,3.8247,0.5975,8.6264,1.9994,-0.2067,0.1974,0.9953,1.262,175.5373,5.9783,-1.3066,1.455
4.0,22.5,3,3.7,1.53,[5.89 7.05],[2. 2.],4.79,0.0,8.21,0.04,0.9167,0.0,4.8996,0.0634,-11.819,0.1542,1.7795,0.0074,1.526,0.0,6.5209,2.896,11.5982,5.782,1.4762,1.6143,0.1309,0.3988,157.1932,34.1026,-1.4261,1.486
4.0,22.5,4,3.7,1.53,[6.1  7.61],[2. 2.],4.78,0.06,8.72,0.27,0.9167,0.0,4.9004,0.077,-11.82,0.1872,1.7886,0.0049,1.526,0.0,6.6889,2.7253,10.0055,5.2348,1.6163,1.6155,0.1837,0.4186,155.9794,34.3225,-1.277,1.4764
4.0,22.5,5,3.7,1.53,[3.86 6.25],[2. 2.],4.9,0.0,7.62,0.0,0.875,0.0,5.0224,0.0725,-12.1158,0.1763,1.7922,0.0076,1.526,0.0,7.2456,1.649,8.1617,2.9847,1.2491,1.5887,0.1363,0.4212,150.1173,40.0591,-1.6524,1.4419
4.0,22.5,6,3.7,1.53,[3.89 5.26],[2. 2.],5.27,0.0,5.16,0.0,0.7708,0.0833,5.3824,0.0836,-12.9867,0.2,1.8134,0.0044,1.526,0.0,6.2736,1.7232,7.3149,1.5287,3.4121,0.0575,0.4631,0.1263,76.8526,13.4872,0.1921,0.0147
4.0,22.5,7,3.7,1.53,[5.31 4.54],[2. 2.],5.23,0.0,5.07,0.0,0.9792,0.0208,5.3923,0.0645,-13.0103,0.1568,1.8078,0.0034,1.526,0.0,5.6707,2.2385,7.0184,2.2971,3.266,0.6863,0.3958,0.1538,83.0536,23.1023,0.0686,0.605
4.0,30.0,3,3.46,2.0,[6.02 7.87],[2. 2.],5.07,0.0,7.58,0.06,0.9583,0.0,5.1913,0.0754,-8.9625,0.134,1.7078,0.0096,1.995,0.0,7.4139,1.5121,9.1367,1.9539,2.0555,1.4272,0.7378,0.6411,121.4732,40.773,-0.7419,1.3231
4.0,30.0,4,3.46,2.0,[5.51 5.75],[2. 2.],5.03,0.0,9.54,0.0,1.0,0.0,5.1574,0.0788,-8.9056,0.1386,1.702,0.0123,1.995,0.0,9.5846,1.6031,8.7413,1.5635,0.9949,1.3932,0.3227,0.7234,153.9719,36.5391,-1.7045,1.3266
4.0,30.0,5,3.46,2.0,[3.51 4.4 ],[2. 2.],5.12,0.0,7.26,0.01,0.9792,0.0,5.262,0.0815,-9.0882,0.1398,1.7137,0.0122,1.995,0.0,6.5994,0.9315,9.9634,1.8678,2.4234,1.2584,0.8969,0.5544,107.166,37.8473,-0.4217,1.1507
4.0,30.0,6,3.46,2.0,[6.42 4.83],[2. 2.],4.9,0.02,5.89,0.04,0.9583,0.0,5.002,0.0698,-8.6383,0.1201,1.7006,0.0059,1.995,0.0,5.8983,2.3795,8.0177,3.4979,1.6075,1.5364,0.2174,0.4327,154.7074,32.3111,-1.1451,1.4384
4.0,30.0,7,3.46,2.0,[4.52 5.16],[2. 2.],4.89,0.01,7.39,0.08,0.9167,0.0,5.0058,0.0761,-8.6424,0.1324,1.7009,0.0066,1.995,0.0,8.3506,1.4584,8.6012,2.5787,0.8173,1.3436,0.1274,0.5181,163.2476,30.0617,-1.8773,1.2739
4.0,37.6,3,3.17,2.44,[6.1  7.04],[2. 2.],4.69,0.0,6.06,0.0,0.8542,0.1458,4.794,0.0708,-6.2232,0.0907,1.5765,0.0088,2.43,0.0,7.9013,2.1959,10.1486,3.2617,1.22,1.3892,0.3,0.5442,168.0421,22.9652,-1.3632,1.4242
4.0,37.6,4,3.17,2.44,[5.47 3.83],[2. 2.],5.05,0.0,9.36,0.0,0.9792,0.0,5.1841,0.0711,-6.7292,0.0942,1.6311,0.0064,2.43,0.0,10.3398,1.2794,8.714,1.8048,1.5503,1.3194,0.913,0.9313,138.9088,35.5954,-1.0247,1.3954
4.0,37.6,5,3.17,2.44,[2.92 6.19],[2. 2.],4.83,0.04,6.58,0.1,0.7292,0.25,4.9321,0.0687,-6.4007,0.0905,1.6072,0.007,2.43,0.0,9.9307,2.3087,8.4965,4.2862,1.4142,1.373,0.525,0.6924,153.1855,29.3579,-1.2652,1.441
4.0,37.6,6,3.17,2.44,[5.3  3.04],[2. 2.],4.91,0.0,7.46,0.09,0.9167,0.0208,5.0281,0.0763,-6.5275,0.0982,1.6165,0.0073,2.43,0.0,9.7768,1.3225,8.1452,1.0387,1.3681,1.3594,0.6296,0.8084,147.0519,33.9184,-1.2304,1.4268
4.0,37.6,7,3.17,2.44,[3.09 4.42],[2. 2.],4.88,0.0,7.47,0.2,0.9792,0.0208,5.0085,0.0714,-6.5031,0.0923,1.6078,0.0147,2.43,0.0,10.0596,1.465,8.0763,1.0147,0.9857,1.3067,0.3933,0.7574,157.881,30.3883,-1.6191,1.3714
4.0,45.0,3,2.83,2.83,[3.18 4.42],[2. 2.],4.57,0.02,4.17,0.0,0.8125,0.1875,4.7136,0.0603,-4.6907,0.0615,1.5008,0.0077,2.824,0.0,7.1384,1.1843,6.6504,2.3027,1.6004,1.2002,0.6065,0.5964,142.7124,31.0819,-0.7798,1.3912
4.0,45.0,4,2.83,2.83,[4.24 6.11],[2. 2.],5.06,0.0,9.3,0.5,0.9792,0.0,5.2001,0.0779,-5.1773,0.0784,1.5541,0.0082,2.824,0.0,10.1747,1.7132,10.8704,2.6972,2.1916,0.5672,1.9176,0.5396,114.9041,20.1858,-0.0613,0.7924
4.0,45.0,5,2.83,2.83,[3.37 4.48],[2. 2.],4.95,0.0,8.12,0.01,0.9583,0.0,5.096,0.0722,-5.0725,0.0727,1.526,0.0079,2.824,0.0,10.3113,1.4917,9.7427,2.071,1.7513,1.0331,1.3778,0.9089,131.803,29.4636,-0.5492,1.2445
4.0,45.0,6,2.83,2.83,[4.5  4.52],[2. 2.],4.61,0.0,4.97,0.03,0.8958,0.0833,4.7195,0.0529,-4.6983,0.0527,1.4889,0.0142,2.824,0.0,8.6969,1.0582,7.0177,1.0008,1.3112,1.215,0.5401,0.6833,156.0213,29.4329,-1.1572,1.4383
4.0,45.0,7,2.83,2.83,[3.64 5.86],[2. 2.],4.71,0.0,5.24,0.0,1.0,0.0,4.8514,0.0591,-4.8281,0.0588,1.5053,0.0151,2.824,0.0,7.6925,1.3835,8.4165,1.8695,1.75,1.1178,0.9644,0.7258,132.0092,31.2527,-0.6113,1.3062
4.0,52.4,3,2.44,3.17,[6.32 6.14],[2. 2.],4.83,0.0,7.78,0.0,1.0,0.0,4.9577,0.0648,-3.7832,0.0504,1.4433,0.0153,3.169,0.0,10.3179,0.7553,8.6936,1.4202,1.5336,0.8359,1.608,0.9394,139.83,23.7526,-0.4494,1.1981
4.0,52.4,4,2.44,3.17,[3.54 4.68],[2. 2.],5.0,0.0,8.51,0.15,1.0,0.0,5.1259,0.0718,-3.9113,0.0555,1.4627,0.0128,3.169,0.0,10.2758,1.0188,10.1936,2.2499,1.6953,0.6414,1.9852,0.8044,126.8125,22.8968,-0.1702,0.94
4.0,52.4,5,2.44,3.17,[4.99 7.14],[2. 2.],5.07,0.02,9.5,0.02,1.0,0.0,5.1944,0.0767,-3.9649,0.0595,1.4712,0.0155,3.169,0.0,10.2638,1.0356,10.5676,2.6661,1.8483,0.3862,2.2758,0.4999,124.1122,15.4137,0.0667,0.5593
4.0,52.4,6,2.44,3.17,[5.57 7.93],[2. 2.],4.88,0.0,8.03,0.0,1.0,0.0,4.9886,0.0686,-3.8071,0.053,1.456,0.0188,3.169,0.0,10.3451,0.903,9.082,1.4821,1.7423,0.6545,1.8725,0.7484,134.3318,19.7047,-0.1559,0.9429
4.0,52.4,7,2.44,3.17,[6.43 3.12],[2. 2.],4.97,0.0,8.71,0.01,1.0,0.0,5.0876,0.0697,-3.882,0.0529,1.4629,0.0169,3.169,0.0,10.4176,0.8029,9.6719,1.8658,1.6902,0.6369,1.9798,0.7897,130.0482,20.5056,-0.1643,0.9406
4.0,60.0,3,2.0,3.46,[5.71 6.91],[2. 2.],4.6,0.0,6.54,0.0,0.9375,0.0625,4.7197,0.0578,-2.7056,0.0342,1.367,0.009,3.459,0.0,8.9775,0.6259,9.2529,1.587,1.5127,0.3338,2.0085,0.4626,142.4744,13.2174,0.0998,0.5974
4.0,60.0,4,2.0,3.46,[6.13 5.91],[2. 2.],4.79,0.0,7.01,0.0,1.0,0.0,4.901,0.068,-2.8098,0.0401,1.3772,0.0181,3.459,0.0,8.6512,1.0057,10.1245,2.9812,1.445,0.4315,2.1102,0.6689,129.8705,17.4098,-0.0281,0.7884
4.0,60.0,5,2.0,3.46,[4.6 6.8],[2. 2.],4.79,0.0,7.53,0.0,1.0,0.0,4.9135,0.0687,-2.8176,0.0405,1.3782,0.0179,3.459,0.0,,,,,,,,,,,,
4.0,60.0,6,2.0,3.46,[3.   7.17],[2. 2.],4.92,0.02,6.4,0.05,1.0,0.0,5.0448,0.0784,-2.8929,0.0456,1.4106,0.0106,3.459,0.0,5.8501,0.9351,16.0251,1.9659,1.5912,0.0231,2.3709,0.0597,105.3593,6.9226,0.201,0.0054
4.0,60.0,7,2.0,3.46,[2.77 5.06],[2. 2.],4.81,0.0,5.24,0.0,1.0,0.0,4.9137,0.067,-2.8174,0.0395,1.3717,0.0096,3.459,0.0,4.976,0.6654,15.4335,0.5807,1.6444,0.0159,2.173,0.0625,101.0673,6.6988,0.2154,0.0047
4.0,67.5,3,1.53,3.7,[3.43 7.1 ],[2. 2.],4.51,0.0,6.3,0.1,0.875,0.125,4.6189,0.0636,-1.8952,0.0253,1.3008,0.0111,3.691,0.0,7.7208,0.5423,9.1146,0.971,1.1395,0.0251,2.2463,0.0837,145.6995,9.2702,0.238,0.0077
4.0,67.5,4,1.53,3.7,[6.19 5.74],[2. 2.],4.27,0.01,4.44,0.01,0.9583,0.0208,4.3685,0.0588,-1.7915,0.0239,1.2337,0.0107,3.691,0.0,6.842,0.5324,6.948,0.9102,1.1954,0.0123,1.793,0.1026,141.7813,10.1914,0.2738,0.0102
4.0,67.5,5,1.53,3.7,[6.03 4.47],[2. 2.],4.87,0.01,9.21,0.0,1.0,0.0,4.9906,0.0796,-2.0485,0.0324,1.3352,0.0128,3.691,0.0,8.5177,0.4858,12.1613,2.2772,1.0304,0.1551,2.6751,0.4065,143.1007,12.2511,0.1428,0.3944
4.0,67.5,6,1.53,3.7,[5.18 7.43],[2. 2.],4.78,0.0,8.28,0.0,0.9583,0.0417,4.9145,0.0611,-2.0175,0.0256,1.3369,0.0158,3.691,0.0,8.0298,0.7141,10.2141,1.9682,1.0428,0.1598,2.5774,0.3994,139.2299,10.5958,0.1411,0.4371
4.0,67.5,7,1.53,3.7,[5.47 7.01],[2. 2.],4.65,0.0,6.83,0.02,1.0,0.0,4.744,0.0658,-1.9467,0.0279,1.3218,0.0107,3.691,0.0,7.6651,0.5814,9.0837,1.5932,1.1171,0.0184,2.4036,0.0692,138.8009,8.9588,0.2242,0.0075
4.0,74.9,3,1.04,3.86,[6.37 4.23],[2. 2.],4.2,0.0,4.47,0.0,0.9583,0.0417,4.2944,0.055,-1.1342,0.015,1.1871,0.02,3.859,0.0,5.2869,0.5907,6.7613,1.0123,0.7018,0.0176,1.883,0.1034,151.0805,9.6329,0.2814,0.01
4.0,74.9,4,1.04,3.86,[5.52 6.21],[2. 2.],4.7,0.02,9.38,0.03,0.7708,0.2292,4.813,0.0649,-1.2724,0.0177,1.2826,0.0109,3.859,0.0,7.5885,0.7151,13.4925,1.8534,0.5128,0.1341,2.6431,0.6679,159.9534,7.271,0.059,0.6373
4.0,74.9,5,1.04,3.86,[3.64 6.83],[2. 2.],4.62,0.0,7.42,0.08,1.0,0.0,4.7198,0.0583,-1.2477,0.0162,1.2807,0.0121,3.859,0.0,7.2018,0.9028,11.3854,1.803,0.4917,0.2363,2.1314,1.0146,156.931,12.6544,-0.253,1.0708
4.0,74.9,6,1.04,3.86,[5.68 3.63],[2. 2.],4.61,0.01,6.85,0.0,1.0,0.0,4.7146,0.0759,-1.2465,0.02,1.262,0.0132,3.859,0.0,6.188,0.9036,10.5537,2.1635,0.6216,0.0195,2.5393,0.0889,143.5548,12.0384,0.2261,0.0084
4.0,74.9,7,1.04,3.86,[3.7  4.12],[2. 2.],4.19,0.0,4.19,0.02,0.9583,0.0417,4.2848,0.0479,-1.1313,0.0129,1.1935,0.02,3.859,0.0,5.2948,0.4523,6.389,0.7505,0.7085,0.0149,1.841,0.0964,145.9902,9.1496,0.2838,0.0097
4.0,82.5,3,0.52,3.97,[3.48 7.83],[2. 2.],4.68,0.01,8.42,0.0,0.9792,0.0,4.7933,0.0638,-0.6146,0.0084,1.2719,0.0118,3.961,0.0,5.861,1.649,12.3113,3.788,0.0192,0.0624,1.5567,1.4953,162.5314,15.2041,-1.0025,1.415
4.0,82.5,4,0.52,3.97,[3.16 3.61],[2. 2.],4.27,0.01,5.42,0.01,1.0,0.0,4.3495,0.0485,-0.5565,0.0065,1.1851,0.0101,3.961,0.0,4.509,1.1268,8.1097,1.1507,0.1525,0.0502,2.0513,0.5691,160.2723,8.274,0.0861,0.698
4.0,82.5,5,0.52,3.97,[4.86 7.83],[2. 2.],4.26,0.02,5.54,0.0,1.0,0.0,4.36,0.0625,-0.5579,0.0082,1.172,0.0228,3.961,0.0,4.5406,1.0475,8.3017,1.3016,0.1523,0.0128,2.2148,0.062,160.9528,7.6092,0.2641,0.0059
4.0,82.5,6,0.52,3.97,[4.64 4.08],[2. 2.],4.35,0.02,5.1,0.0,1.0,0.0,4.4415,0.0669,-0.5685,0.0085,1.2001,0.0134,3.961,0.0,3.5244,0.7885,9.1537,2.6338,0.1697,0.0137,2.2704,0.0945,141.4166,10.1654,0.2558,0.009
4.0,82.5,7,0.52,3.97,[4.22 7.64],[2. 2.],4.69,0.02,8.3,0.01,0.9792,0.0,4.7686,0.0715,-0.6113,0.0094,1.2691,0.0125,3.961,0.0,5.2705,1.832,10.9859,1.6982,0.0629,0.0441,2.3555,1.0606,157.4063,11.0188,-0.2064,1.0148
4.0,90.0,3,0.0,4.0,[5.93 7.28],[2. 2.],4.67,0.01,9.43,0.18,0.9167,0.0,4.7776,0.0686,0.016,0.0002,1.2626,0.0139,3.995,0.0,5.5948,0.8045,12.998,2.863,-0.1601,0.2049,0.6689,1.4158,174.1501,9.0174,-1.846,1.2814
4.0,90.0,4,0.0,4.0,[4.41 8.  ],[2. 2.],4.56,0.0,8.14,0.07,0.9583,0.0,4.6779,0.0688,0.016,0.0,1.2233,0.0244,3.995,0.0,5.063,0.9282,11.0661,2.5215,-0.1613,0.1912,0.7618,1.3863,173.3823,9.5542,-1.7075,1.3449
4.0,90.0,5,0.0,4.0,[4.87 4.83],[2. 2.],4.62,0.0,8.64,0.06,0.9792,0.0,4.7313,0.058,0.016,0.0,1.2546,0.0124,3.995,0.0,5.2967,0.9357,12.8662,3.798,-0.0791,0.1308,0.0387,0.8663,177.3707,6.3661,-2.3905,0.7967
4.0,90.0,6,0.0,4.0,[6.27 7.92],[2. 2.],4.42,0.1,7.12,0.2,0.9583,0.0,4.638,0.1528,0.016,0.0,1.2377,0.0282,3.995,0.0,3.518,1.4612,10.8504,3.3674,-0.2836,0.1907,1.6498,1.3699,160.6748,18.4119,-0.8263,1.3789
4.0,90.0,7,0.0,4.0,[6.09 6.84],[2. 2.],4.6,0.0,7.75,0.01,0.9792,0.0,4.7143,0.0588,0.016,0.0001,1.2524,0.0105,3.995,0.0,4.1798,1.564,10.9203,3.9619,-0.3222,0.2008,1.8791,1.3498,161.14,13.3409,-0.628,1.3081
