Vel_d,Phi_d,Trial_num,LR_4Leg,Vel_trg,Phi_trg,Tau_trg_mean,Theta_x_trg_mean,D_ceil_trg_mean,My_mean,Vz_trg_mean,Vx_trg_mean,Mu,Sigma
1.5,30.0,0,0.0,,,,,,,,,[0.784 4.181],[0.351 0.266]
1.5,33.75,0,0.0,,,,,,,,,[0.146 5.703],[0.058 0.703]
1.5,37.5,0,0.39,1.46,31.556,0.227,7.108,0.174,-8.104,0.764,1.244,[0.435 7.02 ],[0.202 0.345]
1.5,41.25,0,0.72,1.438,35.658,0.227,6.104,0.19,-7.909,0.838,1.168,[0.733 3.83 ],[0.134 1.355]
1.5,45.0,0,0.89,1.454,40.285,0.227,5.115,0.215,-7.478,0.94,1.109,[0.591 5.692],[0.347 0.536]
1.5,48.75,0,0.89,1.438,44.183,0.224,4.536,0.225,-7.246,1.002,1.031,[0.724 2.078],[0.2   0.846]
1.5,52.5,0,0.17,1.441,46.322,0.224,4.162,0.235,-6.991,1.042,0.995,[0.368 6.246],[0.196 0.189]
1.5,56.25,0,0.0,,,,,,,,,[0.685 4.256],[0.162 0.814]
1.5,60.0,0,0.0,,,,,,,,,[0.031 3.945],[0.013 2.615]
1.5,63.75,0,0.0,,,,,,,,,[0.21  4.054],[0.036 0.031]
1.5,67.5,0,0.0,,,,,,,,,[0.419 7.714],[0.07  1.113]
1.5,71.25,0,0.0,,,,,,,,,[0.471 5.519],[0.316 0.546]
1.5,75.0,0,0.0,,,,,,,,,[0.443 7.11 ],[0.247 1.027]
1.5,78.75,0,0.0,,,,,,,,,[1.054 3.74 ],[0.482 1.991]
1.5,82.5,0,0.0,,,,,,,,,[0.404 2.959],[0.186 1.17 ]
1.5,86.25,0,0.0,,,,,,,,,[0.356 5.459],[0.092 0.673]
1.5,90.0,0,0.0,,,,,,,,,[0.563 6.656],[0.56  0.359]
1.6,30.0,0,0.0,,,,,,,,,[1.673 6.507],[1.245 1.242]
1.6,33.75,0,0.11,1.607,28.878,0.228,7.634,0.182,-8.01,0.776,1.407,[0.792 2.61 ],[0.254 0.343]
1.6,37.5,0,0.61,1.553,32.084,0.228,6.939,0.188,-7.999,0.825,1.316,[0.359 7.453],[0.26  1.327]
1.6,41.25,0,0.89,1.565,36.584,0.228,5.818,0.214,-7.714,0.933,1.257,[0.692 6.81 ],[0.73  0.526]
1.6,45.0,0,0.89,1.545,40.38,0.228,5.073,0.23,-7.403,1.001,1.177,[0.269 6.16 ],[0.142 0.969]
1.6,48.75,0,0.94,1.531,44.444,0.225,4.466,0.242,-7.156,1.072,1.093,[0.247 2.527],[0.071 0.207]
1.6,52.5,0,0.61,1.528,48.423,0.221,3.962,0.253,-6.933,1.143,1.014,[0.867 5.562],[0.631 0.543]
1.6,56.25,0,0.0,,,,,,,,,[1.213 8.339],[0.388 0.992]
1.6,60.0,0,0.0,,,,,,,,,[0.688 5.953],[0.305 0.746]
1.6,63.75,0,0.0,,,,,,,,,[0.468 5.914],[0.346 1.06 ]
1.6,67.5,0,0.0,,,,,,,,,[0.665 6.65 ],[0.267 1.033]
1.6,71.25,0,0.0,,,,,,,,,[0.726 3.187],[0.426 1.008]
1.6,75.0,0,0.0,,,,,,,,,[0.784 4.981],[0.185 1.729]
1.6,78.75,0,0.0,,,,,,,,,[0.792 2.357],[0.354 1.267]
1.6,82.5,0,0.0,,,,,,,,,[0.219 6.432],[0.048 0.804]
1.6,86.25,0,0.0,,,,,,,,,[0.299 5.748],[0.072 0.949]
1.6,90.0,0,0.0,,,,,,,,,[0.029 7.311],[0.193 0.801]
1.7,30.0,0,0.0,,,,,,,,,[1.019 8.642],[0.474 0.982]
1.7,33.75,0,0.17,1.721,28.68,0.225,7.864,0.189,-8.149,0.826,1.51,[1.372 7.321],[0.515 0.437]
1.7,37.5,0,0.72,1.674,32.608,0.228,6.821,0.206,-7.871,0.902,1.41,[0.421 2.061],[0.127 1.454]
1.7,41.25,0,0.83,1.65,36.571,0.228,5.825,0.226,-7.657,0.983,1.325,[0.654 4.839],[0.167 0.443]
1.7,45.0,0,0.78,1.659,40.354,0.227,5.145,0.244,-7.457,1.074,1.264,[1.389 4.711],[0.519 0.039]
1.7,48.75,0,0.83,1.629,44.652,0.226,4.416,0.26,-7.054,1.145,1.159,[0.313 6.573],[0.39  0.734]
1.7,52.5,0,0.78,1.611,48.901,0.222,3.907,0.269,-6.879,1.214,1.059,[0.471 4.812],[0.221 0.923]
1.7,56.25,0,0.33,1.638,52.738,0.218,3.423,0.286,-6.624,1.304,0.992,[0.407 6.57 ],[0.171 1.942]
1.7,60.0,0,0.11,1.618,56.212,0.218,3.023,0.294,-6.289,1.345,0.9,[0.62  4.225],[0.201 0.128]
1.7,63.75,0,0.0,,,,,,,,,[0.884 5.333],[0.497 3.172]
1.7,67.5,0,0.0,,,,,,,,,[0.259 8.48 ],[0.159 1.17 ]
1.7,71.25,0,0.0,,,,,,,,,[1.054 7.556],[0.471 2.147]
1.7,75.0,0,0.0,,,,,,,,,[0.881 3.835],[0.199 1.043]
1.7,78.75,0,0.0,,,,,,,,,[0.215 3.848],[0.527 1.757]
1.7,82.5,0,0.0,,,,,,,,,[0.148 6.936],[0.117 1.252]
1.7,86.25,0,0.0,,,,,,,,,[0.684 4.498],[0.158 2.145]
1.7,90.0,0,0.0,,,,,,,,,[0.118 3.756],[0.043 0.923]
1.8,30.0,0,0.0,,,,,,,,,[1.647 6.783],[0.537 1.443]
1.8,33.75,0,0.28,1.777,29.205,0.226,7.785,0.198,-8.076,0.867,1.551,[0.489 3.366],[0.192 0.367]
1.8,37.5,0,0.78,1.774,32.803,0.228,6.736,0.22,-7.809,0.961,1.491,[0.541 8.724],[0.166 1.046]
1.8,41.25,0,0.78,1.75,36.916,0.227,5.803,0.239,-7.661,1.051,1.399,[0.321 5.007],[0.221 0.435]
1.8,45.0,0,0.83,1.751,41.017,0.226,5.03,0.261,-7.386,1.149,1.321,[0.59  4.854],[0.347 0.397]
1.8,48.75,0,0.94,1.741,45.14,0.225,4.363,0.279,-7.057,1.234,1.228,[0.382 4.928],[0.16  0.742]
1.8,52.5,0,0.83,1.724,48.833,0.222,3.87,0.29,-6.821,1.298,1.135,[0.798 8.025],[0.582 0.815]
1.8,56.25,0,0.56,1.736,53.269,0.22,3.345,0.307,-6.55,1.391,1.038,[0.323 5.201],[0.274 1.085]
1.8,60.0,0,0.17,1.724,56.448,0.219,3.008,0.315,-6.293,1.437,0.953,[0.416 5.274],[0.206 2.345]
1.8,63.75,0,0.0,1.701,60.798,0.217,2.552,0.323,-5.988,1.485,0.83,[1.688 6.434],[0.446 1.518]
1.8,67.5,0,0.0,,,,,,,,,[0.678 8.27 ],[0.32  1.309]
1.8,71.25,0,0.0,,,,,,,,,[0.514 7.029],[0.284 0.603]
1.8,75.0,0,0.0,,,,,,,,,[0.785 8.773],[0.485 1.233]
1.8,78.75,0,0.0,,,,,,,,,[0.096 3.473],[0.05  0.255]
1.8,82.5,0,0.0,,,,,,,,,[0.359 5.038],[0.101 1.093]
1.8,86.25,0,0.0,,,,,,,,,[0.266 5.275],[0.121 0.337]
1.8,90.0,0,0.0,,,,,,,,,[1.248 5.674],[0.678 0.435]
1.9,30.0,0,0.0,,,,,,,,,[0.17  6.948],[0.047 0.435]
1.9,33.75,0,0.83,1.866,29.368,0.227,7.772,0.208,-7.908,0.915,1.626,[0.577 2.552],[0.545 0.841]
1.9,37.5,0,1.0,1.872,33.427,0.228,6.536,0.237,-7.729,1.031,1.562,[0.198 5.376],[0.128 1.236]
1.9,41.25,0,1.0,1.882,37.942,0.228,5.501,0.267,-7.456,1.157,1.484,[1.308 3.29 ],[0.308 1.059]
1.9,45.0,0,0.94,1.868,41.506,0.226,4.888,0.283,-7.27,1.238,1.399,[0.647 7.273],[0.152 2.289]
1.9,48.75,0,0.78,1.829,45.465,0.223,4.355,0.292,-7.096,1.304,1.283,[0.345 6.213],[0.357 0.266]
1.9,52.5,0,0.67,1.83,49.144,0.222,3.846,0.308,-6.838,1.384,1.197,[2.469 5.4  ],[1.265 0.635]
1.9,56.25,0,0.22,1.814,53.023,0.22,3.376,0.32,-6.577,1.449,1.091,[0.531 4.422],[0.269 0.583]
1.9,60.0,0,0.17,1.828,56.901,0.219,2.929,0.336,-6.305,1.531,0.998,[3.097 5.912],[1.393 0.454]
1.9,63.75,0,0.0,1.802,61.316,0.218,2.494,0.344,-6.046,1.581,0.865,[0.271 3.122],[0.059 0.559]
1.9,67.5,0,0.0,,,,,,,,,[0.518 4.494],[0.083 0.13 ]
1.9,71.25,0,0.0,,,,,,,,,[0.256 8.169],[0.111 1.288]
1.9,75.0,0,0.0,,,,,,,,,[0.628 7.937],[0.204 1.384]
1.9,78.75,0,0.0,,,,,,,,,[0.492 6.585],[0.186 0.681]
1.9,82.5,0,0.0,,,,,,,,,[0.498 5.898],[0.192 1.505]
1.9,86.25,0,0.0,,,,,,,,,[0.374 2.286],[0.163 0.289]
1.9,90.0,0,0.0,,,,,,,,,[2.42  3.519],[1.137 1.157]
2.0,30.0,0,0.0,,,,,,,,,[1.27  6.734],[0.582 0.429]
2.0,33.75,0,0.67,1.976,29.407,0.225,7.812,0.219,-8.009,0.97,1.721,[0.183 5.054],[0.068 0.945]
2.0,37.5,0,0.94,1.976,33.73,0.227,6.449,0.252,-7.683,1.097,1.643,[0.351 2.694],[0.09 0.35]
2.0,41.25,0,0.94,1.963,37.693,0.226,5.637,0.273,-7.587,1.2,1.553,[1.005 7.417],[0.736 0.47 ]
2.0,45.0,0,1.0,1.958,41.709,0.226,4.877,0.297,-7.255,1.303,1.462,[0.2   8.745],[0.355 1.06 ]
2.0,48.75,0,0.83,1.933,45.377,0.224,4.344,0.31,-7.086,1.376,1.358,[0.489 2.219],[0.141 0.593]
2.0,52.5,0,0.72,1.946,49.606,0.222,3.759,0.331,-6.796,1.482,1.261,[0.253 3.872],[0.146 1.316]
2.0,56.25,0,0.22,1.921,53.148,0.221,3.355,0.341,-6.581,1.537,1.152,[0.306 6.604],[0.267 1.643]
2.0,60.0,0,0.28,1.912,57.232,0.221,2.874,0.356,-6.258,1.608,1.035,[0.086 5.887],[0.016 1.202]
2.0,63.75,0,0.0,1.909,60.709,0.218,2.537,0.364,-6.219,1.665,0.934,[0.177 5.915],[0.003 0.972]
2.0,67.5,0,0.0,,,,,,,,,[0.14 4.8 ],[0.109 0.769]
2.0,71.25,0,0.0,,,,,,,,,[0.438 5.909],[0.161 0.482]
2.0,75.0,0,0.0,,,,,,,,,[0.448 1.635],[0.26  3.288]
2.0,78.75,0,0.0,,,,,,,,,[0.184 5.883],[0.043 0.247]
2.0,82.5,0,0.0,,,,,,,,,[0.29  8.113],[0.266 0.908]
2.0,86.25,0,0.0,,,,,,,,,[0.778 7.021],[0.079 0.283]
2.0,90.0,0,0.0,,,,,,,,,[0.343 3.172],[0.228 0.184]
2.1,30.0,0,0.22,2.103,26.273,0.222,8.954,0.209,-8.175,0.931,1.886,[0.29  9.214],[0.092 0.256]
2.1,33.75,0,0.83,2.088,30.004,0.226,7.561,0.238,-7.775,1.044,1.808,[0.303 4.11 ],[0.091 0.194]
2.1,37.5,0,0.83,2.067,33.898,0.225,6.567,0.26,-7.797,1.153,1.716,[0.227 7.115],[0.118 0.444]
2.1,41.25,0,1.0,2.068,37.812,0.226,5.613,0.288,-7.542,1.268,1.634,[0.457 6.873],[0.132 0.872]
2.1,45.0,0,0.94,2.048,41.378,0.225,4.952,0.307,-7.323,1.354,1.537,[0.196 4.835],[0.101 0.348]
2.1,48.75,0,0.72,2.047,45.792,0.223,4.289,0.329,-7.114,1.467,1.427,[0.691 5.634],[0.186 0.516]
2.1,52.5,0,0.67,2.045,49.362,0.223,3.78,0.348,-6.835,1.552,1.332,[0.31  7.784],[0.14  0.141]
2.1,56.25,0,0.28,2.029,53.74,0.221,3.283,0.363,-6.615,1.636,1.2,[1.044 5.229],[0.413 0.208]
2.1,60.0,0,0.17,2.027,57.596,0.224,2.791,0.385,-6.092,1.711,1.086,[0.355 8.122],[0.141 1.3  ]
2.1,63.75,0,0.22,2.018,61.428,0.225,2.381,0.4,-5.807,1.772,0.965,[0.099 5.822],[0.049 0.092]
2.1,67.5,0,0.0,,,,,,,,,[0.072 2.817],[0.045 1.269]
2.1,71.25,0,0.0,,,,,,,,,[0.136 3.668],[0.088 0.958]
2.1,75.0,0,0.0,,,,,,,,,[0.225 3.619],[0.164 2.035]
2.1,78.75,0,0.0,,,,,,,,,[0.916 4.191],[0.228 1.012]
2.1,82.5,0,0.0,,,,,,,,,[1.045 8.285],[1.057 0.22 ]
2.1,86.25,0,0.0,,,,,,,,,[1.453 6.413],[0.363 1.066]
2.1,90.0,0,0.0,,,,,,,,,[1.929 5.624],[1.391 3.238]
2.2,30.0,0,0.44,2.2,26.251,0.222,8.991,0.218,-8.118,0.973,1.973,[0.152 1.869],[0.032 1.686]
2.2,33.75,0,0.78,2.181,30.351,0.226,7.47,0.25,-7.768,1.102,1.882,[1.74  3.149],[1.159 0.697]
2.2,37.5,0,0.89,2.179,34.113,0.227,6.387,0.28,-7.587,1.222,1.804,[1.149 8.065],[0.456 0.229]
2.2,41.25,0,0.89,2.163,38.035,0.225,5.625,0.301,-7.579,1.333,1.704,[1.849 6.708],[0.994 0.867]
2.2,45.0,0,0.94,2.155,42.047,0.225,4.863,0.326,-7.282,1.443,1.6,[0.486 6.677],[0.259 0.205]
2.2,48.75,0,0.83,2.159,45.957,0.223,4.255,0.349,-7.122,1.552,1.501,[0.806 6.34 ],[0.176 0.705]
2.2,52.5,0,0.56,2.131,49.568,0.223,3.774,0.363,-6.871,1.622,1.382,[0.487 7.252],[0.084 0.433]
2.2,56.25,0,0.56,2.144,54.493,0.225,3.139,0.394,-6.307,1.745,1.245,[1.604 3.461],[0.722 0.982]
2.2,60.0,0,0.33,2.112,57.71,0.226,2.755,0.405,-5.974,1.785,1.128,[0.771 4.729],[0.31  1.128]
2.2,63.75,0,0.39,2.103,61.607,0.231,2.306,0.428,-5.406,1.85,1.0,[0.717 4.86 ],[0.135 0.885]
2.2,67.5,0,0.22,2.122,65.706,0.232,1.905,0.449,-5.569,1.934,0.873,[1.078 9.175],[0.276 1.393]
2.2,71.25,0,0.0,,,,,,,,,[1.74  3.518],[0.14  0.645]
2.2,75.0,0,0.0,,,,,,,,,[1.426 7.396],[0.719 0.452]
2.2,78.75,0,0.0,,,,,,,,,[2.071 5.896],[1.15  1.219]
2.2,82.5,0,0.0,,,,,,,,,[1.338 4.03 ],[0.774 1.052]
2.2,86.25,0,0.0,,,,,,,,,[2.271 6.627],[0.247 1.179]
2.2,90.0,0,0.0,,,,,,,,,[2.208 2.871],[0.435 2.829]
2.3,30.0,0,0.56,2.286,26.587,0.223,8.854,0.23,-8.03,1.023,2.044,[1.687 6.36 ],[0.277 0.889]
2.3,33.75,0,0.72,2.281,30.184,0.226,7.569,0.259,-7.684,1.147,1.972,[1.894 4.475],[0.107 0.94 ]
2.3,37.5,0,0.89,2.264,34.237,0.224,6.491,0.287,-7.747,1.274,1.872,[1.526 5.457],[0.137 1.079]
2.3,41.25,0,0.89,2.251,38.071,0.224,5.637,0.312,-7.598,1.388,1.772,[1.617 3.515],[0.717 0.821]
2.3,45.0,0,1.0,2.274,42.397,0.225,4.779,0.347,-7.264,1.533,1.679,[1.941 7.452],[0.115 4.409]
2.3,48.75,0,0.61,2.235,45.87,0.222,4.319,0.357,-7.249,1.604,1.556,[2.018 4.296],[0.092 0.151]
2.3,52.5,0,0.61,2.242,49.795,0.224,3.709,0.385,-6.865,1.712,1.447,[1.585 9.084],[0.096 0.707]
2.3,56.25,0,0.56,2.236,54.263,0.228,3.11,0.416,-6.102,1.815,1.306,[3.234 4.844],[2.085 0.771]
2.3,60.0,0,0.5,2.235,58.13,0.232,2.632,0.442,-5.404,1.898,1.18,[1.643 6.773],[0.429 1.109]
2.3,63.75,0,0.61,2.239,62.039,0.232,2.24,0.46,-5.754,1.978,1.05,[2.361 3.438],[0.502 1.392]
2.3,67.5,0,0.06,2.207,65.816,0.232,1.905,0.467,-5.912,2.013,0.904,[1.336 4.02 ],[0.629 1.037]
2.3,71.25,0,0.0,,,,,,,,,[0.609 3.583],[0.188 0.854]
2.3,75.0,0,0.0,,,,,,,,,[1.604 5.616],[0.079 0.493]
2.3,78.75,0,0.0,,,,,,,,,[1.865 5.467],[0.113 2.197]
2.3,82.5,0,0.0,,,,,,,,,[1.3   3.305],[0.504 0.196]
2.3,86.25,0,0.0,,,,,,,,,[1.906 7.552],[0.13  1.406]
2.3,90.0,0,0.0,,,,,,,,,[2.137 7.868],[0.212 1.659]
2.4,30.0,0,0.67,2.378,26.522,0.223,8.867,0.239,-7.901,1.062,2.128,[1.866 2.55 ],[0.473 0.455]
2.4,33.75,0,0.89,2.385,30.877,0.225,7.279,0.279,-7.626,1.224,2.047,[1.244 2.657],[0.564 0.902]
2.4,37.5,0,0.89,2.367,34.361,0.223,6.457,0.3,-7.758,1.336,1.954,[2.439 6.127],[0.242 1.181]
2.4,41.25,0,0.78,2.378,38.976,0.225,5.384,0.34,-7.446,1.496,1.849,[1.363 4.834],[0.262 2.247]
2.4,45.0,0,0.83,2.348,42.256,0.224,4.849,0.356,-7.3,1.579,1.738,[1.835 4.587],[0.143 0.912]
2.4,48.75,0,0.78,2.355,46.342,0.223,4.204,0.383,-7.195,1.704,1.626,[1.53  3.732],[0.357 1.244]
2.4,52.5,0,0.56,2.347,50.082,0.225,3.656,0.408,-6.761,1.8,1.506,[1.879 4.469],[0.117 2.703]
2.4,56.25,0,0.61,2.35,54.125,0.231,3.055,0.442,-5.873,1.904,1.377,[2.083 2.321],[0.123 1.411]
2.4,60.0,0,0.56,2.33,58.104,0.233,2.619,0.463,-5.507,1.978,1.231,[1.226 7.535],[0.2   0.067]
2.4,63.75,0,0.56,2.329,61.873,0.235,2.216,0.485,-5.588,2.054,1.098,[1.385 7.133],[0.089 1.174]
2.4,67.5,0,0.39,2.325,66.048,0.232,1.874,0.495,-6.256,2.125,0.944,[1.976 2.088],[0.222 0.725]
2.4,71.25,0,0.0,,,,,,,,,[1.983 3.323],[0.258 1.083]
2.4,75.0,0,0.0,,,,,,,,,[2.025 7.493],[0.604 0.488]
2.4,78.75,0,0.0,,,,,,,,,[1.305 3.878],[0.107 1.77 ]
2.4,82.5,0,0.0,,,,,,,,,[1.609 3.866],[0.202 2.069]
2.4,86.25,0,0.0,,,,,,,,,[2.08  2.565],[0.17  1.533]
2.4,90.0,0,0.0,,,,,,,,,[1.316 2.957],[0.764 1.384]
2.5,30.0,0,0.72,2.498,27.078,0.223,8.677,0.255,-7.858,1.137,2.224,[0.977 6.404],[0.525 0.543]
2.5,33.75,0,0.78,2.491,30.766,0.225,7.363,0.289,-7.578,1.274,2.14,[2.892 7.084],[0.764 1.005]
2.5,37.5,0,0.83,2.461,34.336,0.224,6.482,0.312,-7.669,1.388,2.032,[1.627 4.556],[0.837 0.411]
2.5,41.25,0,0.89,2.46,38.514,0.223,5.532,0.345,-7.53,1.532,1.925,[2.506 4.822],[0.265 1.41 ]
2.5,45.0,0,0.89,2.471,42.54,0.226,4.722,0.381,-7.172,1.671,1.821,[1.945 5.313],[0.322 0.341]
2.5,48.75,0,0.94,2.459,46.203,0.226,4.159,0.404,-6.996,1.775,1.702,[1.627 6.042],[0.328 0.603]
2.5,52.5,0,0.89,2.443,49.948,0.229,3.593,0.431,-6.338,1.87,1.572,[1.906 7.111],[0.728 0.637]
2.5,56.25,0,0.61,2.431,54.106,0.232,3.059,0.46,-5.697,1.969,1.425,[1.804 5.514],[0.127 1.563]
2.5,60.0,0,0.5,2.431,58.062,0.234,2.612,0.485,-5.736,2.063,1.286,[2.021 5.626],[0.567 0.67 ]
2.5,63.75,0,0.39,2.409,62.265,0.235,2.221,0.501,-5.854,2.132,1.121,[1.822 6.407],[0.283 0.479]
2.5,67.5,0,0.28,2.426,66.203,0.235,1.847,0.523,-6.306,2.22,0.979,[1.356 7.76 ],[0.206 0.669]
2.5,71.25,0,0.0,,,,,,,,,[1.169 4.917],[0.278 0.29 ]
2.5,75.0,0,0.0,,,,,,,,,[1.1   4.688],[0.601 2.265]
2.5,78.75,0,0.0,,,,,,,,,[1.777 2.61 ],[0.683 1.003]
2.5,82.5,0,0.0,,,,,,,,,[2.576 5.675],[0.296 2.141]
2.5,86.25,0,0.0,,,,,,,,,[2.463 5.643],[0.658 0.733]
2.5,90.0,0,0.0,,,,,,,,,[2.411 2.142],[0.48 0.5 ]
2.6,30.0,0,0.72,2.601,26.959,0.224,8.613,0.268,-7.645,1.179,2.318,[2.51  5.946],[1.274 1.141]
2.6,33.75,0,0.83,2.576,31.086,0.226,7.23,0.303,-7.378,1.33,2.206,[2.034 3.4  ],[0.019 1.454]
2.6,37.5,0,0.78,2.564,34.545,0.225,6.347,0.33,-7.458,1.454,2.112,[2.149 7.764],[0.059 1.289]
2.6,41.25,0,0.94,2.567,38.531,0.224,5.504,0.362,-7.451,1.599,2.008,[1.988 7.341],[0.413 1.892]
2.6,45.0,0,0.83,2.55,42.33,0.225,4.823,0.388,-7.259,1.717,1.885,[1.926 6.029],[0.11  0.557]
2.6,48.75,0,0.72,2.546,46.368,0.227,4.135,0.421,-6.908,1.843,1.757,[1.985 3.589],[0.216 1.972]
2.6,52.5,0,0.61,2.534,50.429,0.231,3.537,0.452,-6.241,1.953,1.614,[2.514 2.197],[0.933 0.569]
2.6,56.25,0,0.78,2.565,54.761,0.238,2.899,0.502,-5.236,2.095,1.48,[2.176 4.425],[0.58  0.362]
2.6,60.0,0,0.56,2.528,58.29,0.238,2.547,0.514,-5.424,2.151,1.329,[2.934 7.044],[1.66  0.238]
2.6,63.75,0,0.67,2.55,62.279,0.242,2.094,0.55,-5.304,2.257,1.186,[2.214 7.032],[0.462 0.102]
2.6,67.5,0,0.33,2.519,66.141,0.239,1.811,0.552,-6.022,2.304,1.019,[1.646 3.983],[0.354 0.606]
2.6,71.25,0,0.22,2.538,70.165,0.239,1.464,0.573,-6.472,2.387,0.861,[2.268 8.191],[0.261 0.493]
2.6,75.0,0,0.0,2.513,73.945,0.234,1.197,0.565,-7.314,2.415,0.695,[1.416 7.048],[0.341 0.611]
2.6,78.75,0,0.11,2.518,78.056,0.233,0.89,0.576,-7.63,2.463,0.521,[1.834 4.48 ],[0.097 0.635]
2.6,82.5,0,0.0,2.526,82.037,0.234,0.584,0.585,-7.831,2.502,0.35,[1.866 2.534],[0.147 0.812]
2.6,86.25,0,0.0,,,,,,,,,[0.665 5.423],[0.644 1.943]
2.6,90.0,0,0.0,,,,,,,,,[1.359 6.991],[0.396 1.06 ]
2.7,30.0,0,0.78,2.687,26.737,0.225,8.72,0.274,-7.48,1.209,2.4,[1.631 6.553],[0.153 0.064]
2.7,33.75,0,0.83,2.68,30.89,0.226,7.283,0.314,-7.305,1.376,2.3,[1.53 3.07],[0.13  0.326]
2.7,37.5,0,0.94,2.678,35.15,0.225,6.221,0.35,-7.375,1.542,2.19,[2.035 1.33 ],[0.121 0.847]
2.7,41.25,0,0.89,2.656,38.565,0.225,5.469,0.377,-7.29,1.656,2.077,[2.276 8.54 ],[0.391 0.959]
2.7,45.0,0,0.89,2.659,42.729,0.227,4.687,0.413,-6.979,1.804,1.953,[2.023 4.071],[0.582 0.557]
2.7,48.75,0,0.78,2.667,46.914,0.232,3.943,0.456,-6.178,1.948,1.822,[1.565 3.953],[0.044 0.385]
2.7,52.5,0,0.94,2.649,50.56,0.235,3.424,0.484,-5.644,2.046,1.683,[1.068 7.159],[0.36  1.298]
2.7,56.25,0,0.56,2.647,54.581,0.239,2.912,0.518,-5.214,2.157,1.534,[2.293 4.804],[0.153 1.746]
2.7,60.0,0,0.72,2.653,58.658,0.243,2.438,0.555,-4.975,2.266,1.38,[1.924 1.963],[0.402 2.187]
2.7,63.75,0,0.94,2.667,62.628,0.245,2.044,0.584,-5.264,2.368,1.226,[1.656 5.556],[0.137 0.759]
2.7,67.5,0,0.39,2.619,66.106,0.244,1.762,0.587,-5.656,2.395,1.061,[1.443 7.113],[0.384 2.42 ]
2.7,71.25,0,0.33,2.63,70.084,0.245,1.43,0.607,-6.041,2.473,0.896,[2.102 4.358],[0.126 0.359]
2.7,75.0,0,0.22,2.62,74.049,0.241,1.159,0.607,-6.817,2.519,0.72,[2.956 7.439],[1.25  1.415]
2.7,78.75,0,0.22,2.594,77.962,0.236,0.887,0.599,-7.545,2.537,0.541,[1.832 7.491],[0.243 0.975]
2.7,82.5,0,0.06,2.61,81.982,0.236,0.583,0.609,-7.812,2.584,0.364,[1.603 5.477],[0.179 0.81 ]
2.7,86.25,0,0.06,2.607,85.886,0.235,0.293,0.611,-8.07,2.6,0.187,[1.263 7.161],[0.235 1.439]
2.7,90.0,0,0.0,,,,,,,,,[2.049 3.948],[0.496 1.614]
2.8,30.0,0,0.67,2.797,27.188,0.226,8.575,0.289,-7.383,1.278,2.488,[2.03  6.224],[0.229 1.486]
2.8,33.75,0,1.0,2.785,31.401,0.227,7.113,0.332,-7.148,1.451,2.377,[1.928 5.486],[0.089 2.037]
2.8,37.5,0,0.78,2.769,34.941,0.226,6.245,0.361,-7.288,1.586,2.27,[2.035 7.353],[0.12  0.232]
2.8,41.25,0,0.83,2.759,38.718,0.227,5.431,0.394,-7.099,1.726,2.153,[2.18  8.548],[0.537 0.462]
2.8,45.0,0,0.89,2.761,42.887,0.23,4.609,0.435,-6.558,1.879,2.023,[2.014 8.138],[0.102 1.093]
2.8,48.75,0,0.78,2.775,47.074,0.236,3.841,0.484,-5.561,2.032,1.89,[2.612 6.659],[0.53  0.441]
2.8,52.5,0,0.61,2.739,50.51,0.237,3.408,0.504,-5.446,2.114,1.742,[2.088 3.877],[0.179 0.831]
2.8,56.25,0,0.5,2.736,54.37,0.243,2.865,0.545,-4.624,2.224,1.594,[1.419 1.745],[0.217 0.243]
2.8,60.0,0,0.72,2.752,58.504,0.246,2.4,0.584,-4.741,2.347,1.438,[1.09  6.013],[0.248 0.523]
2.8,63.75,0,0.83,2.744,62.408,0.247,2.042,0.605,-5.147,2.432,1.271,[2.729 4.761],[0.599 0.893]
2.8,67.5,0,0.44,2.726,66.434,0.249,1.715,0.624,-5.308,2.499,1.09,[1.76  6.297],[0.101 0.734]
2.8,71.25,0,0.33,2.71,70.288,0.247,1.424,0.632,-5.935,2.551,0.914,[1.658 6.42 ],[1.023 1.101]
2.8,75.0,0,0.17,2.703,74.025,0.247,1.128,0.642,-6.332,2.599,0.744,[1.76  5.545],[0.058 2.129]
2.8,78.75,0,0.22,2.751,78.278,0.248,0.812,0.669,-6.612,2.694,0.559,[1.448 7.421],[0.152 1.706]
2.8,82.5,0,0.22,2.745,82.168,0.248,0.541,0.673,-6.897,2.719,0.374,[1.692 3.122],[0.317 0.202]
2.8,86.25,0,0.22,2.726,85.982,0.241,0.281,0.654,-7.756,2.719,0.191,[1.947 0.804],[0.081 1.775]
2.8,90.0,0,0.0,2.74,90.0,0.234,-0.0,0.643,-8.624,2.74,0.0,[1.723 5.126],[0.166 0.873]
2.9,30.0,0,0.78,2.896,27.406,0.226,8.343,0.306,-7.211,1.333,2.571,[1.671 7.141],[0.098 1.589]
2.9,33.75,0,0.83,2.904,31.397,0.228,7.011,0.351,-6.889,1.513,2.479,[1.662 6.573],[0.282 1.229]
2.9,37.5,0,0.94,2.89,35.153,0.228,6.051,0.386,-6.909,1.664,2.363,[2.071 2.365],[0.137 1.042]
2.9,41.25,0,0.89,2.874,39.027,0.228,5.299,0.417,-6.985,1.81,2.233,[2.939 7.713],[1.011 1.828]
2.9,45.0,0,0.83,2.879,43.015,0.234,4.394,0.47,-5.809,1.964,2.105,[1.198 3.394],[0.397 2.593]
2.9,48.75,0,0.89,2.877,46.944,0.237,3.804,0.506,-5.456,2.102,1.964,[2.004 5.798],[0.046 0.307]
2.9,52.5,0,0.72,2.86,50.533,0.241,3.28,0.54,-4.866,2.208,1.818,[2.845 7.935],[0.078 0.623]
2.9,56.25,0,0.83,2.879,55.029,0.245,2.75,0.585,-4.87,2.359,1.65,[1.566 3.236],[0.601 0.311]
2.9,60.0,0,0.94,2.847,58.632,0.246,2.404,0.603,-5.053,2.431,1.482,[1.918 5.359],[0.137 1.234]
2.9,63.75,0,0.94,2.862,62.62,0.252,1.972,0.646,-4.824,2.541,1.316,[1.77  7.843],[0.261 0.827]
2.9,67.5,0,0.33,2.83,66.27,0.252,1.68,0.657,-5.203,2.591,1.139,[2.356 2.311],[0.62  0.354]
2.9,71.25,0,0.44,2.82,70.338,0.252,1.388,0.67,-5.68,2.656,0.949,[1.657 7.155],[0.15  0.564]
2.9,75.0,0,0.33,2.832,74.394,0.253,1.08,0.692,-5.872,2.728,0.762,[1.934 5.72 ],[0.024 1.126]
2.9,78.75,0,0.44,2.823,78.081,0.251,0.808,0.694,-6.429,2.762,0.583,[1.654 4.183],[0.527 1.34 ]
2.9,82.5,0,0.28,2.814,82.034,0.249,0.542,0.694,-6.903,2.787,0.39,[1.702 4.467],[0.051 1.067]
2.9,86.25,0,0.5,2.837,85.998,0.248,0.268,0.702,-7.241,2.83,0.198,[2.041 8.521],[0.1   0.456]
2.9,90.0,0,0.11,2.812,89.898,0.242,0.001,0.68,-8.022,2.812,0.005,[1.632 7.245],[0.312 0.801]
3.0,30.0,0,0.61,2.999,27.436,0.226,8.36,0.317,-7.124,1.382,2.662,[1.947 6.348],[0.121 0.107]
3.0,33.75,0,0.94,2.987,31.434,0.229,7.001,0.361,-6.805,1.558,2.549,[1.652 3.456],[0.853 0.494]
3.0,37.5,0,0.94,2.987,35.324,0.228,6.035,0.4,-6.908,1.727,2.437,[2.946 1.541],[0.56  0.894]
3.0,41.25,0,0.89,2.97,39.193,0.23,5.198,0.438,-6.601,1.877,2.302,[1.594 7.416],[0.142 1.762]
3.0,45.0,0,0.89,2.973,42.914,0.237,4.398,0.486,-5.489,2.024,2.177,[1.918 8.583],[0.022 0.805]
3.0,48.75,0,0.94,2.977,46.96,0.239,3.753,0.529,-5.322,2.176,2.032,[1.714 4.734],[0.731 0.178]
3.0,52.5,0,0.72,2.966,51.117,0.243,3.224,0.567,-4.809,2.309,1.862,[2.063 4.064],[0.184 1.4  ]
3.0,56.25,0,0.78,2.955,54.767,0.249,2.744,0.606,-4.443,2.414,1.705,[1.508 4.657],[0.667 1.313]
3.0,60.0,0,1.0,2.952,58.647,0.25,2.346,0.636,-4.813,2.521,1.536,[1.843 5.497],[0.549 0.944]
3.0,63.75,0,0.89,2.972,62.814,0.255,1.931,0.68,-4.819,2.644,1.358,[2.386 3.555],[0.453 0.55 ]
3.0,67.5,0,0.44,2.954,66.498,0.258,1.627,0.702,-4.848,2.709,1.178,[2.388 3.856],[0.219 0.869]
3.0,71.25,0,0.33,2.907,70.194,0.252,1.385,0.692,-5.863,2.735,0.985,[1.469 8.216],[0.039 0.434]
3.0,75.0,0,0.22,2.925,74.353,0.255,1.065,0.72,-5.908,2.817,0.789,[2.059 4.749],[0.378 0.422]
3.0,78.75,0,0.33,2.907,78.249,0.254,0.8,0.725,-6.223,2.846,0.592,[1.873 6.403],[0.818 0.54 ]
3.0,82.5,0,0.28,2.907,81.951,0.253,0.533,0.727,-6.704,2.878,0.407,[1.033 8.732],[1.258 2.511]
3.0,86.25,0,0.44,2.935,86.092,0.252,0.265,0.737,-7.038,2.928,0.2,[1.732 5.732],[0.114 0.909]
3.0,90.0,0,0.39,2.94,89.922,0.249,-0.003,0.731,-7.564,2.94,0.004,[2.068 5.197],[0.36  0.782]
3.1,30.0,0,0.89,3.078,27.639,0.226,8.359,0.324,-7.18,1.428,2.727,[1.71  5.613],[0.522 1.338]
3.1,33.75,0,0.94,3.099,31.49,0.229,6.909,0.378,-6.721,1.619,2.643,[1.795 5.437],[0.278 0.892]
3.1,37.5,0,0.78,3.062,35.388,0.228,6.1,0.407,-6.904,1.773,2.496,[1.818 8.003],[0.316 1.642]
3.1,41.25,0,0.83,3.066,39.176,0.232,5.169,0.455,-6.428,1.937,2.377,[1.1   4.384],[0.5   0.347]
3.1,45.0,0,0.89,3.063,43.122,0.237,4.383,0.503,-5.483,2.094,2.236,[1.347 3.897],[0.352 1.188]
3.1,48.75,0,0.78,3.069,46.968,0.24,3.753,0.547,-5.162,2.243,2.094,[2.184 6.337],[0.098 1.715]
3.1,52.5,0,0.89,3.066,50.958,0.246,3.17,0.595,-4.493,2.381,1.931,[1.665 4.003],[0.006 2.155]
3.1,56.25,0,0.83,3.073,55.084,0.249,2.692,0.636,-4.765,2.52,1.759,[1.657 4.732],[0.235 0.71 ]
3.1,60.0,0,0.83,3.069,58.879,0.254,2.275,0.675,-4.566,2.627,1.586,[2.587 8.425],[0.474 1.418]
3.1,63.75,0,1.0,3.066,62.75,0.258,1.905,0.711,-4.609,2.726,1.404,[2.48 4.  ],[0.297 1.935]
3.1,67.5,0,0.5,3.054,66.432,0.261,1.594,0.736,-4.674,2.799,1.221,[1.756 6.353],[0.683 0.069]
3.1,71.25,0,0.56,3.008,70.36,0.259,1.348,0.735,-5.276,2.833,1.011,[1.732 7.187],[0.345 0.777]
3.1,75.0,0,0.28,3.08,74.791,0.266,1.015,0.79,-5.022,2.972,0.808,[1.707 6.809],[0.444 0.305]
3.1,78.75,0,0.28,2.998,78.18,0.26,0.788,0.764,-5.722,2.934,0.614,[1.382 2.607],[0.819 0.954]
3.1,82.5,0,0.28,3.015,82.088,0.254,0.531,0.76,-6.748,2.986,0.415,[2.056 3.723],[0.23  0.613]
3.1,86.25,0,0.44,3.034,86.069,0.255,0.261,0.772,-6.877,3.027,0.208,[1.806 4.66 ],[0.201 1.11 ]
3.1,90.0,0,0.5,3.015,89.886,0.249,-0.002,0.752,-7.649,3.015,0.006,[2.164 4.634],[0.452 1.637]
3.2,30.0,0,0.78,3.184,27.756,0.227,8.246,0.34,-6.942,1.483,2.818,[2.881 4.785],[0.351 0.776]
3.2,33.75,0,0.83,3.188,32.184,0.228,6.82,0.393,-6.743,1.698,2.698,[1.959 2.575],[0.303 1.557]
3.2,37.5,0,0.94,3.18,35.529,0.229,5.996,0.428,-6.768,1.848,2.588,[2.301 6.865],[0.294 0.348]
3.2,41.25,0,0.72,3.171,39.472,0.234,5.085,0.476,-6.226,2.016,2.448,[2.117 7.036],[0.251 0.507]
3.2,45.0,0,0.83,3.17,43.172,0.238,4.352,0.523,-5.633,2.169,2.312,[2.708 2.93 ],[1.056 0.382]
3.2,48.75,0,0.61,3.158,47.233,0.241,3.745,0.564,-5.305,2.318,2.144,[1.326 5.3  ],[0.256 2.892]
3.2,52.5,0,0.72,3.163,51.043,0.248,3.137,0.619,-4.466,2.46,1.989,[1.779 3.589],[0.365 0.475]
3.2,56.25,0,0.78,3.159,55.067,0.252,2.686,0.66,-4.457,2.59,1.809,[1.591 7.21 ],[0.245 2.052]
3.2,60.0,0,0.89,3.167,58.965,0.258,2.239,0.707,-4.386,2.714,1.633,[1.441 4.48 ],[0.121 0.817]
3.2,63.75,0,1.0,3.166,62.86,0.262,1.884,0.743,-4.45,2.817,1.444,[1.824 8.595],[0.887 1.132]
3.2,67.5,0,0.72,3.15,66.797,0.265,1.572,0.772,-4.413,2.895,1.241,[1.406 4.472],[0.128 0.6  ]
3.2,71.25,0,0.39,3.18,70.699,0.273,1.217,0.823,-3.989,3.001,1.051,[2.123 4.148],[0.399 0.6  ]
3.2,75.0,0,0.17,3.124,74.594,0.266,1.028,0.805,-4.982,3.012,0.83,[1.76  3.984],[0.078 1.412]
3.2,78.75,0,0.22,3.12,78.013,0.272,0.72,0.832,-4.716,3.052,0.648,[2.312 6.518],[0.461 0.163]
3.2,82.5,0,0.44,3.13,82.214,0.273,0.485,0.846,-4.902,3.101,0.424,[1.048 7.452],[0.217 1.147]
3.2,86.25,0,0.28,3.142,86.15,0.27,0.238,0.848,-5.469,3.135,0.211,[1.753 6.704],[0.904 0.13 ]
3.2,90.0,0,0.61,3.154,90.036,0.257,0.001,0.812,-7.034,3.154,-0.002,[2.178 4.896],[0.739 2.025]
3.3,30.0,0,0.67,3.287,27.797,0.227,8.226,0.352,-6.913,1.533,2.908,[1.357 3.036],[1.111 1.978]
3.3,33.75,0,1.0,3.297,31.694,0.23,6.822,0.407,-6.492,1.732,2.805,[1.602 4.521],[0.328 1.119]
3.3,37.5,0,0.83,3.287,35.615,0.227,5.991,0.442,-7.061,1.914,2.672,[1.662 4.902],[0.081 1.619]
3.3,41.25,0,0.94,3.288,39.632,0.234,4.988,0.5,-6.265,2.097,2.532,[1.509 3.643],[0.455 3.488]
3.3,45.0,0,0.67,3.273,43.378,0.239,4.3,0.544,-5.692,2.248,2.379,[1.796 6.847],[0.087 0.889]
3.3,48.75,0,0.61,3.271,47.193,0.245,3.644,0.597,-4.833,2.4,2.223,[2.655 5.601],[0.876 1.802]
3.3,52.5,0,0.72,3.254,50.999,0.249,3.144,0.637,-4.601,2.529,2.048,[1.717 2.787],[0.113 0.792]
3.3,56.25,0,0.89,3.265,55.054,0.255,2.631,0.691,-4.485,2.676,1.87,[1.845 5.208],[0.032 0.71 ]
3.3,60.0,0,0.89,3.279,59.054,0.261,2.191,0.743,-4.29,2.812,1.686,[1.933 6.188],[0.588 0.612]
3.3,63.75,0,1.0,3.252,62.749,0.262,1.883,0.765,-4.558,2.891,1.489,[1.544 2.169],[0.401 1.578]
3.3,67.5,0,0.72,3.275,66.958,0.273,1.505,0.826,-3.819,3.014,1.282,[1.884 8.194],[0.294 0.605]
3.3,71.25,0,0.39,3.23,70.466,0.273,1.25,0.833,-4.144,3.044,1.08,[2.    3.546],[0.213 0.823]
3.3,75.0,0,0.28,3.306,74.724,0.272,0.959,0.868,-4.864,3.189,0.871,[1.658 4.812],[0.115 0.158]
3.3,78.75,0,0.22,3.251,78.286,0.273,0.722,0.87,-4.905,3.183,0.66,[1.327 8.115],[0.476 0.644]
3.3,82.5,0,0.33,3.254,82.246,0.271,0.484,0.873,-5.443,3.224,0.439,[1.835 3.757],[0.406 0.235]
3.3,86.25,0,0.5,3.243,86.128,0.27,0.244,0.872,-5.759,3.236,0.219,[1.684 5.075],[0.087 0.943]
3.3,90.0,0,0.39,3.23,89.947,0.266,-0.003,0.858,-6.333,3.23,0.003,[1.811 6.444],[0.513 0.863]
3.4,30.0,0,0.83,3.401,27.74,0.228,8.158,0.366,-6.666,1.583,3.01,[1.341 6.928],[0.59  0.749]
3.4,33.75,0,0.72,3.396,31.734,0.228,6.919,0.414,-6.731,1.786,2.888,[2.072 5.871],[0.093 0.461]
3.4,37.5,0,0.61,3.386,35.323,0.227,6.126,0.448,-7.115,1.958,2.763,[1.176 3.131],[0.284 0.114]
3.4,41.25,0,0.83,3.386,39.379,0.236,4.974,0.517,-6.077,2.148,2.617,[1.73  3.086],[0.045 0.727]
3.4,45.0,0,1.0,3.383,43.347,0.24,4.258,0.566,-5.621,2.322,2.46,[1.281 7.899],[0.609 0.429]
3.4,48.75,0,0.56,3.373,47.307,0.246,3.625,0.618,-4.922,2.479,2.287,[1.92  3.061],[0.074 2.782]
3.4,52.5,0,0.83,3.39,51.311,0.25,3.052,0.673,-4.905,2.646,2.119,[2.838 4.642],[0.188 1.396]
3.4,56.25,0,0.94,3.363,54.916,0.257,2.609,0.717,-4.458,2.752,1.933,[1.806 9.236],[0.458 0.769]
3.4,60.0,0,1.0,3.375,58.99,0.26,2.195,0.762,-4.673,2.893,1.739,[2.072 5.723],[0.361 0.634]
3.4,63.75,0,0.94,3.387,63.11,0.271,1.785,0.825,-3.91,3.021,1.532,[1.758 7.842],[0.084 1.75 ]
3.4,67.5,0,0.78,3.368,66.594,0.274,1.469,0.855,-3.954,3.091,1.338,[1.961 6.21 ],[0.687 1.098]
3.4,71.25,0,0.33,3.344,70.162,0.274,1.2,0.87,-4.324,3.146,1.135,[2.119 5.452],[0.239 0.259]
3.4,75.0,0,0.33,3.414,74.682,0.266,0.978,0.877,-5.766,3.293,0.902,[1.715 6.095],[0.716 1.937]
3.4,78.75,0,0.17,3.334,78.373,0.274,0.727,0.898,-4.898,3.266,0.672,[2.392 7.212],[1.191 0.2  ]
3.4,82.5,0,0.39,3.341,82.224,0.27,0.484,0.894,-5.673,3.31,0.452,[2.172 5.855],[0.369 0.779]
3.4,86.25,0,0.22,3.341,86.155,0.268,0.246,0.893,-6.153,3.333,0.224,[1.679 2.239],[0.389 0.552]
3.4,90.0,0,0.28,3.329,89.931,0.266,-0.0,0.885,-6.513,3.329,0.004,[1.501 3.829],[0.437 2.417]
3.5,30.0,0,0.72,3.495,28.185,0.228,8.025,0.381,-6.684,1.651,3.081,[1.377 5.962],[0.138 0.563]
3.5,33.75,0,0.67,3.482,31.494,0.229,7.001,0.421,-6.611,1.819,2.969,[1.098 4.005],[0.489 3.631]
3.5,37.5,0,0.17,3.458,35.23,0.227,6.199,0.454,-7.125,1.995,2.825,[1.894 6.229],[0.188 0.41 ]
3.5,41.25,0,0.83,3.482,39.57,0.236,4.964,0.533,-6.229,2.218,2.684,[1.656 1.382],[0.17  1.104]
3.5,45.0,0,0.67,3.446,43.248,0.238,4.401,0.565,-6.138,2.361,2.51,[2.764 5.924],[0.768 0.554]
3.5,48.75,0,0.78,3.461,47.319,0.245,3.65,0.632,-5.167,2.544,2.346,[1.16  5.668],[0.818 1.45 ]
3.5,52.5,0,0.72,3.457,51.058,0.248,3.146,0.675,-5.387,2.689,2.173,[1.898 7.776],[0.736 1.35 ]
3.5,56.25,0,0.83,3.461,55.024,0.256,2.622,0.735,-4.797,2.836,1.984,[1.565 6.776],[1.357 2.625]
3.5,60.0,0,0.83,3.463,58.931,0.261,2.204,0.783,-4.754,2.966,1.787,[1.663 3.945],[0.228 1.244]
3.5,63.75,0,0.83,3.437,62.764,0.269,1.844,0.828,-4.167,3.056,1.573,[1.087 3.078],[0.486 1.306]
3.5,67.5,0,0.72,3.447,66.491,0.27,1.512,0.861,-4.641,3.161,1.375,[1.779 3.362],[0.02  0.313]
3.5,71.25,0,0.17,3.438,70.443,0.267,1.265,0.868,-5.382,3.24,1.151,[2.532 6.767],[0.227 0.98 ]
3.5,75.0,0,0.11,3.407,74.369,0.255,1.078,0.838,-6.832,3.281,0.918,[1.802 4.935],[0.453 1.737]
3.5,78.75,0,0.22,3.433,78.373,0.24,0.847,0.806,-8.698,3.363,0.692,[1.324 1.983],[0.276 0.918]
3.5,82.5,0,0.28,3.413,82.05,0.264,0.499,0.895,-6.439,3.38,0.472,[1.853 6.772],[0.226 0.529]
3.5,86.25,0,0.5,3.406,86.077,0.257,0.259,0.874,-7.32,3.398,0.233,[2.609 2.609],[0.323 0.946]
3.5,90.0,0,0.22,3.399,89.966,0.268,-0.003,0.91,-6.453,3.399,0.002,[2.468 5.696],[0.338 0.167]
