k_ep,k_run,alpha_mu,alpha_sig,mu,sigma,policy,t,x,y,z,qw,qx,qy,qz,vx,vy,vz,wx,wy,wz,reward,flip_flag,impact_flag,n_rollouts,RREV,OF_x,OF_y,MS1,MS2,MS3,MS4,F_thrust,Mx,My,Mz,Error
SIM,Note:
0,0,,,,,,3.524,0.0,0.0,0.404,1.0,1e-05,-4e-05,-0.0,-0.0,0.0,-0.0,0.0,0.0,-0.0,,False,False,8,-0.0,-0.0,0.0,2495.0,2495.0,2495.0,2495.0,0.55,0.0,0.0,0.0,
0,0,,,,,,3.565,0.001,-0.0,0.475,1.0,1e-05,-0.00073,3e-05,0.03,-0.0,2.663,0.0,-0.08,0.003,,False,False,8,1.652,0.0,-0.018,1947.0,1950.0,1948.0,1950.0,0.336,-0.0,0.003,-0.0,
0,0,,,,,,3.569,0.001,-0.0,0.475,1.0,1e-05,-0.00073,3e-05,0.03,-0.0,2.663,0.0,-0.08,0.003,,False,False,8,1.652,0.0,-0.018,1948.0,1950.0,1948.0,1949.0,0.336,-0.0,0.004,-0.0,
0,0,,,,,,3.572,0.001,-0.0,0.525,1.0,2e-05,-0.00148,5e-05,0.029,-0.0,2.664,-0.0,-0.078,0.001,,False,False,8,1.709,0.0,-0.019,1948.0,1949.0,1948.0,1948.0,0.336,0.0,0.004,0.0,
0,0,,,,,,3.583,0.001,-0.0,0.525,1.0,2e-05,-0.00148,5e-05,0.029,-0.0,2.664,-0.0,-0.078,0.001,,False,False,8,1.709,0.0,-0.019,1948.0,1949.0,1948.0,1948.0,0.336,-0.0,0.004,-0.0,
0,0,,,,,,3.59,0.002,-0.0,0.573,1.0,1e-05,-0.00216,6e-05,0.029,-0.0,2.664,-0.0,-0.073,0.0,,False,False,8,1.709,0.0,-0.019,1947.0,1949.0,1948.0,1948.0,0.336,0.0,0.005,0.0,
0,0,,,,,,3.595,0.002,-0.0,0.573,1.0,1e-05,-0.00216,6e-05,0.029,-0.0,2.664,-0.0,-0.073,0.0,,False,False,8,1.709,0.0,-0.019,1947.0,1949.0,1948.0,1948.0,0.335,0.0,0.005,0.0,
0,0,,,,,,3.6,0.002,-0.0,0.573,1.0,1e-05,-0.00216,6e-05,0.029,-0.0,2.664,-0.0,-0.073,0.0,,False,False,8,1.709,0.0,-0.019,1947.0,1949.0,1948.0,1948.0,0.335,0.0,0.005,0.0,
0,0,,,,,,3.602,0.002,-0.0,0.573,1.0,1e-05,-0.00216,6e-05,0.029,-0.0,2.664,-0.0,-0.073,0.0,,False,False,8,1.77,0.0,-0.019,1947.0,1949.0,1948.0,1948.0,0.335,0.0,0.005,0.0,
0,0,,,,,,3.635,0.003,-0.0,0.672,0.99999,1e-05,-0.00341,5e-05,0.027,-0.0,2.665,-0.0,-0.062,-0.001,,False,False,8,1.835,0.0,-0.019,1947.0,1948.0,1948.0,1947.0,0.335,0.0,0.005,0.0,
0,0,,,,,,3.64,0.003,-0.0,0.704,0.99999,1e-05,-0.00377,5e-05,0.026,-0.0,2.665,-0.0,-0.058,-0.001,,False,False,8,1.835,0.0,-0.019,1947.0,1948.0,1948.0,1947.0,0.335,0.0,0.005,0.0,
0,0,,,,,,3.642,0.003,-0.0,0.704,0.99999,1e-05,-0.00377,5e-05,0.026,-0.0,2.665,-0.0,-0.058,-0.001,,False,False,8,1.905,0.0,-0.019,1947.0,1948.0,1948.0,1947.0,0.335,0.0,0.006,0.0,
0,0,,,,,,3.646,0.004,-0.0,0.746,0.99999,1e-05,-0.00421,4e-05,0.025,-0.0,2.665,-0.0,-0.053,-0.001,,False,False,8,1.905,0.0,-0.019,1947.0,1948.0,1948.0,1947.0,0.335,0.0,0.006,0.0,
0,0,,,,,,3.658,0.004,-0.0,0.749,0.99999,1e-05,-0.00424,4e-05,0.025,-0.0,2.665,-0.0,-0.052,-0.001,,False,False,8,1.905,0.0,-0.019,1947.0,1948.0,1948.0,1946.0,0.335,0.0,0.006,0.0,
0,0,,,,,,3.66,0.004,-0.0,0.749,0.99999,1e-05,-0.00424,4e-05,0.025,-0.0,2.665,-0.0,-0.052,-0.001,,False,False,8,1.905,0.0,-0.019,1947.0,1948.0,1948.0,1946.0,0.335,0.0,0.006,0.0,
0,0,,,,,,3.661,0.004,-0.0,0.749,0.99999,1e-05,-0.00424,4e-05,0.025,-0.0,2.665,-0.0,-0.052,-0.001,,False,False,8,1.905,0.0,-0.019,1947.0,1948.0,1948.0,1946.0,0.335,0.0,0.006,0.0,
0,0,,,,,,3.662,0.004,-0.0,0.749,0.99999,1e-05,-0.00424,4e-05,0.025,-0.0,2.665,-0.0,-0.052,-0.001,,False,False,8,1.905,0.0,-0.019,1947.0,1948.0,1948.0,1946.0,0.335,0.0,0.006,0.0,
0,0,,,,,,3.701,0.005,-0.0,0.866,0.99999,0.0,-0.00522,2e-05,0.021,-0.0,2.666,-0.0,-0.037,-0.001,,False,False,8,2.106,0.0,-0.017,1947.0,1947.0,1948.0,1946.0,0.335,0.0,0.006,0.0,
0,0,,,,,,3.702,0.005,-0.0,0.866,0.99999,0.0,-0.00522,2e-05,0.021,-0.0,2.666,-0.0,-0.037,-0.001,,False,False,8,2.199,0.0,-0.016,1946.0,1947.0,1948.0,1946.0,0.335,0.0,0.006,0.0,
0,0,,,,,,3.714,0.005,-0.0,0.917,0.99998,-0.0,-0.00553,2e-05,0.019,-0.0,2.666,-0.0,-0.03,-0.001,,False,False,8,2.248,0.0,-0.016,1946.0,1947.0,1948.0,1946.0,0.335,0.0,0.006,0.0,
0,0,,,,,,3.722,0.005,-0.0,0.917,0.99998,-0.0,-0.00553,2e-05,0.019,-0.0,2.666,-0.0,-0.03,-0.001,,False,False,8,2.248,0.0,-0.016,1946.0,1947.0,1948.0,1946.0,0.335,0.0,0.006,0.0,
0,0,,,,,,3.728,0.005,-0.0,0.917,0.99998,-0.0,-0.00553,2e-05,0.019,-0.0,2.666,-0.0,-0.03,-0.001,,False,False,8,2.3,0.0,-0.015,1946.0,1947.0,1948.0,1946.0,0.335,0.0,0.006,0.0,
0,0,,,,,,3.743,0.005,-0.0,0.968,0.99998,-0.0,-0.00578,1e-05,0.016,-0.0,2.666,-0.0,-0.023,-0.001,,False,False,8,2.3,0.0,-0.015,1946.0,1947.0,1947.0,1946.0,0.335,0.0,0.006,0.0,
0,0,,,,,,3.746,0.005,-0.0,0.968,0.99998,-0.0,-0.00578,1e-05,0.016,-0.0,2.666,-0.0,-0.023,-0.001,,False,False,8,2.3,0.0,-0.015,1946.0,1947.0,1947.0,1946.0,0.335,0.0,0.006,0.0,
0,0,,,,,,3.754,0.006,-0.0,1.016,0.99998,-1e-05,-0.00595,0.0,0.014,-0.0,2.666,-0.0,-0.016,-0.001,,False,False,8,2.411,0.0,-0.014,1946.0,1947.0,1947.0,1945.0,0.335,0.0,0.006,0.0,
0,0,,,,,,3.758,0.006,-0.0,1.016,0.99998,-1e-05,-0.00595,0.0,0.014,-0.0,2.666,-0.0,-0.016,-0.001,,False,False,8,2.411,0.0,-0.014,1946.0,1947.0,1947.0,1945.0,0.335,0.0,0.006,0.0,
0,0,,,,,,3.767,0.006,-0.0,1.016,0.99998,-1e-05,-0.00595,0.0,0.014,-0.0,2.666,-0.0,-0.016,-0.001,,False,False,8,2.411,0.0,-0.014,1946.0,1947.0,1947.0,1945.0,0.335,0.0,0.006,0.0,
0,0,,,,,,3.769,0.006,-0.0,1.016,0.99998,-1e-05,-0.00595,0.0,0.014,-0.0,2.666,-0.0,-0.016,-0.001,,False,False,8,2.411,0.0,-0.014,1946.0,1947.0,1947.0,1945.0,0.335,0.0,0.006,0.0,
0,0,,,,,,3.779,0.006,-0.0,1.064,0.99998,-1e-05,-0.00606,-1e-05,0.012,-0.0,2.666,-0.0,-0.009,-0.001,,False,False,8,2.533,0.0,-0.012,1946.0,1947.0,1947.0,1945.0,0.335,0.0,0.006,0.0,
0,0,,,,,,3.785,0.006,-0.0,1.064,0.99998,-1e-05,-0.00606,-1e-05,0.012,-0.0,2.666,-0.0,-0.009,-0.001,,False,False,8,2.533,0.0,-0.012,1946.0,1947.0,1947.0,1945.0,0.335,0.0,0.006,0.0,
0,0,,,,,,3.789,0.006,-0.0,1.109,0.99998,-1e-05,-0.00611,-1e-05,0.01,-0.0,2.666,-0.0,-0.003,-0.001,,False,False,8,2.533,0.0,-0.012,1946.0,1947.0,1947.0,1945.0,0.335,0.0,0.006,0.0,
0,0,,,,,,3.796,0.006,-0.0,1.114,0.99998,-1e-05,-0.00611,-1e-05,0.01,-0.0,2.666,-0.0,-0.003,-0.001,,False,False,8,2.668,0.0,-0.011,1946.0,1947.0,1947.0,1945.0,0.335,0.0,0.006,0.0,
0,0,,,,,,3.843,0.006,-0.0,1.215,0.99998,-1e-05,-0.00604,-2e-05,0.005,-0.0,2.666,-0.0,0.01,-0.001,,False,False,8,3.079,0.0,-0.005,1946.0,1946.0,1947.0,1945.0,0.335,0.0,0.005,0.0,
0,0,,,,,,3.858,0.007,-0.0,1.285,0.99998,-1e-05,-0.00586,-3e-05,0.002,-0.0,2.666,-0.0,0.018,-0.0,,False,False,8,3.079,0.0,-0.005,1946.0,1946.0,1947.0,1945.0,0.335,0.0,0.005,0.0,
0,0,,,,,,3.86,0.007,-0.0,1.287,0.99998,-1e-05,-0.00585,-3e-05,0.002,-0.0,2.666,-0.0,0.018,-0.0,,False,False,8,3.393,0.0,-0.002,1946.0,1946.0,1947.0,1945.0,0.335,0.0,0.004,0.0,
0,0,,,,,,3.872,0.007,-0.0,1.33,0.99998,-2e-05,-0.00568,-3e-05,0.001,0.0,2.666,-0.0,0.023,-0.0,,False,False,8,3.512,-0.0,-0.0,1946.0,1946.0,1947.0,1945.0,0.335,0.0,0.004,0.0,
0,0,,,,,,3.899,0.007,-0.0,1.375,0.99999,-2e-05,-0.00547,-4e-05,-0.001,0.0,2.666,-0.0,0.027,-0.0,,False,False,8,3.777,-0.0,0.003,1946.0,1946.0,1947.0,1945.0,0.335,0.0,0.004,0.0,
0,0,,,,,,3.911,0.006,-0.0,1.423,0.99999,-2e-05,-0.0052,-4e-05,-0.003,0.0,2.666,-0.0,0.031,-0.0,,False,False,8,3.777,-0.0,0.003,1946.0,1946.0,1947.0,1945.0,0.335,0.0,0.004,0.0,
0,0,,,,,,3.912,0.006,-0.0,1.423,0.99999,-2e-05,-0.0052,-4e-05,-0.003,0.0,2.666,-0.0,0.031,-0.0,,False,False,8,3.777,-0.0,0.003,1946.0,1946.0,1947.0,1946.0,0.335,0.0,0.004,0.0,
0,0,,,,,,3.927,0.006,-0.0,1.471,0.99995,0.00027,-0.01006,0.00025,-0.008,-0.0,2.641,0.135,-2.451,0.137,,False,False,8,4.086,-0.0,0.006,1946.0,1946.0,1947.0,1946.0,0.335,0.0,0.004,0.0,
0,0,,,,,,3.931,0.006,-0.0,1.471,0.99995,0.00027,-0.01006,0.00025,-0.008,-0.0,2.641,0.135,-2.451,0.137,,True,False,8,4.086,-0.0,0.006,2191.0,62.0,62.0,2191.0,0.212,0.0,-5.994,0.0,
0,0,,,,,,3.936,0.006,-0.0,1.471,0.99995,0.00027,-0.01006,0.00025,-0.008,-0.0,2.641,0.135,-2.451,0.137,,True,False,8,4.086,-0.0,0.006,2191.0,62.0,62.0,2191.0,0.212,0.0,-5.994,0.0,
0,0,,,,,,3.947,0.006,-0.0,1.521,0.99776,0.00339,-0.0667,0.00346,-0.022,-0.001,2.57,0.489,-9.112,0.526,,True,False,8,4.336,0.001,0.024,2191.0,62.0,62.0,2191.0,0.212,0.0,-5.994,0.0,
0,0,,,,,,3.952,0.006,-0.0,1.521,0.99776,0.00339,-0.0667,0.00346,-0.022,-0.001,2.57,0.489,-9.112,0.526,,True,False,8,4.336,0.001,0.024,2191.0,62.0,62.0,2191.0,0.212,0.0,-5.994,0.0,
0,0,,,,,,4.036,-0.005,-0.001,1.72,0.50851,0.02389,-0.85891,0.0559,-0.235,-0.02,1.968,0.356,-31.482,1.205,,True,False,8,5.172,0.052,0.613,62.0,62.0,62.0,62.0,0.0,0.0,0.0,0.0,
0,0,,,,,,4.048,-0.006,-0.001,1.728,0.45337,0.02259,-0.88916,0.05784,-0.232,-0.02,1.931,0.333,-31.443,1.06,,True,False,8,5.206,0.056,0.643,62.0,62.0,62.0,62.0,0.0,0.0,0.0,0.0,
0,0,,,,,,4.05,-0.006,-0.001,1.728,0.45337,0.02259,-0.88916,0.05784,-0.232,-0.02,1.931,0.333,-31.443,1.06,,True,False,8,5.206,0.056,0.643,62.0,62.0,62.0,62.0,0.0,0.0,0.0,0.0,
0,0,,,,,,4.051,-0.006,-0.001,1.728,0.45337,0.02259,-0.88916,0.05784,-0.232,-0.02,1.931,0.333,-31.443,1.06,,True,False,8,5.206,0.056,0.643,62.0,62.0,62.0,62.0,0.0,0.0,0.0,0.0,
0,0,,,,,,4.054,-0.01,-0.001,1.761,0.18694,0.01275,-0.9803,0.06243,-0.222,-0.019,1.766,0.373,-31.373,0.501,,True,False,8,5.206,0.056,0.643,62.0,62.0,62.0,62.0,0.0,0.0,0.0,0.0,
0,0,,,,,,4.089,-0.018,-0.002,1.819,-0.36556,-0.02027,-0.92914,0.05152,-0.227,-0.02,1.442,0.778,-31.228,-0.244,,True,False,8,5.205,0.062,0.699,62.0,62.0,62.0,62.0,0.0,0.0,0.0,0.0,
0,0,,,,,,4.092,-0.019,-0.002,1.82,-0.38,-0.02134,-0.92334,0.05088,-0.227,-0.02,1.433,0.792,-31.225,-0.26,,True,False,8,5.138,0.07,0.794,62.0,62.0,62.0,62.0,0.0,0.0,0.0,0.0,
0,0,,,,,,4.094,-0.019,-0.002,1.82,-0.38,-0.02134,-0.92334,0.05088,-0.227,-0.02,1.433,0.792,-31.225,-0.26,,True,False,8,5.138,0.07,0.794,62.0,62.0,62.0,62.0,0.0,0.0,0.0,0.0,
0,0,,,,,,4.095,-0.019,-0.002,1.82,-0.38,-0.02134,-0.92334,0.05088,-0.227,-0.02,1.433,0.792,-31.225,-0.26,,True,False,8,5.138,0.07,0.794,62.0,62.0,62.0,62.0,0.0,0.0,0.0,0.0,
0,0,,,,,,4.103,-0.019,-0.002,1.82,-0.38,-0.02134,-0.92334,0.05088,-0.227,-0.02,1.433,0.792,-31.225,-0.26,,True,False,8,5.138,0.07,0.794,62.0,62.0,62.0,62.0,0.0,0.0,0.0,0.0,
0,0,,,,,,4.141,-0.031,-0.003,1.88,-0.9229,-0.07769,-0.37712,0.00236,-0.265,-0.024,0.935,1.863,-31.026,-0.869,,True,False,8,4.616,0.098,1.093,62.0,62.0,62.0,62.0,0.0,0.0,0.0,0.0,
0,0,,,,,,4.145,-0.032,-0.003,1.882,-0.934,-0.07982,-0.34825,4e-05,-0.266,-0.024,0.914,1.926,-31.017,-0.875,,True,False,8,4.616,0.098,1.093,62.0,62.0,62.0,62.0,0.0,0.0,0.0,0.0,
0,0,,,,,,4.147,-0.032,-0.003,1.882,-0.934,-0.07982,-0.34825,4e-05,-0.266,-0.024,0.914,1.926,-31.017,-0.875,,True,False,8,4.616,0.098,1.093,62.0,62.0,62.0,62.0,0.0,0.0,0.0,0.0,
0,0,,,,,,4.156,-0.032,-0.003,1.882,-0.934,-0.07982,-0.34825,4e-05,-0.266,-0.024,0.914,1.926,-31.017,-0.875,,True,False,8,4.075,0.114,1.253,62.0,62.0,62.0,62.0,0.0,0.0,0.0,0.0,
0,0,,,,,,4.167,-0.037,-0.004,1.897,-0.99194,-0.09815,-0.0772,-0.02157,-0.272,-0.025,0.725,2.546,-30.926,-0.785,,True,False,8,4.075,0.114,1.253,62.0,62.0,62.0,62.0,0.0,0.0,0.0,0.0,
0,0,,,,,,4.187,-0.042,-0.004,1.91,-0.96155,-0.11688,0.24384,-0.04796,-0.27,-0.027,0.503,3.253,-30.806,-0.269,,True,False,8,2.881,0.136,1.407,62.0,62.0,62.0,62.0,0.0,0.0,0.0,0.0,
0,0,,,,,,4.206,-0.047,-0.005,1.917,-0.86201,-0.12896,0.48518,-0.07011,-0.26,-0.027,0.327,3.607,-30.711,0.489,,True,False,8,1.887,0.146,1.421,62.0,62.0,62.0,62.0,0.0,0.0,0.0,0.0,
0,0,,,,,,4.218,-0.052,-0.005,1.921,-0.68077,-0.13773,0.71301,-0.09588,-0.245,-0.027,0.137,3.543,-30.624,1.552,,True,False,8,0.82,0.152,1.372,62.0,62.0,62.0,62.0,0.0,0.0,0.0,0.0,
0,0,,,,,,4.222,-0.056,-0.006,1.922,-0.4276,-0.13946,0.88445,-0.12436,-0.229,-0.027,-0.053,2.813,-30.572,2.592,,True,False,8,-0.244,0.153,1.291,62.0,62.0,62.0,62.0,0.0,0.0,0.0,0.0,
0,0,,,,,,4.255,-0.057,-0.006,1.922,-0.39965,-0.13911,0.89706,-0.12729,-0.228,-0.027,-0.071,2.704,-30.57,2.675,,True,False,8,-0.244,0.153,1.291,62.0,62.0,62.0,62.0,0.0,0.0,0.0,0.0,
0,0,,,,,,4.26,-0.061,-0.006,1.919,-0.11967,-0.13006,0.97189,-0.15557,-0.22,-0.028,-0.243,1.425,-30.57,3.13,,True,False,8,-0.244,0.153,1.291,62.0,62.0,62.0,62.0,0.0,0.0,0.0,0.0,
0,0,,,,,,4.271,-0.061,-0.006,1.919,-0.11967,-0.13006,0.97189,-0.15557,-0.22,-0.028,-0.243,1.425,-30.57,3.13,,True,False,8,-1.245,0.152,1.218,62.0,62.0,62.0,62.0,0.0,0.0,0.0,0.0,
0,0,,,,,,4.29,-0.065,-0.007,1.912,0.16899,-0.109,0.96216,-0.1839,-0.221,-0.028,-0.413,-0.025,-30.602,2.819,,True,False,8,-2.155,0.15,1.177,62.0,62.0,62.0,62.0,0.0,0.0,0.0,0.0,
0,0,,,,,,4.293,-0.065,-0.007,1.912,0.16899,-0.109,0.96216,-0.1839,-0.221,-0.028,-0.413,-0.025,-30.602,2.819,,True,False,8,-2.155,0.15,1.177,62.0,62.0,62.0,62.0,0.0,0.0,0.0,0.0,
0,0,,,,,,4.295,-0.069,-0.007,1.903,0.42751,-0.07618,0.87622,-0.20897,-0.23,-0.029,-0.576,-1.127,-30.64,1.78,,True,False,8,-2.155,0.15,1.177,62.0,62.0,62.0,62.0,0.0,0.0,0.0,0.0,
0,0,,,,,,4.299,-0.069,-0.007,1.903,0.44101,-0.07397,0.86938,-0.21026,-0.231,-0.029,-0.585,-1.173,-30.641,1.704,,True,False,8,-2.155,0.15,1.177,62.0,62.0,62.0,62.0,0.0,0.0,0.0,0.0,
0,0,,,,,,4.326,-0.074,-0.008,1.89,0.67257,-0.02398,0.70246,-0.23158,-0.247,-0.031,-0.766,-1.574,-30.658,0.042,,True,False,8,-3.334,0.147,1.174,62.0,62.0,62.0,62.0,0.0,0.0,0.0,0.0,
0,0,,,,,,4.331,-0.074,-0.008,1.89,0.67257,-0.02398,0.70246,-0.23158,-0.247,-0.031,-0.766,-1.574,-30.658,0.042,,True,False,8,-3.334,0.147,1.174,62.0,62.0,62.0,62.0,0.0,0.0,0.0,0.0,
0,0,,,,,,4.333,-0.079,-0.008,1.874,0.83625,0.03674,0.48994,-0.24351,-0.263,-0.032,-0.946,-1.044,-30.629,-1.588,,True,False,8,-3.989,0.143,1.173,62.0,62.0,62.0,62.0,0.0,0.0,0.0,0.0,
0,0,,,,,,4.347,-0.079,-0.008,1.874,0.83625,0.03674,0.48994,-0.24351,-0.263,-0.032,-0.946,-1.044,-30.629,-1.588,,True,False,8,-4.527,0.137,1.138,62.0,62.0,62.0,62.0,0.0,0.0,0.0,0.0,
0,0,,,,,,4.353,-0.083,-0.009,1.855,0.93282,0.10841,0.24243,-0.24356,-0.274,-0.033,-1.135,0.309,-30.55,-2.769,,True,False,8,-4.527,0.137,1.138,62.0,62.0,62.0,62.0,0.0,0.0,0.0,0.0,
0,0,,,,,,4.356,-0.083,-0.009,1.855,0.93282,0.10841,0.24243,-0.24356,-0.274,-0.033,-1.135,0.309,-30.55,-2.769,,True,False,8,-4.527,0.137,1.138,62.0,62.0,62.0,62.0,0.0,0.0,0.0,0.0,
0,0,,,,,,4.411,-0.098,-0.011,1.777,0.77207,0.34774,-0.51422,-0.13626,-0.255,-0.033,-1.716,5.202,-30.172,-0.732,,True,False,8,-5.187,0.115,0.931,62.0,62.0,62.0,62.0,0.0,0.0,0.0,0.0,
0,0,,,,,,4.417,-0.099,-0.011,1.77,0.73582,0.363,-0.55867,-0.1212,-0.251,-0.033,-1.756,5.335,-30.154,-0.3,,True,False,8,-5.306,0.101,0.787,62.0,62.0,62.0,62.0,0.0,0.0,0.0,0.0,
0,0,,,,,,4.42,-0.101,-0.011,1.757,0.66598,0.3879,-0.63043,-0.09249,-0.244,-0.032,-1.825,5.441,-30.128,0.487,,True,False,8,-5.306,0.101,0.787,62.0,62.0,62.0,62.0,0.0,0.0,0.0,0.0,
0,0,,,,,,4.446,-0.104,-0.012,1.731,0.50526,0.42923,-0.74817,-0.02666,-0.23,-0.031,-1.958,5.153,-30.111,2.051,,True,False,8,-5.311,0.088,0.653,62.0,62.0,62.0,62.0,0.0,0.0,0.0,0.0,
0,0,,,,,,4.449,-0.108,-0.012,1.694,0.26908,0.46105,-0.84253,0.07195,-0.218,-0.031,-2.121,3.896,-30.157,3.664,,True,False,8,-5.311,0.088,0.653,62.0,62.0,62.0,62.0,0.0,0.0,0.0,0.0,
0,0,,,,,,4.47,-0.112,-0.013,1.654,0.01805,0.46303,-0.86749,0.18093,-0.215,-0.03,-2.281,1.997,-30.273,4.397,,True,False,8,-5.182,0.072,0.512,62.0,62.0,62.0,62.0,0.0,0.0,0.0,0.0,
0,0,,,,,,4.492,-0.116,-0.013,1.609,-0.24038,0.42789,-0.81849,0.29868,-0.221,-0.031,-2.45,-0.08,-30.441,4.001,,True,False,8,-4.99,0.063,0.45,62.0,62.0,62.0,62.0,0.0,0.0,0.0,0.0,
0,0,,,,,,4.493,-0.116,-0.013,1.609,-0.24038,0.42789,-0.81849,0.29868,-0.221,-0.031,-2.45,-0.08,-30.441,4.001,,True,False,8,-4.99,0.063,0.45,62.0,62.0,62.0,62.0,0.0,0.0,0.0,0.0,
0,0,,,,,,4.502,-0.116,-0.013,1.609,-0.24038,0.42789,-0.81849,0.29868,-0.221,-0.031,-2.45,-0.08,-30.441,4.001,,True,False,8,-4.926,0.061,0.441,62.0,62.0,62.0,62.0,0.0,0.0,0.0,0.0,
0,0,,,,,,4.504,-0.121,-0.014,1.563,-0.4586,0.35761,-0.70664,0.40307,-0.234,-0.032,-2.617,-1.516,-30.606,2.671,,True,False,8,-4.805,0.058,0.429,62.0,62.0,62.0,62.0,0.0,0.0,0.0,0.0,
0,0,,,,,,4.546,-0.126,-0.015,1.5,-0.67284,0.21861,-0.48902,0.51025,-0.253,-0.034,-2.842,-2.005,-30.771,0.331,,True,False,8,-4.69,0.056,0.414,62.0,62.0,62.0,62.0,0.0,0.0,0.0,0.0,
0,0,,,,,,4.586,-0.141,-0.017,1.321,-0.7702,-0.26867,0.20182,0.5421,-0.264,-0.039,-3.435,1.942,-30.806,-2.352,,True,False,8,-4.46,0.051,0.355,62.0,62.0,62.0,62.0,0.0,0.0,0.0,0.0,
0,0,,,,,,4.593,-0.146,-0.018,1.25,-0.65449,-0.43685,0.41606,0.45574,-0.253,-0.04,-3.639,3.285,-30.747,-1.468,,True,False,8,-4.27,0.046,0.294,62.0,62.0,62.0,62.0,0.0,0.0,0.0,0.0,
0,0,,,,,,4.63,-0.151,-0.018,1.179,-0.48804,-0.5686,0.57403,0.33014,-0.241,-0.04,-3.825,3.841,-30.702,-0.193,,True,False,8,-4.27,0.046,0.294,62.0,62.0,62.0,62.0,0.0,0.0,0.0,0.0,
0,0,,,,,,4.656,-0.156,-0.019,1.105,-0.2832,-0.65936,0.67509,0.17118,-0.231,-0.04,-4.004,3.662,-30.681,1.045,,True,False,8,-3.997,0.04,0.227,62.0,62.0,62.0,62.0,0.0,0.0,0.0,0.0,
0,0,,,,,,4.658,-0.161,-0.02,1.015,-0.02305,-0.7004,0.71239,-0.03769,-0.226,-0.041,-4.207,2.824,-30.691,1.99,,True,False,8,-3.997,0.04,0.227,62.0,62.0,62.0,62.0,0.0,0.0,0.0,0.0,
0,0,,,,,,4.663,-0.161,-0.02,1.015,-0.02305,-0.7004,0.71239,-0.03769,-0.226,-0.041,-4.207,2.824,-30.691,1.99,,True,False,8,-3.997,0.04,0.227,62.0,62.0,62.0,62.0,0.0,0.0,0.0,0.0,
0,0,,,,,,4.687,-0.165,-0.021,0.937,0.18767,-0.67769,0.67845,-0.21264,-0.229,-0.041,-4.373,1.966,-30.716,2.245,,True,False,8,-3.798,0.036,0.2,62.0,62.0,62.0,62.0,0.0,0.0,0.0,0.0,
0,0,,,,,,4.732,-0.169,-0.021,0.857,0.3792,-0.60457,0.59074,-0.37646,-0.237,-0.042,-4.541,1.212,-30.742,2.101,,True,False,8,-3.565,0.032,0.187,62.0,62.0,62.0,62.0,0.0,0.0,0.0,0.0,
0,0,,,,,,4.742,-0.176,-0.023,0.711,0.62433,-0.37623,0.33831,-0.59516,-0.255,-0.043,-4.844,0.472,-30.763,1.387,,True,False,8,-3.464,0.03,0.182,62.0,62.0,62.0,62.0,0.0,0.0,0.0,0.0,
0,0,,,,,,4.745,-0.176,-0.023,0.711,0.62433,-0.37623,0.33831,-0.59516,-0.255,-0.043,-4.844,0.472,-30.763,1.387,,True,False,8,-3.464,0.03,0.182,62.0,62.0,62.0,62.0,0.0,0.0,0.0,0.0,
0,0,,,,,,4.747,-0.176,-0.023,0.711,0.62433,-0.37623,0.33831,-0.59516,-0.255,-0.043,-4.844,0.472,-30.763,1.387,,True,False,8,-3.464,0.03,0.182,62.0,62.0,62.0,62.0,0.0,0.0,0.0,0.0,
0,0,,,,,,4.752,-0.181,-0.024,0.622,0.7003,-0.20069,0.15288,-0.66778,-0.262,-0.043,-5.028,0.336,-30.753,0.941,,True,False,8,-3.464,0.03,0.182,62.0,62.0,62.0,62.0,0.0,0.0,0.0,0.0,
0,0,,,,,,4.772,-0.186,-0.024,0.52,0.71895,0.01174,-0.0656,-0.69186,-0.265,-0.043,-5.235,0.322,-30.726,0.502,,True,False,8,-3.371,0.028,0.175,62.0,62.0,62.0,62.0,0.0,0.0,0.0,0.0,
0,0,,,,,,4.774,-0.186,-0.024,0.52,0.71895,0.01174,-0.0656,-0.69186,-0.265,-0.043,-5.235,0.322,-30.726,0.502,,True,False,8,-3.371,0.028,0.175,62.0,62.0,62.0,62.0,0.0,0.0,0.0,0.0,
0,0,,,,,,4.776,-0.186,-0.024,0.52,0.71895,0.01174,-0.0656,-0.69186,-0.265,-0.043,-5.235,0.322,-30.726,0.502,,True,False,8,-3.371,0.028,0.175,62.0,62.0,62.0,62.0,0.0,0.0,0.0,0.0,
0,0,,,,,,4.799,-0.191,-0.025,0.418,0.67158,0.21259,-0.2674,-0.65749,-0.261,-0.042,-5.431,0.386,-30.686,0.111,,True,False,8,-3.282,0.027,0.163,62.0,62.0,62.0,62.0,0.0,0.0,0.0,0.0,
0,0,,,,,,4.82,-0.196,-0.026,0.324,0.57874,0.37707,-0.42917,-0.58197,-0.253,-0.042,-5.604,0.521,-30.642,-0.253,,True,False,8,-3.108,0.022,0.134,62.0,62.0,62.0,62.0,0.0,0.0,0.0,0.0,
0,0,,,,,,4.83,-0.201,-0.027,0.193,0.3889,0.55633,-0.60021,-0.42309,-0.239,-0.04,-5.829,0.922,-30.57,-0.748,,True,False,8,-3.108,0.022,0.134,62.0,62.0,62.0,62.0,0.0,0.0,0.0,0.0,
0,0,,,,,,4.861,-0.206,-0.028,0.074,0.17985,0.6567,-0.68945,-0.24711,-0.229,-0.038,-6.017,1.55,-30.497,-1.043,,True,False,8,-2.979,0.019,0.114,62.0,62.0,62.0,62.0,0.0,0.0,0.0,0.0,
0,0,,,,,,4.863,-0.206,-0.028,0.074,0.17985,0.6567,-0.68945,-0.24711,-0.229,-0.038,-6.017,1.55,-30.497,-1.043,,True,False,8,-2.979,0.019,0.114,62.0,62.0,62.0,62.0,0.0,0.0,0.0,0.0,
0,0,,,,,,4.867,-0.206,-0.028,0.074,0.17985,0.6567,-0.68945,-0.24711,-0.229,-0.038,-6.017,1.55,-30.497,-1.043,,True,False,8,-2.979,0.019,0.114,62.0,62.0,62.0,62.0,0.0,0.0,0.0,0.0,
0,0,,,,,,4.869,-0.21,-0.028,-0.042,-0.03893,0.69594,-0.71419,-0.06397,-0.225,-0.037,-6.192,2.343,-30.422,-1.017,,True,False,8,-2.979,0.019,0.114,62.0,62.0,62.0,62.0,0.0,0.0,0.0,0.0,
0,0,,,,,,4.891,-0.216,-0.029,-0.187,-0.30417,0.66768,-0.66155,0.15506,-0.229,-0.036,-6.403,3.293,-30.337,-0.386,,True,False,8,-2.815,0.016,0.101,62.0,62.0,62.0,62.0,0.0,0.0,0.0,0.0,
0,0,,,,,,4.892,-0.216,-0.029,-0.187,-0.30417,0.66768,-0.66155,0.15506,-0.229,-0.036,-6.403,3.293,-30.337,-0.386,,True,False,8,-2.815,0.016,0.101,62.0,62.0,62.0,62.0,0.0,0.0,0.0,0.0,
0,0,,,,,,4.896,-0.216,-0.029,-0.187,-0.30417,0.66768,-0.66155,0.15506,-0.229,-0.036,-6.403,3.293,-30.337,-0.386,,True,False,8,-2.815,0.016,0.101,62.0,62.0,62.0,62.0,0.0,0.0,0.0,0.0,
0,0,,,,,,4.897,-0.22,-0.03,-0.297,-0.48267,0.59693,-0.56638,0.29987,-0.238,-0.035,-6.562,3.713,-30.29,0.504,,True,False,8,-2.741,0.015,0.099,62.0,62.0,62.0,62.0,0.0,0.0,0.0,0.0,
0,0,,,,,,4.913,-0.22,-0.03,-0.304,-0.49238,0.59158,-0.5594,0.30768,-0.239,-0.035,-6.572,3.725,-30.288,0.565,,True,False,8,-2.741,0.015,0.099,62.0,62.0,62.0,62.0,0.0,0.0,0.0,0.0,
0,0,,,,,,4.935,-0.221,-0.03,-0.33,-0.5302,0.56897,-0.53001,0.33801,-0.241,-0.035,-6.61,3.756,-30.281,0.815,,True,False,8,-2.612,0.013,0.099,62.0,62.0,62.0,62.0,0.0,0.0,0.0,0.0,
0,0,,,,,,4.956,-0.231,-0.031,-0.596,-0.7845,0.27016,-0.14348,0.53944,-0.266,-0.033,-7.001,2.46,-30.295,3.121,,True,False,8,-2.612,0.013,0.099,62.0,62.0,62.0,62.0,0.0,0.0,0.0,0.0,
0,0,,,,,,4.963,-0.231,-0.031,-0.596,-0.7845,0.27016,-0.14348,0.53944,-0.266,-0.033,-7.001,2.46,-30.295,3.121,,True,False,8,-2.612,0.013,0.099,62.0,62.0,62.0,62.0,0.0,0.0,0.0,0.0,
0,0,,,,,,4.965,-0.231,-0.031,-0.596,-0.7845,0.27016,-0.14348,0.53944,-0.266,-0.033,-7.001,2.46,-30.295,3.121,,True,False,8,-2.612,0.013,0.099,62.0,62.0,62.0,62.0,0.0,0.0,0.0,0.0,
0,0,,,,,,4.984,-0.236,-0.032,-0.723,-0.81434,0.10689,0.0731,0.56575,-0.27,-0.033,-7.189,1.038,-30.354,3.479,,True,False,8,-2.555,0.012,0.096,62.0,62.0,62.0,62.0,0.0,0.0,0.0,0.0,
0,0,,,,,,4.993,-0.241,-0.033,-0.862,-0.77748,-0.06209,0.30436,0.54685,-0.266,-0.032,-7.388,-0.562,-30.434,2.985,,True,False,8,-2.555,0.012,0.096,62.0,62.0,62.0,62.0,0.0,0.0,0.0,0.0,
0,0,,,,,,5.021,-0.246,-0.033,-1.004,-0.671,-0.21283,0.51874,0.48514,-0.255,-0.03,-7.584,-1.73,-30.509,1.617,,True,False,8,-2.419,0.009,0.078,62.0,62.0,62.0,62.0,0.0,0.0,0.0,0.0,
0,0,,,,,,5.023,-0.246,-0.033,-1.004,-0.671,-0.21283,0.51874,0.48514,-0.255,-0.03,-7.584,-1.73,-30.509,1.617,,True,False,8,-2.419,0.009,0.078,62.0,62.0,62.0,62.0,0.0,0.0,0.0,0.0,
0,0,,,,,,5.037,-0.25,-0.034,-1.142,-0.51188,-0.32749,0.68868,0.39553,-0.241,-0.029,-7.762,-2.01,-30.554,-0.174,,True,False,8,-2.419,0.009,0.078,62.0,62.0,62.0,62.0,0.0,0.0,0.0,0.0,
0,0,,,,,,5.041,-0.25,-0.034,-1.15,-0.50157,-0.33288,0.69686,0.38987,-0.241,-0.029,-7.772,-1.997,-30.556,-0.278,,True,False,8,-2.419,0.009,0.078,62.0,62.0,62.0,62.0,0.0,0.0,0.0,0.0,
0,0,,,,,,5.052,-0.255,-0.034,-1.3,-0.28167,-0.41369,0.82155,0.2731,-0.227,-0.027,-7.951,-1.159,-30.56,-2.111,,True,False,8,-2.336,0.008,0.066,62.0,62.0,62.0,62.0,0.0,0.0,0.0,0.0,
0,0,,,,,,5.054,-0.259,-0.035,-1.453,-0.02883,-0.45131,0.87949,0.14825,-0.219,-0.026,-8.123,0.608,-30.526,-3.246,,True,False,8,-2.308,0.007,0.063,62.0,62.0,62.0,62.0,0.0,0.0,0.0,0.0,
0,0,,,,,,5.09,-0.263,-0.035,-1.609,0.23565,-0.44658,0.86269,0.02844,-0.22,-0.025,-8.292,2.771,-30.473,-3.241,,True,False,8,-2.254,0.007,0.06,62.0,62.0,62.0,62.0,0.0,0.0,0.0,0.0,
0,0,,,,,,5.092,-0.263,-0.035,-1.609,0.23565,-0.44658,0.86269,0.02844,-0.22,-0.025,-8.292,2.771,-30.473,-3.241,,True,False,8,-2.203,0.006,0.059,62.0,62.0,62.0,62.0,0.0,0.0,0.0,0.0,
0,0,,,,,,5.123,-0.271,-0.036,-1.905,0.67483,-0.34689,0.63544,-0.14314,-0.244,-0.024,-8.617,5.455,-30.436,-0.348,,True,False,8,-2.156,0.006,0.061,62.0,62.0,62.0,62.0,0.0,0.0,0.0,0.0,
0,0,,,,,,5.134,-0.272,-0.036,-1.939,0.716,-0.33002,0.59479,-0.15705,-0.248,-0.025,-8.656,5.528,-30.443,0.122,,True,False,8,-2.156,0.006,0.061,62.0,62.0,62.0,62.0,0.0,0.0,0.0,0.0,
0,0,,,,,,5.136,-0.272,-0.036,-1.948,0.7259,-0.32568,0.58422,-0.16032,-0.248,-0.025,-8.666,5.537,-30.445,0.241,,True,False,8,-2.156,0.006,0.061,62.0,62.0,62.0,62.0,0.0,0.0,0.0,0.0,
0,0,,,,,,5.154,-0.276,-0.036,-2.061,0.83883,-0.26575,0.43315,-0.19524,-0.26,-0.025,-8.796,5.329,-30.49,1.759,,True,False,8,-2.114,0.006,0.062,62.0,62.0,62.0,62.0,0.0,0.0,0.0,0.0,
0,0,,,,,,5.161,-0.281,-0.037,-2.23,0.9436,-0.1721,0.17652,-0.22101,-0.272,-0.025,-8.994,4.039,-30.606,3.54,,True,False,8,-2.114,0.006,0.062,62.0,62.0,62.0,62.0,0.0,0.0,0.0,0.0,
0,0,,,,,,5.168,-0.281,-0.037,-2.23,0.9436,-0.1721,0.17652,-0.22101,-0.272,-0.025,-8.994,4.039,-30.606,3.54,,True,False,8,-2.057,0.006,0.062,62.0,62.0,62.0,62.0,0.0,0.0,0.0,0.0,
0,0,,,,,,5.17,-0.281,-0.037,-2.23,0.9436,-0.1721,0.17652,-0.22101,-0.272,-0.025,-8.994,4.039,-30.606,3.54,,True,False,8,-2.057,0.006,0.062,62.0,62.0,62.0,62.0,0.0,0.0,0.0,0.0,
0,0,,,,,,5.178,-0.287,-0.037,-2.422,0.96435,-0.07215,-0.13203,-0.21769,-0.275,-0.025,-9.218,1.796,-30.775,4.301,,True,False,8,-2.057,0.006,0.062,62.0,62.0,62.0,62.0,0.0,0.0,0.0,0.0,
0,0,,,,,,5.18,-0.292,-0.038,-2.608,0.88731,0.0087,-0.41994,-0.19038,-0.266,-0.024,-9.429,-0.289,-30.929,3.642,,True,False,8,-2.003,0.005,0.057,62.0,62.0,62.0,62.0,0.0,0.0,0.0,0.0,
0,0,,,,,,5.223,-0.297,-0.038,-2.78,0.74228,0.06343,-0.64924,-0.15323,-0.252,-0.023,-9.612,-1.48,-31.023,2.165,,True,False,8,-1.984,0.005,0.054,62.0,62.0,62.0,62.0,0.0,0.0,0.0,0.0,
0,0,,,,,,5.227,-0.301,-0.039,-2.945,0.54977,0.09718,-0.8218,-0.1138,-0.237,-0.022,-9.777,-1.725,-31.053,0.467,,True,False,8,-1.948,0.005,0.048,62.0,62.0,62.0,62.0,0.0,0.0,0.0,0.0,
0,0,,,,,,5.256,-0.305,-0.039,-3.132,0.28809,0.1145,-0.94804,-0.07155,-0.224,-0.021,-9.953,-1.016,-31.016,-1.197,,True,False,8,-1.91,0.004,0.044,62.0,62.0,62.0,62.0,0.0,0.0,0.0,0.0,
0,0,,,,,,5.312,-0.31,-0.04,-3.364,-0.0616,0.11073,-0.99145,-0.03113,-0.219,-0.02,-10.159,0.714,-30.894,-2.224,,True,False,8,-1.819,0.004,0.04,62.0,62.0,62.0,62.0,0.0,0.0,0.0,0.0,
0,0,,,,,,5.327,-0.322,-0.041,-3.904,-0.75987,0.04705,-0.64835,-0.00559,-0.25,-0.021,-10.642,3.722,-30.563,-0.376,,True,False,8,-1.771,0.003,0.042,62.0,62.0,62.0,62.0,0.0,0.0,0.0,0.0,
0,0,,,,,,5.347,-0.322,-0.041,-3.915,-0.76977,0.04561,-0.63666,-0.00596,-0.251,-0.021,-10.652,3.735,-30.558,-0.312,,True,False,8,-1.771,0.003,0.042,62.0,62.0,62.0,62.0,0.0,0.0,0.0,0.0,
0,0,,,,,,5.357,-0.33,-0.041,-4.228,-0.96918,0.00818,-0.24482,-0.02622,-0.27,-0.022,-10.949,3.399,-30.447,1.306,,True,False,8,-1.756,0.004,0.042,62.0,62.0,62.0,62.0,0.0,0.0,0.0,0.0,
0,0,,,,,,5.397,-0.341,-0.042,-4.687,-0.92725,-0.01841,0.368,-0.06669,-0.267,-0.023,-11.382,1.812,-30.338,2.04,,True,False,8,-1.703,0.003,0.042,62.0,62.0,62.0,62.0,0.0,0.0,0.0,0.0,
0,0,,,,,,5.399,-0.341,-0.042,-4.698,-0.92148,-0.01859,0.38206,-0.06758,-0.266,-0.023,-11.393,1.776,-30.335,2.035,,True,False,8,-1.703,0.003,0.042,62.0,62.0,62.0,62.0,0.0,0.0,0.0,0.0,
0,0,,,,,,5.401,-0.341,-0.042,-4.698,-0.92148,-0.01859,0.38206,-0.06758,-0.266,-0.023,-11.393,1.776,-30.335,2.035,,True,False,8,-1.677,0.003,0.039,62.0,62.0,62.0,62.0,0.0,0.0,0.0,0.0,
0,0,,,,,,5.427,-0.353,-0.043,-5.221,-0.4718,-0.0069,0.87693,-0.09135,-0.232,-0.022,-11.837,0.716,-30.179,1.35,,True,False,8,-1.638,0.003,0.034,62.0,62.0,62.0,62.0,0.0,0.0,0.0,0.0,
0,0,,,,,,5.444,-0.353,-0.043,-5.245,-0.44501,-0.00563,0.89082,-0.09153,-0.231,-0.022,-11.856,0.692,-30.172,1.313,,True,False,8,-1.611,0.003,0.031,62.0,62.0,62.0,62.0,0.0,0.0,0.0,0.0,

0,0,[0 0],[0 0],[3.95 6.  ],[0. 0.],[3.95 6.   0.  ],,,,,,,,,0.0,0,2.65,,,,88.51,[    1.92 -2620.87 -2620.87],,,,,,,,,,,,,,Rollout Completed: Pitch Timeout
0,0,,,,,,3.917,0.006,-0.0,1.447,0.99999,-2e-05,-0.00506,-4e-05,-0.004,0.0,2.666,-0.0,0.033,-0.0,,,,,4.086,,0.006,,,,,0.0,0.0,-5.999,0.0,Flip Data
0,0,,,,,,0.0,0.0,0.0,0.0,0.0,0.0,0.0,0.0,0.0,0.0,0.0,0.0,0.0,0.0,,False,0,,0.0,0.0,,,,,,,,,,Impact Data

0,1,,,,,,5.838,0.004,-0.002,0.402,1.0,-0.00142,-0.00225,-0.00032,0.011,-0.007,0.01,-0.021,-0.033,0.002,,False,False,8,0.006,0.004,-0.007,2494.0,2502.0,2497.0,2488.0,0.55,0.033,0.052,0.007,
0,1,,,,,,5.859,0.0,-0.0,0.437,1.0,2e-05,-0.00025,1e-05,0.03,-0.0,2.651,0.002,-0.066,0.003,,False,False,8,1.579,0.0,-0.018,1974.0,1945.0,1945.0,1974.0,0.339,0.0,-0.141,0.0,
0,1,,,,,,5.877,0.001,-0.0,0.485,1.0,2e-05,-0.00095,4e-05,0.03,-0.0,2.654,0.0,-0.079,0.002,,False,False,8,1.579,0.0,-0.018,1957.0,1959.0,1957.0,1959.0,0.339,-0.0,0.003,-0.0,
0,1,,,,,,5.879,0.001,-0.0,0.485,1.0,2e-05,-0.00095,4e-05,0.03,-0.0,2.654,0.0,-0.079,0.002,,False,False,8,1.66,0.0,-0.018,1957.0,1959.0,1957.0,1959.0,0.339,-0.0,0.003,-0.0,
0,1,,,,,,5.88,0.001,-0.0,0.53,1.0,2e-05,-0.00161,5e-05,0.029,-0.0,2.656,-0.0,-0.076,0.001,,False,False,8,1.66,0.0,-0.018,1956.0,1959.0,1957.0,1958.0,0.339,-0.0,0.003,-0.0,
0,1,,,,,,5.923,0.001,-0.0,0.533,1.0,2e-05,-0.00165,5e-05,0.029,-0.0,2.656,-0.0,-0.076,0.001,,False,False,8,1.781,0.0,-0.019,1953.0,1954.0,1954.0,1953.0,0.337,0.0,0.005,0.0,
0,1,,,,,,5.936,0.003,-0.0,0.631,1.0,2e-05,-0.00296,5e-05,0.028,-0.0,2.659,-0.0,-0.066,-0.0,,False,False,8,1.781,0.0,-0.019,1952.0,1953.0,1953.0,1952.0,0.337,0.0,0.005,0.0,
0,1,,,,,,5.938,0.003,-0.0,0.631,1.0,2e-05,-0.00296,5e-05,0.028,-0.0,2.659,-0.0,-0.066,-0.0,,False,False,8,1.781,0.0,-0.019,1952.0,1953.0,1953.0,1952.0,0.337,0.0,0.005,0.0,
0,1,,,,,,5.956,0.003,-0.0,0.682,0.99999,2e-05,-0.00356,5e-05,0.026,-0.0,2.661,-0.0,-0.06,-0.001,,False,False,8,1.848,0.0,-0.019,1951.0,1952.0,1952.0,1951.0,0.337,0.0,0.006,0.0,
0,1,,,,,,5.972,0.004,-0.0,0.732,0.99999,1e-05,-0.0041,4e-05,0.025,-0.0,2.662,-0.0,-0.054,-0.001,,False,False,8,1.919,0.0,-0.018,1950.0,1951.0,1951.0,1950.0,0.336,0.0,0.006,0.0,
0,1,,,,,,5.973,0.004,-0.0,0.732,0.99999,1e-05,-0.0041,4e-05,0.025,-0.0,2.662,-0.0,-0.054,-0.001,,False,False,8,1.919,0.0,-0.018,1950.0,1951.0,1951.0,1950.0,0.336,0.0,0.006,0.0,
0,1,,,,,,5.974,0.004,-0.0,0.732,0.99999,1e-05,-0.0041,4e-05,0.025,-0.0,2.662,-0.0,-0.054,-0.001,,False,False,8,1.919,0.0,-0.018,1950.0,1951.0,1951.0,1950.0,0.336,0.0,0.006,0.0,
0,1,,,,,,5.978,0.004,-0.0,0.732,0.99999,1e-05,-0.0041,4e-05,0.025,-0.0,2.662,-0.0,-0.054,-0.001,,False,False,8,1.919,0.0,-0.018,1950.0,1951.0,1951.0,1949.0,0.336,0.0,0.006,0.0,
0,1,,,,,,5.99,0.004,-0.0,0.78,0.99999,1e-05,-0.00455,4e-05,0.023,-0.0,2.663,-0.0,-0.048,-0.001,,False,False,8,1.997,0.0,-0.018,1950.0,1950.0,1951.0,1949.0,0.336,0.0,0.006,0.0,
0,1,,,,,,5.996,0.004,-0.0,0.78,0.99999,1e-05,-0.00455,4e-05,0.023,-0.0,2.663,-0.0,-0.048,-0.001,,False,False,8,1.997,0.0,-0.018,1949.0,1950.0,1950.0,1949.0,0.336,0.0,0.006,0.0,
0,1,,,,,,6.002,0.004,-0.0,0.825,0.99999,1e-05,-0.00493,3e-05,0.022,-0.0,2.663,-0.0,-0.042,-0.001,,False,False,8,1.997,0.0,-0.018,1949.0,1950.0,1950.0,1948.0,0.336,0.0,0.006,0.0,
0,1,,,,,,6.023,0.005,-0.0,0.889,0.99999,0.0,-0.00537,2e-05,0.019,-0.0,2.664,-0.0,-0.033,-0.001,,False,False,8,2.08,0.0,-0.017,1948.0,1949.0,1950.0,1948.0,0.336,0.0,0.006,0.0,
0,1,,,,,,6.025,0.005,-0.0,0.889,0.99999,0.0,-0.00537,2e-05,0.019,-0.0,2.664,-0.0,-0.033,-0.001,,False,False,8,2.08,0.0,-0.017,1948.0,1949.0,1950.0,1948.0,0.336,0.0,0.006,0.0,
0,1,,,,,,6.042,0.005,-0.0,0.94,0.99998,-0.0,-0.00565,1e-05,0.017,-0.0,2.664,-0.0,-0.026,-0.001,,False,False,8,2.22,0.0,-0.016,1948.0,1949.0,1949.0,1948.0,0.336,0.0,0.006,0.0,
0,1,,,,,,6.046,0.005,-0.0,0.94,0.99998,-0.0,-0.00565,1e-05,0.017,-0.0,2.664,-0.0,-0.026,-0.001,,False,False,8,2.22,0.0,-0.016,1948.0,1948.0,1949.0,1947.0,0.335,0.0,0.006,0.0,
0,1,,,,,,6.048,0.005,-0.0,0.94,0.99998,-0.0,-0.00565,1e-05,0.017,-0.0,2.664,-0.0,-0.026,-0.001,,False,False,8,2.379,0.0,-0.014,1948.0,1948.0,1949.0,1947.0,0.335,0.0,0.006,0.0,
0,1,,,,,,6.083,0.005,-0.0,0.988,0.99998,-0.0,-0.00585,1e-05,0.015,-0.0,2.665,-0.0,-0.019,-0.001,,False,False,8,2.437,0.0,-0.013,1948.0,1948.0,1949.0,1947.0,0.335,0.0,0.006,0.0,
0,1,,,,,,6.088,0.006,-0.0,1.052,0.99998,-1e-05,-0.00602,-0.0,0.013,-0.0,2.665,-0.0,-0.01,-0.001,,False,False,8,2.437,0.0,-0.013,1947.0,1948.0,1948.0,1946.0,0.335,0.0,0.006,0.0,
0,1,,,,,,6.097,0.006,-0.0,1.065,0.99998,-1e-05,-0.00605,-1e-05,0.012,-0.0,2.665,-0.0,-0.009,-0.001,,False,False,8,2.562,0.0,-0.012,1947.0,1948.0,1948.0,1946.0,0.335,0.0,0.006,0.0,
0,1,,,,,,6.099,0.006,-0.0,1.11,0.99998,-1e-05,-0.00609,-1e-05,0.01,-0.0,2.665,-0.0,-0.003,-0.001,,False,False,8,2.562,0.0,-0.012,1947.0,1948.0,1948.0,1946.0,0.335,0.0,0.006,0.0,
0,1,,,,,,6.128,0.006,-0.0,1.166,0.99998,-1e-05,-0.00608,-2e-05,0.007,-0.0,2.665,-0.0,0.004,-0.001,,False,False,8,2.7,0.0,-0.01,1947.0,1947.0,1948.0,1946.0,0.335,0.0,0.006,0.0,
0,1,,,,,,6.15,0.006,-0.0,1.222,0.99998,-1e-05,-0.006,-2e-05,0.005,-0.0,2.666,-0.0,0.011,-0.001,,False,False,8,3.028,0.0,-0.006,1947.0,1947.0,1948.0,1946.0,0.335,0.0,0.005,0.0,
0,1,,,,,,6.159,0.006,-0.0,1.273,0.99998,-2e-05,-0.00586,-3e-05,0.003,-0.0,2.666,-0.0,0.017,-0.0,,False,False,8,3.028,0.0,-0.006,1947.0,1947.0,1947.0,1946.0,0.335,0.0,0.005,0.0,
0,1,,,,,,6.199,0.006,-0.0,1.324,0.99998,-2e-05,-0.00567,-3e-05,0.001,-0.0,2.666,-0.0,0.022,-0.0,,False,False,8,3.568,0.0,0.001,1946.0,1947.0,1947.0,1946.0,0.335,0.0,0.005,0.0,
0,1,,,,,,6.202,0.006,-0.0,1.372,0.99999,-2e-05,-0.00545,-3e-05,-0.001,-0.0,2.666,-0.0,0.027,-0.0,,False,False,8,3.568,0.0,0.001,1946.0,1947.0,1947.0,1946.0,0.335,0.0,0.004,0.0,
0,1,,,,,,6.219,0.006,-0.0,1.372,0.99999,-2e-05,-0.00545,-3e-05,-0.001,-0.0,2.666,-0.0,0.027,-0.0,,False,False,8,3.568,0.0,0.001,1946.0,1947.0,1947.0,1946.0,0.335,0.0,0.004,0.0,
0,1,,,,,,6.228,0.006,-0.0,1.42,0.99999,-2e-05,-0.00519,-4e-05,-0.003,-0.0,2.666,-0.0,0.031,-0.0,,False,False,8,3.996,0.0,0.006,1946.0,1947.0,1947.0,1946.0,0.335,0.0,0.004,0.0,
0,1,,,,,,6.234,0.006,-0.0,1.438,0.99999,-2e-05,-0.00507,-4e-05,-0.004,-0.0,2.666,-0.0,0.033,-0.0,,True,False,8,3.996,0.0,0.006,2190.0,62.0,62.0,2190.0,0.212,0.0,-5.993,0.0,
0,1,,,,,,6.236,0.006,-0.0,1.438,0.99999,-2e-05,-0.00507,-4e-05,-0.004,-0.0,2.666,-0.0,0.033,-0.0,,True,False,8,3.996,0.0,0.006,2190.0,62.0,62.0,2190.0,0.212,0.0,-5.993,0.0,
0,1,,,,,,6.308,0.001,-0.0,1.634,0.84403,0.01516,-0.53518,0.03102,-0.203,-0.012,2.326,0.18,-29.045,1.227,,True,False,8,4.887,0.017,0.299,2190.0,62.0,62.0,2190.0,0.212,0.0,-5.993,0.0,
0,1,,,,,,6.35,-0.009,-0.001,1.714,0.35698,-0.00661,-0.93293,0.0465,-0.306,-0.021,1.984,-0.319,-36.032,-0.397,,True,False,8,5.146,0.057,0.8,2190.0,62.0,62.0,2190.0,0.212,0.0,-5.993,0.0,
0,1,,,,,,6.392,-0.023,-0.002,1.796,-0.43588,-0.06538,-0.89747,0.01667,-0.308,-0.024,1.568,0.779,-35.188,-1.72,,True,False,8,5.18,0.071,0.926,62.0,62.0,62.0,62.0,0.0,0.0,0.0,0.0,
0,1,,,,,,6.428,-0.035,-0.003,1.847,-0.8853,-0.10226,-0.4526,-0.03062,-0.337,-0.028,1.207,1.797,-34.582,-1.924,,True,False,8,5.039,0.094,1.151,62.0,62.0,62.0,62.0,0.0,0.0,0.0,0.0,
0,1,,,,,,6.437,-0.035,-0.003,1.847,-0.8853,-0.10226,-0.4526,-0.03062,-0.337,-0.028,1.207,1.797,-34.582,-1.924,,True,False,8,5.039,0.094,1.151,62.0,62.0,62.0,62.0,0.0,0.0,0.0,0.0,
0,1,,,,,,6.44,-0.035,-0.003,1.847,-0.8853,-0.10226,-0.4526,-0.03062,-0.337,-0.028,1.207,1.797,-34.582,-1.924,,True,False,8,4.769,0.111,1.332,62.0,62.0,62.0,62.0,0.0,0.0,0.0,0.0,
0,1,,,,,,6.442,-0.042,-0.004,1.868,-0.98192,-0.11272,-0.14176,-0.0551,-0.347,-0.03,1.009,2.446,-34.279,-1.777,,True,False,8,4.769,0.111,1.332,62.0,62.0,62.0,62.0,0.0,0.0,0.0,0.0,
0,1,,,,,,6.454,-0.048,-0.004,1.885,-0.97332,-0.1173,0.18141,-0.07735,-0.346,-0.031,0.807,3.104,-33.981,-1.265,,True,False,8,4.02,0.139,1.567,62.0,62.0,62.0,62.0,0.0,0.0,0.0,0.0,
0,1,,,,,,6.509,-0.054,-0.005,1.898,-0.87076,-0.11653,0.46792,-0.09615,-0.337,-0.032,0.619,3.497,-33.717,-0.381,,True,False,8,2.453,0.171,1.671,62.0,62.0,62.0,62.0,0.0,0.0,0.0,0.0,
0,1,,,,,,6.55,-0.071,-0.007,1.916,-0.19171,-0.08467,0.9669,-0.14557,-0.299,-0.036,0.122,1.392,-33.163,2.377,,True,False,8,0.566,0.198,1.625,62.0,62.0,62.0,62.0,0.0,0.0,0.0,0.0,
0,1,,,,,,6.553,-0.076,-0.007,1.917,0.12032,-0.05846,0.97723,-0.16468,-0.298,-0.038,-0.048,-0.334,-33.038,2.171,,True,False,8,-0.407,0.211,1.628,62.0,62.0,62.0,62.0,0.0,0.0,0.0,0.0,
0,1,,,,,,6.567,-0.076,-0.007,1.917,0.12032,-0.05846,0.97723,-0.16468,-0.298,-0.038,-0.048,-0.334,-33.038,2.171,,True,False,8,-0.407,0.211,1.628,62.0,62.0,62.0,62.0,0.0,0.0,0.0,0.0,
0,1,,,,,,6.573,-0.082,-0.008,1.914,0.41742,-0.02148,0.88966,-0.18388,-0.306,-0.041,-0.22,-1.778,-32.927,0.923,,True,False,8,-0.407,0.211,1.628,62.0,62.0,62.0,62.0,0.0,0.0,0.0,0.0,
0,1,,,,,,6.602,-0.088,-0.009,1.908,0.66976,0.02774,0.71443,-0.20059,-0.322,-0.043,-0.4,-2.304,-32.811,-1.07,,True,False,8,-1.376,0.221,1.657,62.0,62.0,62.0,62.0,0.0,0.0,0.0,0.0,
0,1,,,,,,6.605,-0.094,-0.01,1.9,0.84474,0.08581,0.48458,-0.2103,-0.337,-0.046,-0.58,-1.63,-32.693,-3.041,,True,False,8,-2.316,0.227,1.683,62.0,62.0,62.0,62.0,0.0,0.0,0.0,0.0,
0,1,,,,,,6.624,-0.094,-0.01,1.899,0.85228,0.08934,0.47042,-0.21057,-0.338,-0.046,-0.59,-1.558,-32.686,-3.138,,True,False,8,-2.316,0.227,1.683,62.0,62.0,62.0,62.0,0.0,0.0,0.0,0.0,
0,1,,,,,,6.626,-0.094,-0.01,1.899,0.85228,0.08934,0.47042,-0.21057,-0.338,-0.046,-0.59,-1.558,-32.686,-3.138,,True,False,8,-2.316,0.227,1.683,62.0,62.0,62.0,62.0,0.0,0.0,0.0,0.0,
0,1,,,,,,6.646,-0.101,-0.01,1.887,0.94447,0.15732,0.19894,-0.20893,-0.347,-0.048,-0.779,0.21,-32.571,-4.434,,True,False,8,-3.574,0.224,1.636,62.0,62.0,62.0,62.0,0.0,0.0,0.0,0.0,
0,1,,,,,,6.683,-0.119,-0.013,1.83,0.7217,0.36478,-0.57989,-0.09906,-0.325,-0.051,-1.333,5.538,-32.499,-1.373,,True,False,8,-4.873,0.193,1.253,62.0,62.0,62.0,62.0,0.0,0.0,0.0,0.0,
0,1,,,,,,6.692,-0.119,-0.013,1.827,0.70032,0.37114,-0.6029,-0.09123,-0.323,-0.051,-1.353,5.583,-32.508,-1.107,,True,False,8,-4.995,0.186,1.159,62.0,62.0,62.0,62.0,0.0,0.0,0.0,0.0,
0,1,,,,,,6.712,-0.125,-0.014,1.801,0.47731,0.41706,-0.7734,-0.00897,-0.307,-0.052,-1.525,5.201,-32.628,1.262,,True,False,8,-5.077,0.178,1.07,62.0,62.0,62.0,62.0,0.0,0.0,0.0,0.0,
0,1,,,,,,6.73,-0.131,-0.015,1.771,0.20047,0.43669,-0.87157,0.09735,-0.296,-0.054,-1.697,3.453,-32.801,3.081,,True,False,8,-5.15,0.165,0.923,62.0,62.0,62.0,62.0,0.0,0.0,0.0,0.0,
0,1,,,,,,6.732,-0.131,-0.015,1.771,0.20047,0.43669,-0.87157,0.09735,-0.296,-0.054,-1.697,3.453,-32.801,3.081,,True,False,8,-5.15,0.165,0.923,62.0,62.0,62.0,62.0,0.0,0.0,0.0,0.0,
0,1,,,,,,6.734,-0.131,-0.015,1.771,0.20047,0.43669,-0.87157,0.09735,-0.296,-0.054,-1.697,3.453,-32.801,3.081,,True,False,8,-5.15,0.165,0.923,62.0,62.0,62.0,62.0,0.0,0.0,0.0,0.0,
0,1,,,,,,6.738,-0.136,-0.016,1.739,-0.07425,0.42055,-0.8797,0.20918,-0.295,-0.055,-1.856,1.125,-32.965,3.544,,True,False,8,-5.15,0.165,0.923,62.0,62.0,62.0,62.0,0.0,0.0,0.0,0.0,
0,1,,,,,,6.778,-0.148,-0.018,1.661,-0.5761,0.26127,-0.64186,0.43344,-0.322,-0.059,-2.207,-2.351,-33.121,0.481,,True,False,8,-5.091,0.144,0.768,62.0,62.0,62.0,62.0,0.0,0.0,0.0,0.0,
0,1,,,,,,6.802,-0.154,-0.019,1.615,-0.74318,0.11499,-0.41138,0.51501,-0.34,-0.061,-2.409,-2.083,-33.051,-1.954,,True,False,8,-5.031,0.136,0.735,62.0,62.0,62.0,62.0,0.0,0.0,0.0,0.0,
0,1,,,,,,6.803,-0.154,-0.019,1.615,-0.74318,0.11499,-0.41138,0.51501,-0.34,-0.061,-2.409,-2.083,-33.051,-1.954,,True,False,8,-4.934,0.122,0.681,62.0,62.0,62.0,62.0,0.0,0.0,0.0,0.0,
0,1,,,,,,6.809,-0.16,-0.021,1.573,-0.81374,-0.0325,-0.18585,0.54976,-0.35,-0.062,-2.589,-0.756,-32.925,-3.47,,True,False,8,-4.934,0.122,0.681,62.0,62.0,62.0,62.0,0.0,0.0,0.0,0.0,
0,1,,,,,,6.819,-0.161,-0.021,1.57,-0.81573,-0.04161,-0.1722,0.55064,-0.35,-0.062,-2.599,-0.656,-32.916,-3.531,,True,False,8,-4.934,0.122,0.681,62.0,62.0,62.0,62.0,0.0,0.0,0.0,0.0,
0,1,,,,,,6.83,-0.167,-0.022,1.521,-0.81039,-0.20862,0.07248,0.54267,-0.35,-0.063,-2.793,1.32,-32.747,-4.023,,True,False,8,-4.807,0.107,0.59,62.0,62.0,62.0,62.0,0.0,0.0,0.0,0.0,
0,1,,,,,,6.862,-0.173,-0.023,1.466,-0.72475,-0.37964,0.31138,0.48338,-0.338,-0.063,-2.994,3.227,-32.575,-3.306,,True,False,8,-4.753,0.102,0.553,62.0,62.0,62.0,62.0,0.0,0.0,0.0,0.0,
0,1,,,,,,6.869,-0.173,-0.023,1.466,-0.72475,-0.37964,0.31138,0.48338,-0.338,-0.063,-2.994,3.227,-32.575,-3.306,,True,False,8,-4.753,0.102,0.553,62.0,62.0,62.0,62.0,0.0,0.0,0.0,0.0,
0,1,,,,,,6.898,-0.188,-0.026,1.321,-0.27992,-0.66261,0.67667,0.15717,-0.298,-0.063,-3.428,4.03,-32.343,0.633,,True,False,8,-4.48,0.084,0.41,62.0,62.0,62.0,62.0,0.0,0.0,0.0,0.0,
0,1,,,,,,6.903,-0.188,-0.026,1.321,-0.27992,-0.66261,0.67667,0.15717,-0.298,-0.063,-3.428,4.03,-32.343,0.633,,True,False,8,-4.48,0.084,0.41,62.0,62.0,62.0,62.0,0.0,0.0,0.0,0.0,
0,1,,,,,,6.904,-0.188,-0.026,1.321,-0.27992,-0.66261,0.67667,0.15717,-0.298,-0.063,-3.428,4.03,-32.343,0.633,,True,False,8,-4.48,0.084,0.41,62.0,62.0,62.0,62.0,0.0,0.0,0.0,0.0,
0,1,,,,,,6.907,-0.193,-0.027,1.254,-0.04239,-0.69628,0.71582,-0.03167,-0.291,-0.063,-3.596,2.873,-32.317,1.703,,True,False,8,-4.323,0.077,0.36,62.0,62.0,62.0,62.0,0.0,0.0,0.0,0.0,
0,1,,,,,,6.919,-0.193,-0.027,1.254,-0.04239,-0.69628,0.71582,-0.03167,-0.291,-0.063,-3.596,2.873,-32.317,1.703,,True,False,8,-4.323,0.077,0.36,62.0,62.0,62.0,62.0,0.0,0.0,0.0,0.0,
0,1,,,,,,6.926,-0.193,-0.027,1.254,-0.04239,-0.69628,0.71582,-0.03167,-0.291,-0.063,-3.596,2.873,-32.317,1.703,,True,False,8,-4.323,0.077,0.36,62.0,62.0,62.0,62.0,0.0,0.0,0.0,0.0,
0,1,,,,,,6.944,-0.199,-0.028,1.188,0.17858,-0.67099,0.68622,-0.21677,-0.295,-0.064,-3.755,1.546,-32.307,1.94,,True,False,8,-4.097,0.069,0.322,62.0,62.0,62.0,62.0,0.0,0.0,0.0,0.0,
0,1,,,,,,6.951,-0.204,-0.029,1.119,0.37656,-0.59022,0.5971,-0.39156,-0.308,-0.065,-3.919,0.428,-32.293,1.508,,True,False,8,-4.097,0.069,0.322,62.0,62.0,62.0,62.0,0.0,0.0,0.0,0.0,
0,1,,,,,,6.953,-0.204,-0.029,1.115,0.38654,-0.58419,0.59059,-0.40064,-0.309,-0.065,-3.929,0.378,-32.292,1.469,,True,False,8,-3.847,0.061,0.307,62.0,62.0,62.0,62.0,0.0,0.0,0.0,0.0,
0,1,,,,,,6.993,-0.214,-0.031,0.989,0.62469,-0.329,0.3245,-0.62946,-0.338,-0.066,-4.234,-0.372,-32.231,-0.015,,True,False,8,-3.847,0.061,0.307,62.0,62.0,62.0,62.0,0.0,0.0,0.0,0.0,
0,1,,,,,,7.008,-0.218,-0.032,0.946,0.6672,-0.2245,0.21944,-0.67549,-0.345,-0.066,-4.338,-0.315,-32.201,-0.469,,True,False,8,-3.743,0.057,0.297,62.0,62.0,62.0,62.0,0.0,0.0,0.0,0.0,
0,1,,,,,,7.011,-0.224,-0.033,0.861,0.69648,-0.01028,0.00923,-0.71744,-0.351,-0.066,-4.541,0.04,-32.133,-1.124,,True,False,8,-3.599,0.051,0.268,62.0,62.0,62.0,62.0,0.0,0.0,0.0,0.0,
0,1,,,,,,7.03,-0.231,-0.035,0.773,0.658,0.20743,-0.19825,-0.69621,-0.347,-0.066,-4.744,0.529,-32.059,-1.476,,True,False,8,-3.599,0.051,0.268,62.0,62.0,62.0,62.0,0.0,0.0,0.0,0.0,
0,1,,,,,,7.087,-0.237,-0.036,0.686,0.56332,0.39836,-0.37522,-0.61902,-0.334,-0.065,-4.932,0.974,-31.987,-1.6,,True,False,8,-3.35,0.041,0.199,62.0,62.0,62.0,62.0,0.0,0.0,0.0,0.0,
0,1,,,,,,7.104,-0.254,-0.039,0.4,0.0297,0.73563,-0.66458,-0.12764,-0.293,-0.063,-5.45,2.203,-31.782,-1.385,,True,False,8,-3.246,0.038,0.178,62.0,62.0,62.0,62.0,0.0,0.0,0.0,0.0,
0,1,,,,,,7.108,-0.255,-0.039,0.394,0.01824,0.73714,-0.66533,-0.1167,-0.293,-0.063,-5.459,2.226,-31.779,-1.371,,True,False,8,-3.246,0.038,0.178,62.0,62.0,62.0,62.0,0.0,0.0,0.0,0.0,
0,1,,,,,,7.121,-0.255,-0.039,0.394,0.01824,0.73714,-0.66533,-0.1167,-0.293,-0.063,-5.459,2.226,-31.779,-1.371,,True,False,8,-3.145,0.036,0.165,62.0,62.0,62.0,62.0,0.0,0.0,0.0,0.0,
0,1,,,,,,7.135,-0.26,-0.04,0.294,-0.18741,0.73314,-0.6487,0.08101,-0.294,-0.063,-5.618,2.641,-31.728,-1.003,,True,False,8,-3.145,0.036,0.165,62.0,62.0,62.0,62.0,0.0,0.0,0.0,0.0,
0,1,,,,,,7.16,-0.27,-0.043,0.092,-0.53654,0.56623,-0.46081,0.42328,-0.319,-0.064,-5.941,2.912,-31.676,0.37,,True,False,8,-3.051,0.034,0.16,62.0,62.0,62.0,62.0,0.0,0.0,0.0,0.0,
0,1,,,,,,7.196,-0.283,-0.045,-0.129,-0.73322,0.23519,-0.10351,0.62957,-0.347,-0.064,-6.308,1.546,-31.69,1.767,,True,False,8,-2.892,0.03,0.158,62.0,62.0,62.0,62.0,0.0,0.0,0.0,0.0,
0,1,,,,,,7.197,-0.283,-0.045,-0.129,-0.73322,0.23519,-0.10351,0.62957,-0.347,-0.064,-6.308,1.546,-31.69,1.767,,True,False,8,-2.892,0.03,0.158,62.0,62.0,62.0,62.0,0.0,0.0,0.0,0.0,
0,1,,,,,,7.2,-0.283,-0.045,-0.129,-0.73322,0.23519,-0.10351,0.62957,-0.347,-0.064,-6.308,1.546,-31.69,1.767,,True,False,8,-2.892,0.03,0.158,62.0,62.0,62.0,62.0,0.0,0.0,0.0,0.0,
0,1,,,,,,7.209,-0.283,-0.045,-0.129,-0.73322,0.23519,-0.10351,0.62957,-0.347,-0.064,-6.308,1.546,-31.69,1.767,,True,False,8,-2.792,0.027,0.152,62.0,62.0,62.0,62.0,0.0,0.0,0.0,0.0,
0,1,,,,,,7.212,-0.289,-0.046,-0.244,-0.74512,0.04435,0.10586,0.65698,-0.351,-0.063,-6.501,0.316,-31.702,1.804,,True,False,8,-2.792,0.027,0.152,62.0,62.0,62.0,62.0,0.0,0.0,0.0,0.0,
0,1,,,,,,7.221,-0.295,-0.047,-0.363,-0.69413,-0.14129,0.31405,0.63213,-0.345,-0.062,-6.692,-0.893,-31.697,1.13,,True,False,8,-2.73,0.026,0.142,62.0,62.0,62.0,62.0,0.0,0.0,0.0,0.0,
0,1,,,,,,7.243,-0.297,-0.047,-0.396,-0.66897,-0.18976,0.36934,0.61649,-0.342,-0.062,-6.745,-1.168,-31.69,0.817,,True,False,8,-2.699,0.025,0.136,62.0,62.0,62.0,62.0,0.0,0.0,0.0,0.0,
0,1,,,,,,7.248,-0.3,-0.048,-0.458,-0.61216,-0.27193,0.46413,0.57956,-0.335,-0.061,-6.838,-1.547,-31.671,0.135,,True,False,8,-2.667,0.024,0.13,62.0,62.0,62.0,62.0,0.0,0.0,0.0,0.0,
0,1,,,,,,7.257,-0.301,-0.048,-0.478,-0.59006,-0.29764,0.49408,0.56491,-0.332,-0.061,-6.868,-1.633,-31.663,-0.12,,True,False,8,-2.667,0.024,0.13,62.0,62.0,62.0,62.0,0.0,0.0,0.0,0.0,
0,1,,,,,,7.259,-0.304,-0.049,-0.54,-0.51483,-0.36892,0.57796,0.5146,-0.324,-0.06,-6.958,-1.751,-31.632,-0.944,,True,False,8,-2.667,0.024,0.13,62.0,62.0,62.0,62.0,0.0,0.0,0.0,0.0,
0,1,,,,,,7.291,-0.314,-0.051,-0.775,-0.14598,-0.53938,0.78376,0.27106,-0.297,-0.058,-7.268,-0.146,-31.453,-3.781,,True,False,8,-2.537,0.02,0.105,62.0,62.0,62.0,62.0,0.0,0.0,0.0,0.0,
0,1,,,,,,7.295,-0.314,-0.051,-0.775,-0.14598,-0.53938,0.78376,0.27106,-0.297,-0.058,-7.268,-0.146,-31.453,-3.781,,True,False,8,-2.537,0.02,0.105,62.0,62.0,62.0,62.0,0.0,0.0,0.0,0.0,
0,1,,,,,,7.316,-0.32,-0.052,-0.915,0.10602,-0.56453,0.81076,0.1129,-0.292,-0.058,-7.436,1.948,-31.34,-4.342,,True,False,8,-2.473,0.019,0.097,62.0,62.0,62.0,62.0,0.0,0.0,0.0,0.0,
0,1,,,,,,7.337,-0.325,-0.053,-1.058,0.35966,-0.53737,0.76189,-0.03743,-0.298,-0.057,-7.605,4.154,-31.266,-3.59,,True,False,8,-2.411,0.018,0.094,62.0,62.0,62.0,62.0,0.0,0.0,0.0,0.0,
0,1,,,,,,7.357,-0.331,-0.054,-1.204,0.5909,-0.46559,0.63777,-0.16526,-0.313,-0.058,-7.78,5.65,-31.262,-1.615,,True,False,8,-2.354,0.017,0.095,62.0,62.0,62.0,62.0,0.0,0.0,0.0,0.0,
0,1,,,,,,7.359,-0.331,-0.054,-1.204,0.5909,-0.46559,0.63777,-0.16526,-0.313,-0.058,-7.78,5.65,-31.262,-1.615,,True,False,8,-2.354,0.017,0.095,62.0,62.0,62.0,62.0,0.0,0.0,0.0,0.0,
0,1,,,,,,7.361,-0.331,-0.054,-1.204,0.5909,-0.46559,0.63777,-0.16526,-0.313,-0.058,-7.78,5.65,-31.262,-1.615,,True,False,8,-2.354,0.017,0.095,62.0,62.0,62.0,62.0,0.0,0.0,0.0,0.0,
0,1,,,,,,7.367,-0.336,-0.055,-1.338,0.75958,-0.37352,0.46928,-0.25159,-0.329,-0.058,-7.946,5.842,-31.33,0.706,,True,False,8,-2.354,0.017,0.095,62.0,62.0,62.0,62.0,0.0,0.0,0.0,0.0,
0,1,,,,,,7.391,-0.343,-0.056,-1.483,0.88171,-0.25982,0.24406,-0.30906,-0.344,-0.058,-8.131,4.683,-31.463,2.969,,True,False,8,-2.281,0.016,0.096,62.0,62.0,62.0,62.0,0.0,0.0,0.0,0.0,
0,1,,,,,,7.403,-0.35,-0.057,-1.656,0.9337,-0.1238,-0.05578,-0.33131,-0.352,-0.057,-8.355,1.998,-31.65,4.347,,True,False,8,-2.237,0.016,0.095,62.0,62.0,62.0,62.0,0.0,0.0,0.0,0.0,
0,1,,,,,,7.406,-0.351,-0.057,-1.673,0.93312,-0.11135,-0.08526,-0.33107,-0.352,-0.057,-8.376,1.704,-31.667,4.378,,True,False,8,-2.195,0.015,0.09,62.0,62.0,62.0,62.0,0.0,0.0,0.0,0.0,
0,1,,,,,,7.448,-0.365,-0.06,-2.034,0.69957,0.09619,-0.66022,-0.25586,-0.328,-0.054,-8.814,-3.007,-31.822,1.161,,True,False,8,-2.153,0.014,0.083,62.0,62.0,62.0,62.0,0.0,0.0,0.0,0.0,
0,1,,,,,,7.46,-0.366,-0.06,-2.052,0.67875,0.10277,-0.68283,-0.24998,-0.326,-0.054,-8.834,-3.082,-31.817,0.884,,True,False,8,-2.153,0.014,0.083,62.0,62.0,62.0,62.0,0.0,0.0,0.0,0.0,
0,1,,,,,,7.462,-0.366,-0.06,-2.052,0.67875,0.10277,-0.68283,-0.24998,-0.326,-0.054,-8.834,-3.082,-31.817,0.884,,True,False,8,-2.11,0.013,0.076,62.0,62.0,62.0,62.0,0.0,0.0,0.0,0.0,
0,1,,,,,,7.493,-0.379,-0.062,-2.45,0.07744,0.16453,-0.97652,-0.1155,-0.298,-0.051,-9.244,-0.646,-31.421,-4.085,,True,False,8,-2.067,0.012,0.069,62.0,62.0,62.0,62.0,0.0,0.0,0.0,0.0,
0,1,,,,,,7.514,-0.385,-0.063,-2.637,-0.23265,0.14952,-0.95855,-0.0686,-0.299,-0.05,-9.423,1.788,-31.15,-4.312,,True,False,8,-2.023,0.011,0.065,62.0,62.0,62.0,62.0,0.0,0.0,0.0,0.0,
0,1,,,,,,7.516,-0.402,-0.066,-3.159,-0.87972,0.06115,-0.47087,-0.02533,-0.334,-0.05,-9.94,4.486,-30.553,0.106,,True,False,8,-1.858,0.009,0.063,62.0,62.0,62.0,62.0,0.0,0.0,0.0,0.0,
0,1,,,,,,7.629,-0.424,-0.069,-3.807,-0.8906,0.01939,0.45051,-0.05909,-0.336,-0.048,-10.595,0.444,-30.076,1.813,,True,False,8,-1.828,0.009,0.061,62.0,62.0,62.0,62.0,0.0,0.0,0.0,0.0,
0,1,,,,,,7.642,-0.428,-0.07,-3.935,-0.79493,0.02486,0.60295,-0.06272,-0.329,-0.048,-10.716,-0.115,-29.972,1.313,,True,False,8,-1.798,0.008,0.058,62.0,62.0,62.0,62.0,0.0,0.0,0.0,0.0,
0,1,,,,,,7.646,-0.428,-0.07,-3.935,-0.79493,0.02486,0.60295,-0.06272,-0.329,-0.048,-10.716,-0.115,-29.972,1.313,,True,False,8,-1.768,0.008,0.053,62.0,62.0,62.0,62.0,0.0,0.0,0.0,0.0,
0,1,,,,,,7.657,-0.428,-0.07,-3.935,-0.79493,0.02486,0.60295,-0.06272,-0.329,-0.048,-10.716,-0.115,-29.972,1.313,,True,False,8,-1.768,0.008,0.053,62.0,62.0,62.0,62.0,0.0,0.0,0.0,0.0,
0,1,,,,,,7.667,-0.434,-0.07,-4.14,-0.59366,0.03994,0.80134,-0.0619,-0.316,-0.047,-10.902,-0.543,-29.797,0.352,,True,False,8,-1.768,0.008,0.053,62.0,62.0,62.0,62.0,0.0,0.0,0.0,0.0,
0,1,,,,,,7.692,-0.44,-0.071,-4.349,-0.34695,0.05985,0.93453,-0.05192,-0.305,-0.047,-11.081,-0.462,-29.618,-0.542,,True,False,8,-1.723,0.007,0.048,62.0,62.0,62.0,62.0,0.0,0.0,0.0,0.0,
0,1,,,,,,7.743,-0.44,-0.071,-4.349,-0.34695,0.05985,0.93453,-0.05192,-0.305,-0.047,-11.081,-0.462,-29.618,-0.542,,True,False,8,-1.635,0.007,0.043,62.0,62.0,62.0,62.0,0.0,0.0,0.0,0.0,

0,1,[0 0],[0 0],[3.95 6.  ],[0. 0.],[3.95 6.   0.  ],,,,,,,,,0.0,0,2.65,,,,79.15,[    1.92 -2735.96 -2735.96],,,,,,,,,,,,,,Rollout Completed: Pitch Timeout
0,1,,,,,,6.227,0.006,-0.0,1.433,0.99999,-2e-05,-0.00511,-4e-05,-0.004,-0.0,2.666,-0.0,0.032,-0.0,,,,,3.996,,0.006,,,,,0.0,0.0,-5.998,0.0,Flip Data
0,1,,,,,,0.0,0.0,0.0,0.0,0.0,0.0,0.0,0.0,0.0,0.0,0.0,0.0,0.0,0.0,,False,0,,0.0,0.0,,,,,,,,,,Impact Data
