k_ep,k_run,alpha_mu,alpha_sig,mu,sigma,policy,t,x,y,z,qw,qx,qy,qz,vx,vy,vz,wx,wy,wz,reward,flip_flag,impact_flag,n_rollouts,RREV,OF_x,OF_y,F_thrust,Mx,My,Mz,Error
SIM,Note:
0,0,,,,,,5.112,0.002,0.0,0.623,1.0,-0.00018,-0.00266,7e-05,0.028,0.0,2.657,0.003,-0.072,-0.001,,False,False,8,1.771,-0.0,-0.019,8.513,-0.001,0.004,0.002,
0,0,,,,,,5.199,0.005,0.0,0.833,0.99999,-0.00013,-0.00495,3e-05,0.022,0.0,2.656,0.002,-0.044,-0.001,,False,False,8,1.771,-0.0,-0.019,8.524,0.0,0.004,0.004,
0,0,,,,,,5.249,0.005,0.0,0.934,0.99998,-0.0001,-0.00563,1e-05,0.018,0.0,2.656,0.002,-0.029,-0.001,,False,False,8,2.198,-0.0,-0.017,8.528,0.0,0.005,0.003,
0,0,,,,,,5.356,0.007,0.0,1.197,0.99998,-2e-05,-0.00615,-3e-05,0.007,0.001,2.655,0.002,0.007,-0.001,,False,False,8,2.898,-0.001,-0.008,8.53,0.0,0.005,0.003,
0,0,,,,,,5.403,0.007,0.0,1.285,0.99998,1e-05,-0.00594,-3e-05,0.003,0.001,2.655,0.002,0.017,-0.0,,False,False,8,2.898,-0.001,-0.008,8.531,0.0,0.004,0.003,
0,0,,,,,,5.501,0.006,0.0,1.587,0.99999,8e-05,-0.00415,-5e-05,-0.009,0.0,2.655,0.001,0.043,-0.0,,False,False,8,4.254,-0.001,0.008,8.532,-0.0,0.002,0.001,
0,0,,,,,,5.54,0.006,0.0,1.656,0.99994,0.00045,-0.01062,0.00034,-0.013,0.0,2.575,0.109,-2.09,0.118,,True,False,8,4.254,-0.001,0.008,0.0,0.0,-5.458,0.0,
0,0,,,,,,5.601,0.004,0.0,1.796,0.97393,0.01023,-0.22624,0.01294,-0.054,-0.002,2.167,0.469,-12.349,0.732,,True,False,8,6.695,0.003,0.102,0.0,0.0,-5.458,0.0,
0,0,,,,,,5.68,-0.006,-0.0,1.944,0.55819,0.01692,-0.82792,0.05183,-0.172,-0.012,1.454,0.06,-22.462,0.782,,True,False,8,9.594,0.085,1.193,0.0,0.0,0.0,0.0,
0,0,,,,,,5.76,-0.022,0.001,2.019,0.05513,0.04469,-0.99712,-0.02669,-0.068,-0.017,-0.101,0.31,0.306,-3.381,,True,True,8,9.594,0.085,1.193,0.0,0.0,0.0,0.0,
0,0,,,,,,5.809,-0.021,-0.001,2.014,0.02444,0.03621,-0.99901,-0.00822,0.032,-0.015,-0.132,-1.258,-1.921,-2.964,,True,True,8,-1.534,0.171,-0.37,0.0,0.0,0.0,0.0,
0,0,,,,,,5.845,-0.021,-0.001,2.013,0.00668,0.03507,-0.99936,-0.0016,0.019,-0.004,-0.088,-0.933,-0.752,-1.82,,True,True,8,-1.534,0.171,-0.37,0.0,0.0,0.0,0.0,
0,0,,,,,,5.933,-0.021,-0.001,2.013,0.0,0.03692,-0.99932,-0.00062,0.018,-0.009,-0.084,-0.128,0.372,-0.229,,True,True,8,-0.963,0.103,-0.101,0.0,0.0,0.0,0.0,
0,0,,,,,,6.005,-0.021,-0.001,2.013,-0.00227,0.03267,-0.99946,0.00169,0.007,-0.004,-0.084,-0.392,-0.333,-0.498,,True,True,8,-0.967,0.061,-0.097,0.0,0.0,0.0,0.0,
0,0,,,,,,6.098,-0.021,-0.001,2.013,-0.0024,0.03318,-0.99945,0.00174,0.008,-0.006,-0.084,-0.166,-0.186,-0.021,,True,True,8,-0.967,0.061,-0.097,0.0,0.0,0.0,0.0,
0,0,,,,,,6.14,-0.021,-0.001,2.013,-0.00235,0.03321,-0.99944,0.00177,0.008,-0.006,-0.084,-0.154,-0.21,-0.004,,True,True,8,-0.967,0.066,-0.09,0.0,0.0,0.0,0.0,
0,0,,,,,,6.188,-0.021,-0.001,2.013,-0.00237,0.03321,-0.99944,0.00175,0.008,-0.006,-0.084,-0.158,-0.203,-0.01,,True,True,8,-0.967,0.066,-0.09,0.0,0.0,0.0,0.0,
0,0,,,,,,6.269,-0.021,-0.001,2.013,-0.00238,0.03322,-0.99944,0.00175,0.008,-0.006,-0.084,-0.153,-0.21,-0.008,,True,True,8,-0.967,0.066,-0.09,0.0,0.0,0.0,0.0,
0,0,,,,,,6.332,-0.021,-0.001,2.013,-0.00238,0.03322,-0.99944,0.00175,0.008,-0.006,-0.084,-0.155,-0.208,-0.009,,True,True,8,-0.967,0.066,-0.09,0.0,0.0,0.0,0.0,
0,0,,,,,,6.411,-0.021,-0.001,2.013,-0.00238,0.03322,-0.99944,0.00175,0.008,-0.006,-0.084,-0.154,-0.208,-0.009,,True,True,8,-0.967,0.066,-0.09,0.0,0.0,0.0,0.0,
0,0,,,,,,6.552,-0.021,-0.001,2.013,-0.00238,0.03322,-0.99944,0.00175,0.008,-0.006,-0.084,-0.154,-0.208,-0.009,,True,True,8,-0.967,0.066,-0.09,0.0,0.0,0.0,0.0,
0,0,,,,,,6.617,-0.021,-0.001,2.013,-0.00238,0.03322,-0.99944,0.00175,0.008,-0.006,-0.084,-0.154,-0.208,-0.009,,True,True,8,-0.967,0.066,-0.09,0.0,0.0,0.0,0.0,
0,0,,,,,,6.707,-0.021,-0.001,2.013,-0.00238,0.03322,-0.99944,0.00175,0.008,-0.006,-0.084,-0.154,-0.208,-0.009,,True,True,8,-0.967,0.066,-0.09,0.0,0.0,0.0,0.0,
0,0,,,,,,6.721,-0.021,-0.001,2.013,-0.00238,0.03322,-0.99944,0.00175,0.008,-0.006,-0.084,-0.154,-0.208,-0.009,,True,True,8,-0.967,0.066,-0.09,0.0,0.0,0.0,0.0,
0,0,,,,,,6.835,-0.021,-0.001,2.013,-0.00238,0.03322,-0.99944,0.00175,0.008,-0.006,-0.084,-0.154,-0.208,-0.009,,True,True,8,-0.967,0.066,-0.09,0.0,0.0,0.0,0.0,
0,0,,,,,,6.882,-0.021,-0.001,2.013,-0.00238,0.03322,-0.99944,0.00175,0.008,-0.006,-0.084,-0.154,-0.208,-0.009,,True,True,8,-0.967,0.066,-0.09,0.0,0.0,0.0,0.0,
0,0,,,,,,6.901,-0.021,-0.001,2.013,-0.00238,0.03322,-0.99944,0.00175,0.008,-0.006,-0.084,-0.154,-0.208,-0.009,,True,True,8,-0.967,0.066,-0.09,0.0,0.0,0.0,0.0,
0,0,,,,,,6.964,-0.021,-0.001,2.013,-0.00238,0.03322,-0.99944,0.00175,0.008,-0.006,-0.084,-0.154,-0.208,-0.009,,True,True,8,-0.967,0.066,-0.09,0.0,0.0,0.0,0.0,
0,0,,,,,,7.038,-0.021,-0.001,2.013,-0.00238,0.03322,-0.99944,0.00175,0.008,-0.006,-0.084,-0.154,-0.208,-0.009,,True,True,8,-0.967,0.066,-0.09,0.0,0.0,0.0,0.0,

0,0,[0 0],[0 0],[5.34 3.03],[0. 0.],[5.34 3.03 0.  ],,,,,,,,,0.0,0,2.65,,,,119.62,[   2.02 -196.86 -218.38],,,,,,,,,,Rollout Completed: Pitch Timeout
0,0,,,,,,5.515,0.006,0.0,1.617,0.99999,9e-05,-0.00391,-5e-05,-0.01,0.0,2.655,0.001,0.044,0.0,,,,,5.403,0.019,0.019,0.0,0.0,-5.458,0.0,Flip Data
0,0,,,,,,5.741,-0.018,0.001,2.018,-0.10514,-0.00215,-0.99426,0.01977,-0.29,0.154,0.368,6.028,2.467,6.003,True,False,[3 2 1 4],,2.077,1.279,0.732,,,,,Impact Data

0,1,,,,,,9.582,0.001,-0.0,0.512,1.0,-1e-05,-0.00158,6e-05,0.029,-0.0,2.655,-0.002,-0.084,0.001,,False,False,8,0.741,-0.002,-0.001,8.534,0.002,0.002,-0.002,
0,1,,,,,,9.686,0.004,0.0,0.78,0.99999,-3e-05,-0.00471,3e-05,0.023,0.0,2.655,0.0,-0.046,-0.001,,False,False,8,1.804,-0.0,-0.019,8.534,0.0,0.006,0.003,
0,1,,,,,,9.756,0.005,0.0,0.997,0.99998,-2e-05,-0.00597,-1e-05,0.014,0.0,2.655,0.0,-0.016,-0.001,,False,False,8,2.303,-0.0,-0.014,8.533,0.0,0.005,0.003,
0,1,,,,,,9.887,0.006,0.0,1.369,0.99999,-0.0,-0.0054,-4e-05,-0.002,0.0,2.655,0.0,0.029,-0.0,,False,False,8,3.182,-0.0,-0.003,8.532,0.0,0.004,0.003,
0,1,,,,,,9.914,0.006,0.0,1.377,0.99999,-0.0,-0.00536,-4e-05,-0.002,0.0,2.655,0.0,0.029,-0.0,,False,False,8,3.182,-0.0,-0.003,8.532,0.0,0.003,0.002,
0,1,,,,,,9.946,0.006,0.0,1.377,0.99999,-0.0,-0.00536,-4e-05,-0.002,0.0,2.655,0.0,0.029,-0.0,,False,False,8,3.182,-0.0,-0.003,8.532,0.0,0.003,0.002,
0,1,,,,,,9.996,0.006,0.0,1.619,0.99999,1e-05,-0.00361,-5e-05,-0.01,0.0,2.655,0.0,0.045,0.0,,True,False,8,5.146,-0.0,0.018,0.0,0.0,-5.459,0.0,
0,1,,,,,,10.08,0.0,-0.0,1.873,0.86469,0.01729,-0.5011,0.03029,-0.129,-0.008,1.882,0.351,-19.022,1.054,,True,False,8,7.562,0.014,0.284,0.0,0.0,-5.459,0.0,
0,1,,,,,,10.11,-0.003,-0.0,1.91,0.73472,0.0184,-0.67683,0.04179,-0.179,-0.012,1.69,0.194,-22.505,1.095,,True,False,8,7.562,0.014,0.284,0.0,0.0,-5.459,0.0,
0,1,,,,,,10.147,-0.006,-0.001,1.941,0.56755,0.0157,-0.8216,0.05107,-0.186,-0.013,1.504,0.027,-23.448,0.806,,True,False,8,9.326,0.08,1.135,0.0,0.0,0.0,0.0,
0,1,,,,,,10.17,-0.011,-0.001,1.975,0.30613,0.00554,-0.95023,0.05756,-0.175,-0.013,1.268,-0.008,-23.377,0.307,,True,False,8,9.613,0.086,1.212,0.0,0.0,0.0,0.0,
0,1,,,,,,10.204,-0.014,-0.001,1.996,0.10108,-0.0053,-0.99319,0.05768,-0.17,-0.012,1.101,0.074,-23.332,0.018,,True,False,8,10.699,0.123,1.694,0.0,0.0,0.0,0.0,
0,1,,,,,,10.244,-0.024,0.0,2.019,0.03765,0.02003,-0.99906,-0.00722,-0.138,-0.017,-0.159,-2.839,-12.681,-3.342,,True,True,8,10.699,0.123,1.694,0.0,0.0,0.0,0.0,
0,1,,,,,,10.301,-0.024,-0.001,2.013,-0.00538,0.01414,-0.99982,0.01131,-0.033,-0.025,-0.106,0.171,-4.65,0.508,,True,True,8,-1.718,0.171,1.487,0.0,0.0,0.0,0.0,
0,1,,,,,,10.355,-0.023,-0.002,2.013,0.005,0.02211,-0.99971,0.00843,0.018,-0.008,-0.078,-0.947,-0.191,-0.872,,True,True,8,-1.718,0.171,1.487,0.0,0.0,0.0,0.0,
0,1,,,,,,10.408,-0.023,-0.002,2.013,0.00126,0.01931,-0.99976,0.01047,0.01,-0.013,-0.078,-0.156,-0.376,0.261,,True,True,8,-0.895,0.121,-0.261,0.0,0.0,0.0,0.0,
0,1,,,,,,10.449,-0.023,-0.002,2.013,0.00148,0.01972,-0.99975,0.01025,0.011,-0.011,-0.078,-0.381,-0.335,-0.129,,True,True,8,-0.895,0.121,-0.261,0.0,0.0,0.0,0.0,
0,1,,,,,,10.49,-0.023,-0.002,2.013,0.00152,0.02081,-0.99974,0.00972,0.01,-0.013,-0.078,-0.242,-0.363,0.138,,True,True,8,-0.894,0.146,-0.121,0.0,0.0,0.0,0.0,
0,1,,,,,,10.54,-0.023,-0.002,2.013,0.00138,0.02051,-0.99974,0.00986,0.011,-0.012,-0.078,-0.318,-0.351,-0.027,,True,True,8,-0.894,0.146,-0.121,0.0,0.0,0.0,0.0,
0,1,,,,,,10.61,-0.023,-0.002,2.013,0.00143,0.02042,-0.99974,0.00989,0.011,-0.012,-0.078,-0.32,-0.331,-0.018,,True,True,8,-0.894,0.133,-0.125,0.0,0.0,0.0,0.0,
0,1,,,,,,10.677,-0.023,-0.002,2.013,0.00145,0.02042,-0.99974,0.0099,0.011,-0.012,-0.078,-0.317,-0.335,-0.011,,True,True,8,-0.894,0.133,-0.125,0.0,0.0,0.0,0.0,
0,1,,,,,,10.718,-0.023,-0.002,2.013,0.00146,0.02043,-0.99974,0.0099,0.011,-0.012,-0.078,-0.313,-0.343,-0.004,,True,True,8,-0.894,0.134,-0.123,0.0,0.0,0.0,0.0,
0,1,,,,,,10.774,-0.023,-0.002,2.013,0.00146,0.02042,-0.99974,0.0099,0.011,-0.012,-0.078,-0.315,-0.34,-0.005,,True,True,8,-0.894,0.134,-0.123,0.0,0.0,0.0,0.0,
0,1,,,,,,10.84,-0.023,-0.002,2.013,0.00146,0.02043,-0.99974,0.0099,0.011,-0.012,-0.078,-0.314,-0.341,-0.005,,True,True,8,-0.894,0.134,-0.123,0.0,0.0,0.0,0.0,
0,1,,,,,,10.914,-0.023,-0.002,2.013,0.00146,0.02043,-0.99974,0.0099,0.011,-0.012,-0.078,-0.315,-0.341,-0.005,,True,True,8,-0.894,0.134,-0.123,0.0,0.0,0.0,0.0,
0,1,,,,,,11.014,-0.023,-0.002,2.013,0.00146,0.02043,-0.99974,0.0099,0.011,-0.012,-0.078,-0.314,-0.341,-0.005,,True,True,8,-0.894,0.134,-0.123,0.0,0.0,0.0,0.0,
0,1,,,,,,11.064,-0.023,-0.002,2.013,0.00146,0.02043,-0.99974,0.0099,0.011,-0.012,-0.078,-0.314,-0.341,-0.005,,True,True,8,-0.894,0.134,-0.123,0.0,0.0,0.0,0.0,
0,1,,,,,,11.111,-0.023,-0.002,2.013,0.00146,0.02043,-0.99974,0.0099,0.011,-0.012,-0.078,-0.314,-0.341,-0.005,,True,True,8,-0.894,0.134,-0.123,0.0,0.0,0.0,0.0,
0,1,,,,,,11.232,-0.023,-0.002,2.013,0.00146,0.02043,-0.99974,0.0099,0.011,-0.012,-0.078,-0.314,-0.341,-0.005,,True,True,8,-0.894,0.134,-0.123,0.0,0.0,0.0,0.0,
0,1,,,,,,11.286,-0.023,-0.002,2.013,0.00146,0.02043,-0.99974,0.0099,0.011,-0.012,-0.078,-0.314,-0.341,-0.005,,True,True,8,-0.894,0.134,-0.123,0.0,0.0,0.0,0.0,
0,1,,,,,,11.346,-0.023,-0.002,2.013,0.00146,0.02043,-0.99974,0.0099,0.011,-0.012,-0.078,-0.314,-0.341,-0.005,,True,True,8,-0.894,0.134,-0.123,0.0,0.0,0.0,0.0,
0,1,,,,,,11.417,-0.023,-0.002,2.013,0.00146,0.02043,-0.99974,0.0099,0.011,-0.012,-0.078,-0.314,-0.341,-0.005,,True,True,8,-0.894,0.134,-0.123,0.0,0.0,0.0,0.0,
0,1,,,,,,11.45,-0.023,-0.002,2.013,0.00146,0.02043,-0.99974,0.0099,0.011,-0.012,-0.078,-0.314,-0.341,-0.005,,True,True,8,-0.894,0.134,-0.123,0.0,0.0,0.0,0.0,
0,1,,,,,,11.506,-0.023,-0.002,2.013,0.00146,0.02043,-0.99974,0.0099,0.011,-0.012,-0.078,-0.314,-0.341,-0.005,,True,True,8,-0.894,0.134,-0.123,0.0,0.0,0.0,0.0,

0,1,[0 0],[0 0],[5.34 3.03],[0. 0.],[5.34 3.03 0.  ],,,,,,,,,0.0,0,2.65,,,,119.62,[   2.02 -228.58 -228.58],,,,,,,,,,Rollout Completed: Pitch Timeout
0,1,,,,,,9.995,0.006,0.0,1.616,0.99999,1e-05,-0.00364,-5e-05,-0.01,0.0,2.655,0.0,0.045,0.0,,,,,5.425,0.021,0.021,0.0,0.0,-5.459,0.0,Flip Data
0,1,,,,,,10.205,-0.016,-0.001,2.011,-0.06105,-0.01503,-0.99652,0.05474,-0.175,-0.005,0.959,0.79,-22.462,-0.014,True,False,[3 2 1 4],,2.402,1.157,0.442,,,,,Impact Data

0,2,,,,,,13.655,0.001,-0.0,0.504,1.0,0.0,-0.00175,8e-05,0.029,-0.0,2.655,-0.005,-0.109,0.003,,False,False,8,0.197,0.0,-0.0,8.529,0.001,0.089,-0.028,
0,2,,,,,,13.754,0.003,0.0,0.679,0.99999,-6e-05,-0.00394,5e-05,0.026,0.0,2.655,0.0,-0.058,-0.001,,False,False,8,1.797,-0.0,-0.018,8.539,0.001,-0.001,0.004,
0,2,,,,,,13.764,0.003,0.0,0.679,0.99999,-6e-05,-0.00394,5e-05,0.026,0.0,2.655,0.0,-0.058,-0.001,,False,False,8,1.797,-0.0,-0.018,8.538,0.001,0.006,0.003,
0,2,,,,,,13.811,0.004,0.0,0.734,0.99999,-6e-05,-0.0045,4e-05,0.024,0.0,2.655,0.0,-0.049,-0.001,,False,False,8,1.797,-0.0,-0.018,8.535,0.0,0.006,0.003,
0,2,,,,,,13.858,0.005,0.0,0.947,0.99998,-4e-05,-0.00589,0.0,0.016,0.0,2.655,0.0,-0.02,-0.001,,False,False,8,2.144,-0.0,-0.016,8.534,0.0,0.005,0.003,
0,2,,,,,,13.921,0.006,0.0,1.114,0.99998,-3e-05,-0.00616,-2e-05,0.008,0.0,2.655,0.001,0.002,-0.001,,False,False,8,2.588,-0.0,-0.01,8.533,0.0,0.005,0.003,
0,2,,,,,,13.966,0.006,0.0,1.181,0.99998,-2e-05,-0.00608,-2e-05,0.005,0.0,2.655,0.001,0.011,-0.001,,False,False,8,2.588,-0.0,-0.01,8.532,0.0,0.004,0.003,
0,2,,,,,,14.015,0.006,0.0,1.38,0.99999,0.0,-0.00526,-4e-05,-0.003,0.0,2.655,0.001,0.031,-0.0,,False,False,8,3.492,-0.0,0.002,8.532,0.0,0.003,0.002,
0,2,,,,,,14.075,0.006,0.0,1.446,0.99999,1e-05,-0.00483,-4e-05,-0.006,0.0,2.655,0.001,0.037,-0.0,,False,False,8,3.492,-0.0,0.002,8.532,0.0,0.002,0.001,
0,2,,,,,,14.245,0.001,-0.0,1.856,0.88507,0.0177,-0.46428,0.02809,-0.122,-0.007,1.929,0.446,-18.608,1.072,,True,False,8,8.223,0.044,0.69,0.0,0.0,-5.465,0.0,
0,2,,,,,,14.265,-0.009,-0.001,1.942,0.46561,0.01642,-0.88311,0.05525,-0.249,-0.021,1.434,0.155,-27.953,0.936,,True,False,8,8.223,0.044,0.69,0.0,0.0,0.0,0.0,
0,2,,,,,,14.272,-0.01,-0.001,1.947,0.41539,0.01497,-0.90775,0.05663,-0.247,-0.021,1.397,0.149,-28.004,0.824,,True,False,8,9.3,0.142,1.7,0.0,0.0,0.0,0.0,
0,2,,,,,,14.278,-0.01,-0.001,1.947,0.41539,0.01497,-0.90775,0.05663,-0.247,-0.021,1.397,0.149,-28.004,0.824,,True,False,8,9.3,0.142,1.7,0.0,0.0,0.0,0.0,
0,2,,,,,,14.281,-0.014,-0.001,1.97,0.18934,0.00617,-0.9801,0.05932,-0.24,-0.02,1.241,0.235,-28.006,0.375,,True,False,8,9.515,0.154,1.837,0.0,0.0,0.0,0.0,
0,2,,,,,,14.292,-0.014,-0.001,1.971,0.17559,0.00553,-0.98266,0.05931,-0.239,-0.02,1.232,0.244,-28.006,0.352,,True,False,8,9.515,0.154,1.837,0.0,0.0,0.0,0.0,
0,2,,,,,,14.366,-0.028,0.001,2.006,-0.1136,0.04992,-0.99189,-0.02749,-0.043,0.009,0.022,1.861,23.989,5.467,,True,True,8,0.139,0.121,3.049,0.0,0.0,0.0,0.0,
0,2,,,,,,14.544,-0.016,0.0,1.993,-0.25512,0.02166,-0.96666,-0.00364,0.363,0.014,-0.227,-0.633,-8.691,-1.859,,True,True,8,-2.082,-0.103,-3.376,0.0,0.0,0.0,0.0,

0,2,[0 0],[0 0],[5.34 3.03],[0. 0.],[5.34 3.03 0.  ],,,,,,,,,0.0,0,2.65,,,,44.56,[   2.01 -239.83 -239.83],,,,,,,,,,Rollout Completed: Impact Timeout
0,2,,,,,,14.105,0.005,0.0,1.613,0.99999,3e-05,-0.00351,-4e-05,-0.011,0.0,2.655,0.0,0.046,0.0,,,,,5.367,0.021,0.021,0.0,0.0,-5.465,0.0,Flip Data
0,2,,,,,,14.311,-0.021,-0.002,2.0,-0.18568,-0.01423,-0.98109,0.05281,-0.249,-0.008,0.983,0.727,-27.849,-0.087,True,False,[3 2],,3.891,0.909,0.956,,,,,Impact Data

0,3,,,,,,17.438,0.0,-0.0,0.419,1.0,0.0,-0.0,0.0,0.03,-0.0,2.675,0.001,-0.01,0.001,,False,False,8,0.772,-0.023,0.011,8.367,-0.003,-0.032,-0.015,
0,3,,,,,,17.463,0.001,-0.0,0.493,1.0,-0.0,-0.00121,6e-05,0.03,-0.0,2.669,-0.003,-0.105,0.004,,False,False,8,0.772,-0.023,0.011,8.419,0.005,0.024,-0.01,
0,3,,,,,,17.476,0.003,0.0,0.685,0.99999,-3e-05,-0.00378,4e-05,0.026,0.0,2.661,0.0,-0.062,-0.001,,False,False,8,1.827,-0.0,-0.019,8.483,0.0,0.009,0.002,
0,3,,,,,,17.557,0.004,0.0,0.757,0.99999,-3e-05,-0.00451,3e-05,0.024,0.0,2.659,-0.0,-0.048,-0.001,,False,False,8,1.827,-0.0,-0.019,8.493,0.001,0.003,0.004,
0,3,,,,,,17.627,0.005,0.0,0.938,0.99998,-3e-05,-0.00577,-0.0,0.017,0.0,2.657,0.0,-0.024,-0.001,,False,False,8,2.334,-0.0,-0.014,8.513,0.001,0.006,0.003,
0,3,,,,,,17.724,0.006,0.0,1.198,0.99998,-1e-05,-0.00609,-3e-05,0.006,0.0,2.656,0.0,0.01,-0.0,,False,False,8,2.334,-0.0,-0.014,8.526,0.0,0.005,0.003,
0,3,,,,,,17.819,0.006,0.0,1.458,0.99999,0.0,-0.0049,-5e-05,-0.005,0.0,2.655,0.0,0.036,-0.0,,False,False,8,3.24,-0.0,-0.002,8.53,0.0,0.003,0.002,
0,3,,,,,,17.864,0.006,0.0,1.62,0.99999,1e-05,-0.00364,-5e-05,-0.01,0.0,2.655,0.0,0.045,0.0,,False,False,8,3.24,-0.0,-0.002,8.531,0.0,0.002,0.001,
0,3,,,,,,17.943,0.004,0.0,1.782,0.98883,0.00709,-0.14861,0.00832,-0.039,-0.001,2.269,0.445,-10.013,0.591,,True,False,8,7.643,0.01,0.212,0.0,0.0,-5.463,0.0,
0,3,,,,,,17.988,0.004,0.0,1.782,0.98883,0.00709,-0.14861,0.00832,-0.039,-0.001,2.269,0.445,-10.013,0.591,,True,False,8,7.643,0.01,0.212,0.0,0.0,-5.463,0.0,
0,3,,,,,,18.002,-0.001,-0.0,1.909,0.80702,0.02101,-0.58899,0.03687,-0.146,-0.01,1.765,0.4,-20.132,1.169,,True,False,8,9.769,0.076,1.046,0.0,0.0,-5.463,0.0,
0,3,,,,,,18.031,-0.005,-0.001,1.949,0.62638,0.02209,-0.77758,0.05035,-0.179,-0.013,1.533,0.228,-22.734,1.101,,True,False,8,9.769,0.076,1.046,0.0,0.0,0.0,0.0,
0,3,,,,,,18.037,-0.006,-0.001,1.956,0.58102,0.02155,-0.81189,0.05277,-0.177,-0.013,1.485,0.192,-22.756,1.007,,True,False,8,10.534,0.096,1.276,0.0,0.0,0.0,0.0,
0,3,,,,,,18.063,-0.009,-0.001,1.98,0.41383,0.01743,-0.90827,0.05904,-0.169,-0.013,1.323,0.135,-22.74,0.683,,True,False,8,11.379,0.115,1.511,0.0,0.0,0.0,0.0,
0,3,,,,,,18.069,-0.011,-0.001,1.996,0.27491,0.0123,-0.95954,0.05955,-0.156,0.012,1.134,2.084,-22.811,0.16,,True,True,8,11.379,0.115,1.511,0.0,0.0,0.0,0.0,
0,3,,,,,,18.07,-0.011,-0.001,1.997,0.26174,0.01119,-0.96343,0.05628,-0.149,0.099,0.955,5.043,-25.502,-1.412,,True,True,8,11.379,0.115,1.511,0.0,0.0,0.0,0.0,
0,3,,,,,,18.095,-0.011,0.004,2.007,0.09894,0.05595,-0.99104,-0.07012,0.233,0.276,0.253,8.086,-1.574,10.085,,True,True,8,11.379,0.115,1.511,0.0,0.0,0.0,0.0,
0,3,,,,,,18.165,-0.004,0.01,2.007,0.13897,0.13349,-0.98122,-0.00902,0.471,0.467,-0.039,-17.826,7.132,11.196,,True,True,8,-0.475,-4.335,-3.934,0.0,0.0,0.0,0.0,
0,3,,,,,,18.253,-0.018,0.01,1.992,0.26859,0.14268,-0.95239,0.02152,-0.426,-0.157,-0.212,0.892,3.647,-4.769,,True,True,8,-2.63,0.844,2.823,0.0,0.0,0.0,0.0,
0,3,,,,,,18.34,-0.053,-0.003,1.991,0.53445,0.14097,-0.8294,0.0811,-0.428,-0.124,0.036,-2.256,5.371,-1.458,,True,True,8,-2.63,0.844,2.823,0.0,0.0,0.0,0.0,
0,3,,,,,,18.439,-0.07,-0.009,2.002,0.67101,0.10483,-0.72717,0.09994,0.057,0.011,-0.101,0.308,-2.657,-0.639,,True,True,8,0.895,1.107,3.105,0.0,0.0,0.0,0.0,
0,3,,,,,,18.522,-0.058,-0.006,1.995,0.58109,0.12507,-0.79915,0.08978,0.271,0.088,-0.203,1.93,-6.429,0.102,,True,True,8,-1.432,-0.283,-1.157,0.0,0.0,0.0,0.0,
0,3,,,,,,18.607,-0.032,0.002,1.989,0.38755,0.13594,-0.90993,0.05801,0.383,0.119,-0.071,2.226,-7.682,0.353,,True,True,8,-1.432,-0.283,-1.157,0.0,0.0,0.0,0.0,
0,3,,,,,,18.821,-0.032,0.003,1.989,0.39204,0.13708,-0.90781,0.05826,-0.351,-0.108,-0.1,-1.314,4.004,-0.109,,True,True,8,-1.214,0.907,2.966,0.0,0.0,0.0,0.0,
0,3,,,,,,18.948,-0.059,-0.006,1.994,0.58622,0.12015,-0.7963,0.08844,-0.19,-0.059,0.021,-0.524,1.328,-0.0,,True,True,8,0.179,0.532,1.709,0.0,0.0,0.0,0.0,
0,3,,,,,,19.001,-0.063,-0.007,1.997,0.61362,0.11707,-0.77532,0.09299,-0.037,-0.012,-0.039,0.242,-1.063,0.043,,True,True,8,0.179,0.532,1.709,0.0,0.0,0.0,0.0,
0,3,,,,,,19.101,-0.042,-0.001,1.99,0.46307,0.13166,-0.87367,0.07025,0.274,0.085,-0.114,1.761,-5.987,-0.003,,True,True,8,-1.268,-0.471,-1.541,0.0,0.0,0.0,0.0,
0,3,,,,,,19.114,-0.031,0.003,1.989,0.37975,0.13761,-0.91299,0.0574,0.278,0.087,-0.059,1.73,-5.879,-0.016,,True,True,8,-1.268,-0.471,-1.541,0.0,0.0,0.0,0.0,
0,3,,,,,,19.188,-0.021,0.006,1.99,0.30321,0.14222,-0.94114,0.04571,0.219,0.07,-0.018,1.422,-4.856,-0.019,,True,True,8,-0.254,-0.703,-2.223,0.0,0.0,0.0,0.0,
0,3,,,,,,19.222,-0.017,0.007,1.992,0.2727,0.14384,-0.9504,0.04106,0.172,0.055,-0.014,1.183,-4.049,-0.029,,True,True,8,-0.254,-0.703,-2.223,0.0,0.0,0.0,0.0,
0,3,,,,,,19.262,-0.013,0.009,1.994,0.23431,0.14576,-0.96053,0.03511,0.026,0.01,-0.051,0.403,-1.458,-0.047,,True,True,8,-0.254,-0.703,-2.223,0.0,0.0,0.0,0.0,
0,3,,,,,,19.333,-0.019,0.007,1.992,0.29076,0.1433,-0.94501,0.04336,-0.175,-0.053,-0.118,-0.618,1.842,-0.067,,True,True,8,-0.86,0.197,0.692,0.0,0.0,0.0,0.0,
0,3,,,,,,19.423,-0.023,0.005,1.99,0.32347,0.14152,-0.93435,0.04823,-0.218,-0.066,-0.116,-0.788,2.36,-0.064,,True,True,8,-0.74,0.74,2.413,0.0,0.0,0.0,0.0,

0,3,[0 0],[0 0],[5.34 3.03],[0. 0.],[5.34 3.03 0.  ],,,,,,,,,0.0,0,2.65,,,,44.56,[   2.01 -243.66 -266.21],,,,,,,,,,Rollout Completed: Pitch Timeout
0,3,,,,,,17.886,0.006,0.0,1.636,0.99999,1e-05,-0.00351,-5e-05,-0.011,0.0,2.655,0.0,0.046,0.0,,,,,5.596,0.022,0.022,0.0,0.0,-5.463,0.0,Flip Data
0,3,,,,,,18.066,-0.011,-0.001,1.993,0.30778,0.01346,-0.9494,0.06112,-0.167,-0.003,1.215,0.297,-23.053,0.303,True,False,[4 1],,5.702,0.84,0.719,,,,,Impact Data

0,4,,,,,,22.372,0.0,-0.0,0.437,1.0,1e-05,-0.00022,1e-05,0.03,-0.0,2.662,0.002,-0.076,0.004,,False,False,8,0.036,-0.003,0.005,8.641,0.0,-0.127,-0.0,
0,4,,,,,,22.419,0.001,-0.0,0.53,1.0,-2e-05,-0.0019,7e-05,0.029,0.0,2.659,-0.002,-0.073,-0.0,,False,False,8,0.036,-0.003,0.005,8.497,0.005,0.011,-0.006,
0,4,,,,,,22.477,0.004,0.0,0.746,0.99999,-4e-05,-0.00442,3e-05,0.024,0.0,2.656,0.0,-0.05,-0.001,,False,False,8,1.803,-0.0,-0.019,8.524,0.0,0.006,0.003,
0,4,,,,,,22.541,0.005,0.0,0.916,0.99998,-3e-05,-0.00566,0.0,0.018,0.0,2.656,0.0,-0.027,-0.001,,False,False,8,2.247,-0.0,-0.015,8.527,0.0,0.005,0.003,
0,4,,,,,,22.692,0.006,0.0,1.266,0.99998,-1e-05,-0.00587,-4e-05,0.002,0.0,2.655,0.0,0.018,-0.0,,False,False,8,2.984,-0.0,-0.005,8.53,0.0,0.004,0.003,
0,4,,,,,,22.848,0.005,0.0,1.698,0.999,0.00207,-0.04454,0.00226,-0.019,-0.0,2.455,0.25,-5.316,0.299,,True,False,8,4.649,-0.0,0.014,0.0,0.0,-5.459,0.0,
0,4,,,,,,22.947,-0.004,-0.0,1.914,0.70179,-0.00014,-0.7114,0.03741,-0.185,-0.009,1.638,-0.539,-22.81,0.287,,True,False,8,7.18,0.008,0.208,0.0,0.0,-5.459,0.0,
0,4,,,,,,22.951,-0.004,-0.0,1.914,0.70179,-0.00014,-0.7114,0.03741,-0.185,-0.009,1.638,-0.539,-22.81,0.287,,True,False,8,9.061,0.054,1.09,0.0,0.0,-5.459,0.0,
0,4,,,,,,22.954,-0.004,-0.0,1.914,0.70179,-0.00014,-0.7114,0.03741,-0.185,-0.009,1.638,-0.539,-22.81,0.287,,True,False,8,9.061,0.054,1.09,0.0,0.0,-5.459,0.0,
0,4,,,,,,22.969,-0.007,-0.0,1.942,0.53999,-0.01138,-0.84059,0.04116,-0.181,-0.009,1.463,-0.687,-23.068,-0.115,,True,False,8,9.307,0.059,1.162,0.0,0.0,0.0,0.0,
0,4,,,,,,22.973,-0.007,-0.0,1.943,0.53026,-0.0121,-0.84674,0.04128,-0.18,-0.009,1.453,-0.691,-23.064,-0.137,,True,False,8,9.307,0.059,1.162,0.0,0.0,0.0,0.0,
0,4,,,,,,22.976,-0.007,-0.0,1.943,0.53026,-0.0121,-0.84674,0.04128,-0.18,-0.009,1.453,-0.691,-23.064,-0.137,,True,False,8,9.307,0.059,1.162,0.0,0.0,0.0,0.0,
0,4,,,,,,22.977,-0.01,-0.001,1.966,0.35534,-0.02543,-0.93346,0.04179,-0.173,-0.009,1.293,-0.697,-23.028,-0.488,,True,False,8,9.307,0.059,1.162,0.0,0.0,0.0,0.0,
0,4,,,,,,23.069,-0.025,0.0,2.017,-0.00676,-0.036,-0.99929,-0.00845,-0.174,-0.037,-0.139,-1.402,-13.023,-0.619,,True,True,8,10.148,0.09,1.597,0.0,0.0,0.0,0.0,
0,4,,,,,,23.21,-0.024,-0.002,2.012,0.00243,-0.02899,-0.99957,0.00376,0.007,-0.013,-0.064,-0.68,0.268,-0.413,,True,True,8,-0.742,0.281,0.059,0.0,0.0,0.0,0.0,
0,4,,,,,,23.343,-0.024,-0.002,2.012,0.00183,-0.03103,-0.9995,0.00483,0.002,-0.015,-0.064,-0.382,-0.107,0.11,,True,True,8,-0.726,0.176,-0.013,0.0,0.0,0.0,0.0,
0,4,,,,,,23.385,-0.024,-0.002,2.012,0.00175,-0.0308,-0.99951,0.00476,0.002,-0.014,-0.064,-0.418,-0.099,0.028,,True,True,8,-0.726,0.164,-0.019,0.0,0.0,0.0,0.0,
0,4,,,,,,23.448,-0.024,-0.002,2.012,0.00167,-0.03075,-0.99951,0.00473,0.002,-0.014,-0.064,-0.426,-0.089,-0.008,,True,True,8,-0.726,0.164,-0.019,0.0,0.0,0.0,0.0,
0,4,,,,,,23.531,-0.024,-0.002,2.012,0.00168,-0.03074,-0.99951,0.00473,0.002,-0.014,-0.064,-0.424,-0.096,-0.0,,True,True,8,-0.726,0.165,-0.02,0.0,0.0,0.0,0.0,
0,4,,,,,,23.606,-0.024,-0.002,2.012,0.00168,-0.03074,-0.99951,0.00473,0.002,-0.014,-0.064,-0.422,-0.098,0.002,,True,True,8,-0.726,0.165,-0.02,0.0,0.0,0.0,0.0,
0,4,,,,,,23.723,-0.024,-0.002,2.012,0.00168,-0.03074,-0.99951,0.00473,0.002,-0.014,-0.064,-0.423,-0.097,0.001,,True,True,8,-0.726,0.165,-0.02,0.0,0.0,0.0,0.0,
0,4,,,,,,23.792,-0.024,-0.002,2.012,0.00168,-0.03074,-0.99951,0.00473,0.002,-0.014,-0.064,-0.422,-0.098,0.001,,True,True,8,-0.726,0.165,-0.02,0.0,0.0,0.0,0.0,
0,4,,,,,,24.13,-0.024,-0.002,2.012,0.00168,-0.03074,-0.99951,0.00473,0.002,-0.014,-0.064,-0.422,-0.098,0.001,,True,True,8,-0.726,0.165,-0.02,0.0,0.0,0.0,0.0,
0,4,,,,,,24.266,-0.024,-0.002,2.012,0.00168,-0.03074,-0.99951,0.00473,0.002,-0.014,-0.064,-0.422,-0.098,0.001,,True,True,8,-0.726,0.165,-0.02,0.0,0.0,0.0,0.0,
0,4,,,,,,24.34,-0.024,-0.002,2.012,0.00168,-0.03074,-0.99951,0.00473,0.002,-0.014,-0.064,-0.422,-0.098,0.001,,True,True,8,-0.726,0.165,-0.02,0.0,0.0,0.0,0.0,

0,4,[0 0],[0 0],[5.34 3.03],[0. 0.],[5.34 3.03 0.  ],,,,,,,,,0.0,0,2.65,,,,119.61,[   2.02 -223.56 -223.56],,,,,,,,,,Rollout Completed: Pitch Timeout
0,4,,,,,,22.805,0.006,0.0,1.617,0.99999,2e-05,-0.00363,-5e-05,-0.01,0.0,2.655,0.0,0.045,0.0,,,,,5.402,0.021,0.021,0.0,0.0,-5.459,0.0,Flip Data
0,4,,,,,,23.02,-0.017,-0.001,2.011,-0.1048,-0.06128,-0.99216,0.02964,-0.177,-0.007,0.88,1.243,-21.001,-0.515,True,False,[3 2 1 4],,2.44,0.917,0.457,,,,,Impact Data

0,5,,,,,,26.906,0.0,-0.0,0.443,1.0,1e-05,-0.00016,1e-05,0.03,-0.0,2.685,0.002,-0.067,0.004,,False,False,8,1.716,-0.0,-0.019,8.252,-0.002,-0.078,-0.009,
0,5,,,,,,27.016,0.003,0.0,0.659,0.99999,-4e-05,-0.00347,4e-05,0.027,0.0,2.666,0.001,-0.067,-0.001,,False,False,8,1.716,-0.0,-0.019,8.429,-0.001,0.005,0.004,
0,5,,,,,,27.134,0.006,0.0,1.048,0.99998,-2e-05,-0.00615,-2e-05,0.012,0.0,2.657,0.0,-0.009,-0.001,,False,False,8,2.148,-0.0,-0.016,8.516,0.0,0.005,0.003,
0,5,,,,,,27.231,0.006,0.0,1.303,0.99998,-1e-05,-0.00579,-4e-05,0.001,0.0,2.656,0.0,0.022,-0.0,,False,False,8,2.889,-0.0,-0.007,8.526,0.0,0.004,0.002,
0,5,,,,,,27.274,0.006,0.0,1.422,0.99999,0.0,-0.00515,-5e-05,-0.004,0.0,2.655,0.0,0.034,-0.0,,False,False,8,2.889,-0.0,-0.007,8.529,0.0,0.003,0.002,
0,5,,,,,,27.407,0.005,0.0,1.691,0.99931,0.00173,-0.03693,0.00183,-0.018,-0.0,2.475,0.238,-4.792,0.271,,True,False,8,6.897,0.006,0.149,0.0,0.0,-5.458,0.0,
0,5,,,,,,27.479,-0.003,-0.0,1.906,0.71875,0.0084,-0.69414,0.03861,-0.202,-0.011,1.701,-0.241,-24.101,0.51,,True,False,8,6.897,0.006,0.149,0.0,0.0,-5.458,0.0,
0,5,,,,,,27.505,-0.009,-0.001,1.949,0.43671,-0.00836,-0.89848,0.04406,-0.206,-0.012,1.43,-0.401,-25.099,-0.291,,True,False,8,9.415,0.08,1.338,0.0,0.0,0.0,0.0,
0,5,,,,,,27.509,-0.01,-0.001,1.952,0.41404,-0.00993,-0.90914,0.04404,-0.205,-0.012,1.411,-0.395,-25.098,-0.344,,True,False,8,9.415,0.08,1.338,0.0,0.0,0.0,0.0,
0,5,,,,,,27.522,-0.013,-0.001,1.975,0.21251,-0.02463,-0.97596,0.04169,-0.199,-0.012,1.252,-0.276,-25.07,-0.746,,True,False,8,9.951,0.098,1.565,0.0,0.0,0.0,0.0,
0,5,,,,,,27.537,-0.014,-0.001,1.98,0.16339,-0.02835,-0.98532,0.04056,-0.198,-0.013,1.215,-0.233,-25.065,-0.825,,True,False,8,9.951,0.098,1.565,0.0,0.0,0.0,0.0,
0,5,,,,,,27.543,-0.014,-0.001,1.98,0.16339,-0.02835,-0.98532,0.04056,-0.198,-0.013,1.215,-0.233,-25.065,-0.825,,True,False,8,9.951,0.098,1.565,0.0,0.0,0.0,0.0,
0,5,,,,,,27.546,-0.017,-0.001,2.0,-0.0607,-0.04561,-0.99657,0.03287,-0.197,-0.013,1.049,-0.003,-25.047,-1.107,,True,False,8,10.417,0.123,1.891,0.0,0.0,0.0,0.0,
0,5,,,,,,27.572,-0.026,0.001,2.014,-0.01083,-0.0151,-0.99962,-0.0205,-0.076,0.003,0.071,2.643,23.787,1.18,,True,True,8,10.417,0.123,1.891,0.0,0.0,0.0,0.0,
0,5,,,,,,27.61,-0.03,-0.0,2.014,-0.02668,-0.02124,-0.99938,-0.00858,-0.123,-0.038,-0.06,0.51,-3.261,2.257,,True,True,8,-0.586,0.347,2.555,0.0,0.0,0.0,0.0,
0,5,,,,,,27.708,-0.028,-0.002,2.012,0.00187,-0.01831,-0.99983,0.00137,0.012,-0.008,-0.037,-0.904,0.965,-1.117,,True,True,8,-0.415,0.124,0.085,0.0,0.0,0.0,0.0,
0,5,,,,,,27.875,-0.028,-0.002,2.012,-0.00119,-0.02017,-0.99979,0.00245,-0.005,-0.012,-0.036,-0.328,0.053,0.168,,True,True,8,-0.41,0.144,0.058,0.0,0.0,0.0,0.0,
0,5,,,,,,27.919,-0.028,-0.002,2.012,-0.00117,-0.0204,-0.99979,0.0025,-0.004,-0.012,-0.036,-0.361,0.121,0.023,,True,True,8,-0.411,0.137,0.05,0.0,0.0,0.0,0.0,
0,5,,,,,,27.986,-0.028,-0.002,2.012,-0.00134,-0.02017,-0.99979,0.00244,-0.004,-0.012,-0.036,-0.363,0.119,-0.03,,True,True,8,-0.411,0.137,0.05,0.0,0.0,0.0,0.0,
0,5,,,,,,28.191,-0.028,-0.002,2.012,-0.00126,-0.02024,-0.99979,0.00247,-0.004,-0.012,-0.036,-0.359,0.112,0.003,,True,True,8,-0.411,0.136,0.047,0.0,0.0,0.0,0.0,
0,5,,,,,,28.208,-0.028,-0.002,2.012,-0.00127,-0.02024,-0.99979,0.00246,-0.004,-0.012,-0.036,-0.359,0.113,0.0,,True,True,8,-0.411,0.135,0.046,0.0,0.0,0.0,0.0,
0,5,,,,,,28.383,-0.028,-0.002,2.012,-0.00127,-0.02024,-0.99979,0.00246,-0.004,-0.012,-0.036,-0.36,0.113,0.0,,True,True,8,-0.411,0.135,0.046,0.0,0.0,0.0,0.0,
0,5,,,,,,28.405,-0.028,-0.002,2.012,-0.00127,-0.02024,-0.99979,0.00246,-0.004,-0.012,-0.036,-0.36,0.113,0.0,,True,True,8,-0.411,0.135,0.046,0.0,0.0,0.0,0.0,
0,5,,,,,,28.664,-0.028,-0.002,2.012,-0.00127,-0.02024,-0.99979,0.00246,-0.004,-0.012,-0.036,-0.36,0.113,0.0,,True,True,8,-0.411,0.135,0.046,0.0,0.0,0.0,0.0,
0,5,,,,,,28.763,-0.028,-0.002,2.012,-0.00127,-0.02024,-0.99979,0.00246,-0.004,-0.012,-0.036,-0.36,0.113,0.0,,True,True,8,-0.411,0.135,0.046,0.0,0.0,0.0,0.0,
0,5,,,,,,28.875,-0.028,-0.002,2.012,-0.00127,-0.02024,-0.99979,0.00246,-0.004,-0.012,-0.036,-0.36,0.113,0.0,,True,True,8,-0.411,0.135,0.046,0.0,0.0,0.0,0.0,

0,5,[0 0],[0 0],[5.34 3.03],[0. 0.],[5.34 3.03 0.  ],,,,,,,,,0.0,0,2.65,,,,119.59,[   2.01 -167.44 -211.65],,,,,,,,,,Rollout Completed: Pitch Timeout
0,5,,,,,,27.345,0.006,0.0,1.611,0.99999,2e-05,-0.00373,-5e-05,-0.01,0.0,2.655,0.0,0.045,0.0,,,,,5.369,0.02,0.02,0.0,0.0,-5.458,0.0,Flip Data
0,5,,,,,,27.555,-0.019,-0.001,2.007,-0.1466,-0.05214,-0.98742,0.02794,-0.205,0.002,0.961,1.145,-23.928,-0.826,True,False,[3 2 1 4],,3.108,0.953,0.466,,,,,Impact Data

0,6,,,,,,31.668,0.0,-0.0,0.44,1.0,0.0,-7e-05,0.0,0.03,-0.0,2.698,0.002,-0.045,0.003,,False,False,8,1.67,0.0,-0.018,14.025,-0.0,-0.0,-0.0,
0,6,,,,,,31.714,0.002,-0.0,0.564,1.0,-2e-05,-0.00221,7e-05,0.029,0.0,2.68,-0.001,-0.07,-0.001,,False,False,8,1.695,0.0,-0.019,8.225,0.003,0.048,-0.021,
0,6,,,,,,31.848,0.004,0.0,0.78,0.99999,-2e-05,-0.00468,2e-05,0.024,0.0,2.664,-0.0,-0.047,-0.001,,False,False,8,2.023,-0.0,-0.018,8.477,0.0,0.007,0.003,
0,6,,,,,,32.026,0.006,0.0,1.362,0.99998,-1e-05,-0.00557,-4e-05,-0.001,0.0,2.656,0.0,0.027,-0.0,,False,False,8,3.5,-0.0,0.0,8.527,0.0,0.003,0.002,
0,6,,,,,,32.143,0.005,0.0,1.708,0.99781,0.00333,-0.06603,0.00349,-0.023,-0.001,2.408,0.355,-6.597,0.383,,True,False,8,5.761,0.0,0.032,0.0,0.0,-5.467,0.0,
0,6,,,,,,32.258,-0.007,-0.001,1.932,0.51424,0.05327,-0.85314,0.06983,-0.219,-0.024,1.485,1.079,-26.056,2.428,,True,False,8,8.77,0.141,1.281,0.0,0.0,0.0,0.0,
0,6,,,,,,32.261,-0.007,-0.001,1.932,0.51424,0.05327,-0.85314,0.06983,-0.219,-0.024,1.485,1.079,-26.056,2.428,,True,False,8,8.77,0.141,1.281,0.0,0.0,0.0,0.0,
0,6,,,,,,32.265,-0.007,-0.001,1.932,0.51424,0.05327,-0.85314,0.06983,-0.219,-0.024,1.485,1.079,-26.056,2.428,,True,False,8,8.77,0.141,1.281,0.0,0.0,0.0,0.0,
0,6,,,,,,32.279,-0.011,-0.001,1.957,0.29995,0.05737,-0.94861,0.08295,-0.211,-0.023,1.316,0.985,-26.063,2.102,,True,False,8,8.77,0.141,1.281,0.0,0.0,0.0,0.0,
0,6,,,,,,32.291,-0.015,-0.002,1.979,0.06929,0.05553,-0.99188,0.09109,-0.206,-0.022,1.151,0.967,-26.069,1.81,,True,False,8,9.188,0.16,1.464,0.0,0.0,0.0,0.0,
0,6,,,,,,32.302,-0.015,-0.002,1.98,0.05625,0.05526,-0.99269,0.09139,-0.206,-0.022,1.141,0.967,-26.069,1.795,,True,False,8,9.539,0.185,1.724,0.0,0.0,0.0,0.0,
0,6,,,,,,32.324,-0.023,0.0,2.004,-0.24203,0.05771,-0.96769,0.04084,-0.353,0.245,0.309,10.32,-3.263,8.4,,True,True,8,9.539,0.185,1.724,0.0,0.0,0.0,0.0,
0,6,,,,,,32.424,-0.033,0.003,2.004,-0.11473,0.07337,-0.99042,0.02299,0.072,0.076,-0.132,-1.857,5.436,-3.739,,True,True,8,3.013,-2.539,3.55,0.0,0.0,0.0,0.0,
0,6,,,,,,32.486,-0.005,0.007,1.99,-0.3528,0.09099,-0.93076,-0.03073,0.417,0.109,-0.18,1.584,-5.924,-1.345,,True,True,8,-2.13,-0.202,-1.344,0.0,0.0,0.0,0.0,
0,6,,,,,,32.622,0.033,0.015,1.996,-0.61376,0.0882,-0.78143,-0.06996,0.265,0.076,0.063,0.888,-2.872,-0.322,,True,True,8,-0.296,-0.831,-3.92,0.0,0.0,0.0,0.0,
0,6,,,,,,32.686,0.038,0.017,1.999,-0.65031,0.09792,-0.74918,-0.07901,0.147,0.035,0.033,-0.591,-0.585,1.499,,True,True,8,-0.436,-0.008,-0.28,0.0,0.0,0.0,0.0,
0,6,,,,,,32.836,0.035,0.016,1.999,-0.63657,0.09235,-0.76213,-0.07353,-0.125,-0.026,-0.144,-0.996,4.042,-0.016,,True,True,8,-1.283,0.771,3.132,0.0,0.0,0.0,0.0,
0,6,,,,,,32.932,-0.023,0.001,1.996,-0.19381,0.11936,-0.97358,-0.0181,-0.038,-0.009,-0.045,-0.25,1.696,0.232,,True,True,8,0.031,0.369,1.596,0.0,0.0,0.0,0.0,
0,6,,,,,,33.064,-0.0,0.007,1.989,-0.38062,0.11482,-0.9166,-0.04218,0.321,0.08,-0.109,0.915,-3.567,0.197,,True,True,8,-1.372,-0.464,-1.854,0.0,0.0,0.0,0.0,

0,6,[0 0],[0 0],[5.34 3.03],[0. 0.],[5.34 3.03 0.  ],,,,,,,,,0.0,0,2.65,,,,44.55,[   2.   -201.56 -251.36],,,,,,,,,,Rollout Completed: Impact Timeout
0,6,,,,,,32.102,0.006,0.0,1.607,0.99999,-0.0,-0.00385,-5e-05,-0.01,0.0,2.655,0.0,0.045,0.0,,,,,5.382,0.02,0.02,0.0,0.0,-5.467,0.0,Flip Data
0,6,,,,,,32.31,-0.018,-0.002,1.997,-0.15216,0.0487,-0.98267,0.09397,-0.207,-0.022,0.995,0.989,-26.079,1.555,True,False,[3 2],,4.635,1.903,0.405,,,,,Impact Data

0,7,,,,,,35.902,0.002,-0.0,0.552,1.0,-2e-05,-0.00204,6e-05,0.029,-0.0,2.658,-0.002,-0.07,-0.001,,False,False,8,1.567,0.006,0.006,8.5,0.003,0.004,-0.003,
0,7,,,,,,35.988,0.004,0.0,0.772,0.99999,-3e-05,-0.00458,3e-05,0.024,0.0,2.656,0.0,-0.048,-0.001,,False,False,8,1.784,-0.0,-0.019,8.52,0.001,0.004,0.003,
0,7,,,,,,36.045,0.005,0.0,0.873,0.99999,-2e-05,-0.00537,1e-05,0.02,0.0,2.656,0.0,-0.034,-0.001,,False,False,8,2.268,-0.0,-0.015,8.528,0.0,0.005,0.003,
0,7,,,,,,36.13,0.006,0.0,1.078,0.99998,-2e-05,-0.00613,-2e-05,0.011,0.0,2.655,0.0,-0.006,-0.001,,False,False,8,2.268,-0.0,-0.015,8.53,0.0,0.005,0.003,
0,7,,,,,,36.243,0.006,0.0,1.34,0.99998,-1e-05,-0.0056,-4e-05,-0.0,0.0,2.655,0.0,0.025,-0.0,,False,False,8,3.215,-0.0,-0.003,8.531,0.0,0.004,0.002,
0,7,,,,,,36.297,0.006,0.0,1.542,0.99999,0.0,-0.00431,-5e-05,-0.008,0.0,2.655,0.0,0.041,-0.0,,False,False,8,4.737,-0.0,0.014,8.532,0.0,0.002,0.001,
0,7,,,,,,36.435,-0.0,-0.0,1.89,0.83035,0.03612,-0.55468,0.03926,-0.146,-0.013,1.831,1.351,-20.437,1.956,,True,False,8,7.761,0.019,0.302,0.0,0.0,-5.461,0.0,
0,7,,,,,,36.443,-0.003,-0.001,1.921,0.70231,0.04997,-0.7079,0.05595,-0.193,-0.02,1.662,1.464,-23.763,2.734,,True,False,8,7.761,0.019,0.302,0.0,0.0,0.0,0.0,
0,7,,,,,,36.452,-0.005,-0.001,1.937,0.61026,0.05779,-0.78729,0.06643,-0.196,-0.022,1.564,1.381,-24.364,2.783,,True,False,8,9.716,0.135,1.234,0.0,0.0,0.0,0.0,
0,7,,,,,,36.471,-0.009,-0.001,1.968,0.38774,0.06864,-0.91526,0.08508,-0.186,-0.02,1.364,1.235,-24.482,2.478,,True,False,8,10.054,0.145,1.325,0.0,0.0,0.0,0.0,
0,7,,,,,,36.49,-0.013,-0.002,1.993,0.15094,0.07162,-0.98113,0.09736,-0.18,-0.019,1.178,1.182,-24.587,2.206,,True,False,8,10.76,0.169,1.563,0.0,0.0,0.0,0.0,
0,7,,,,,,36.504,-0.014,-0.002,2.0,0.07729,0.07114,-0.98944,0.09989,-0.179,-0.019,1.122,1.177,-24.619,2.13,,True,False,8,10.76,0.169,1.563,0.0,0.0,0.0,0.0,
0,7,,,,,,36.542,-0.016,0.003,2.015,-0.07834,0.13296,-0.98802,-0.00109,-0.018,0.213,0.171,4.826,15.173,11.165,,True,True,8,11.0,-0.03,1.643,0.0,0.0,0.0,0.0,
0,7,,,,,,36.654,-0.02,0.003,2.01,0.00077,0.12744,-0.99183,-0.0046,-0.018,-0.027,-0.002,-0.01,0.313,0.804,,True,True,8,-0.144,0.416,0.037,0.0,0.0,0.0,0.0,
0,7,,,,,,36.767,-0.02,0.002,2.011,0.00011,0.12018,-0.99275,-0.00144,-0.018,-0.014,-0.003,-0.624,0.599,0.36,,True,True,8,-0.024,0.207,0.233,0.0,0.0,0.0,0.0,
0,7,,,,,,36.881,-0.02,0.002,2.011,-0.00024,0.12042,-0.99272,-0.00183,-0.018,-0.014,-0.003,-0.692,0.66,0.11,,True,True,8,-0.029,0.141,0.195,0.0,0.0,0.0,0.0,
0,7,,,,,,37.042,-0.02,0.002,2.011,-0.00036,0.12063,-0.9927,-0.00203,-0.018,-0.014,-0.003,-0.713,0.683,0.039,,True,True,8,-0.029,0.151,0.197,0.0,0.0,0.0,0.0,
0,7,,,,,,37.379,-0.02,0.002,2.011,-0.00036,0.12063,-0.99269,-0.00205,-0.018,-0.014,-0.003,-0.721,0.687,0.025,,True,True,8,-0.029,0.152,0.197,0.0,0.0,0.0,0.0,
0,7,,,,,,37.406,-0.02,0.002,2.011,-0.00036,0.12063,-0.9927,-0.00204,-0.018,-0.014,-0.003,-0.718,0.685,0.029,,True,True,8,-0.029,0.152,0.197,0.0,0.0,0.0,0.0,
0,7,,,,,,37.492,-0.02,0.002,2.011,-0.00036,0.12063,-0.9927,-0.00204,-0.018,-0.014,-0.003,-0.717,0.685,0.031,,True,True,8,-0.029,0.152,0.197,0.0,0.0,0.0,0.0,
0,7,,,,,,37.533,-0.02,0.002,2.011,-0.00036,0.12063,-0.9927,-0.00204,-0.018,-0.014,-0.003,-0.717,0.685,0.031,,True,True,8,-0.029,0.152,0.197,0.0,0.0,0.0,0.0,
0,7,,,,,,37.744,-0.02,0.002,2.011,-0.00036,0.12063,-0.9927,-0.00204,-0.018,-0.014,-0.003,-0.717,0.685,0.031,,True,True,8,-0.029,0.152,0.197,0.0,0.0,0.0,0.0,

0,7,[0 0],[0 0],[5.34 3.03],[0. 0.],[5.34 3.03 0.  ],,,,,,,,,0.0,0,2.65,,,,119.6,[   2.02 -163.22 -210.09],,,,,,,,,,Rollout Completed: Impact Timeout
0,7,,,,,,36.304,0.006,0.0,1.622,0.99999,1e-05,-0.00366,-5e-05,-0.01,0.0,2.655,0.0,0.045,0.0,,,,,5.521,0.021,0.021,0.0,0.0,-5.461,0.0,Flip Data
0,7,,,,,,36.501,-0.015,-0.002,2.004,0.04018,0.07064,-0.99157,0.10089,-0.177,-0.015,1.089,1.293,-24.753,2.058,True,False,[4 3 2 1],,2.834,0.533,0.934,,,,,Impact Data

1,0,,,,,,40.028,0.0,-0.0,0.435,1.0,1e-05,-0.00015,1e-05,0.03,-0.0,2.668,0.002,-0.06,0.003,,False,False,8,1.592,0.0,-0.018,8.414,-0.002,-0.088,-0.007,
1,0,,,,,,40.148,0.004,0.0,0.759,0.99999,-3e-05,-0.0045,3e-05,0.024,0.0,2.658,-0.0,-0.049,-0.001,,False,False,8,1.959,-0.0,-0.018,8.498,-0.001,0.01,0.002,
1,0,,,,,,40.556,0.006,0.0,1.022,0.99998,-2e-05,-0.00605,-1e-05,0.013,0.0,2.656,0.0,-0.013,-0.001,,True,False,8,5.239,-0.0,0.019,0.0,0.0,-5.457,0.0,
1,0,,,,,,40.609,-0.003,-0.0,1.921,0.7261,0.00429,-0.68654,0.03767,-0.188,-0.01,1.683,-0.391,-22.826,0.521,,True,False,8,9.214,0.045,0.911,0.0,0.0,-5.457,0.0,
1,0,,,,,,40.701,-0.013,-0.001,1.998,0.17511,-0.03278,-0.98307,0.04277,-0.185,-0.011,1.168,-0.476,-23.469,-0.65,,True,True,8,5.912,-1.398,-1.032,0.0,0.0,0.0,0.0,
1,0,,,,,,40.997,-0.011,0.002,2.012,0.02861,0.02833,-0.99894,-0.02235,0.079,0.03,-0.082,-4.737,0.479,-6.24,,True,True,8,-0.037,0.274,-0.015,0.0,0.0,0.0,0.0,

1,0,[0 0],[0 0],[5.34 3.03],[0. 0.],[5.34 3.03 0.  ],,,,,,,,,0.0,0,2.65,,,,119.58,[   2.01 -195.91 -214.88],,,,,,,,,,Rollout Completed: Impact Timeout
1,0,,,,,,40.474,0.006,0.0,1.625,0.99999,1e-05,-0.00361,-5e-05,-0.01,0.0,2.655,0.0,0.045,0.0,,,,,5.528,0.021,0.021,0.0,0.0,-5.457,0.0,Flip Data
1,0,,,,,,40.668,-0.014,-0.001,2.002,0.12868,-0.03618,-0.99017,0.04129,-0.176,-0.005,1.114,0.132,-23.509,-0.618,True,False,[4 2 3 1],,3.162,0.861,1.112,,,,,Impact Data

1,1,,,,,,43.843,0.001,-0.0,0.458,1.0,1e-05,-0.00062,3e-05,0.03,-0.0,2.655,-0.001,-0.098,0.005,,False,False,8,1.726,-0.0,-0.019,8.533,0.002,0.007,-0.004,
1,1,,,,,,43.945,0.003,0.0,0.665,0.99999,-3e-05,-0.00356,5e-05,0.027,0.0,2.655,0.0,-0.062,-0.001,,False,False,8,1.788,-0.0,-0.019,8.534,0.0,0.005,0.003,
1,1,,,,,,44.01,0.005,0.0,0.987,0.99998,-2e-05,-0.00594,-0.0,0.015,0.0,2.655,0.0,-0.017,-0.001,,False,False,8,2.131,-0.0,-0.016,8.533,0.0,0.005,0.003,
1,1,,,,,,44.15,0.006,0.0,1.358,0.99999,-0.0,-0.00546,-4e-05,-0.001,0.0,2.655,0.0,0.028,-0.0,,False,False,8,2.783,-0.0,-0.008,8.533,0.0,0.005,0.003,
1,1,,,,,,44.26,0.006,0.0,1.64,0.99999,4e-05,-0.00403,-1e-05,-0.011,0.0,2.635,0.031,-0.536,0.033,,True,False,8,4.011,-0.0,0.007,0.0,0.0,-5.459,0.0,
1,1,,,,,,44.396,-0.005,-0.0,1.935,0.62601,-0.01934,-0.77891,0.03212,-0.211,-0.007,1.572,-1.069,-24.767,-0.849,,True,False,8,9.426,0.042,1.21,0.0,0.0,0.0,0.0,
1,1,,,,,,44.409,-0.006,-0.0,1.937,0.61633,-0.02041,-0.78658,0.03202,-0.21,-0.007,1.562,-1.077,-24.764,-0.88,,True,False,8,9.742,0.048,1.334,0.0,0.0,0.0,0.0,
1,1,,,,,,44.52,-0.025,-0.003,2.013,-0.01449,-0.07878,-0.99677,0.00581,-0.036,-0.021,-0.127,0.665,-2.747,2.193,,True,True,8,-2.265,0.354,-1.3,0.0,0.0,0.0,0.0,

1,1,[0 0],[0 0],[5.34 3.03],[0. 0.],[5.34 3.03 0.  ],,,,,,,,,0.0,0,2.65,,,,119.62,[   2.02 -236.5  -246.96],,,,,,,,,,Rollout Completed: Impact Timeout
1,1,,,,,,44.252,0.006,0.0,1.624,0.99999,1e-05,-0.00357,-5e-05,-0.01,0.0,2.655,0.0,0.045,0.0,,,,,5.577,0.022,0.022,0.0,0.0,-5.459,0.0,Flip Data
1,1,,,,,,44.459,-0.017,-0.001,2.013,-0.07885,-0.09385,-0.99245,0.00361,-0.202,-0.007,0.981,-0.396,-23.607,-2.133,True,False,[2 3 1 4],,2.554,1.521,0.736,,,,,Impact Data

1,2,,,,,,47.415,0.001,-0.0,0.496,1.0,-0.0,-0.00127,6e-05,0.03,-0.0,2.657,-0.002,-0.095,0.003,,False,False,8,1.619,0.0,-0.018,8.515,0.003,0.018,-0.009,
1,2,,,,,,47.463,0.002,-0.0,0.573,1.0,-3e-05,-0.00238,6e-05,0.029,0.0,2.656,-0.002,-0.067,-0.001,,False,False,8,1.619,0.0,-0.018,8.517,0.002,0.004,-0.003,
1,2,,,,,,47.645,0.006,0.0,1.202,0.99998,-1e-05,-0.00605,-3e-05,0.005,0.0,2.655,0.0,0.011,-0.0,,False,False,8,2.792,-0.0,-0.008,8.531,0.0,0.005,0.003,
1,2,,,,,,47.757,0.006,0.0,1.444,0.99999,0.0,-0.00497,-5e-05,-0.005,0.0,2.655,0.0,0.035,-0.0,,False,False,8,3.143,-0.0,-0.003,8.531,0.0,0.005,0.003,
1,2,,,,,,47.866,0.005,0.0,1.694,0.99978,0.00092,-0.02077,0.00094,-0.016,-0.0,2.52,0.176,-3.438,0.193,,True,False,8,4.583,-0.0,0.013,0.0,0.0,-5.459,0.0,
1,2,,,,,,47.975,-0.002,-0.0,1.921,0.75922,0.01028,-0.64973,0.03653,-0.175,-0.01,1.72,-0.172,-22.277,0.57,,True,False,8,7.368,0.006,0.155,0.0,0.0,-5.459,0.0,
1,2,,,,,,48.004,-0.003,-0.0,1.925,0.74437,0.00966,-0.66666,0.03729,-0.181,-0.01,1.701,-0.195,-22.632,0.527,,True,False,8,10.774,0.083,1.402,0.0,0.0,0.0,0.0,
1,2,,,,,,48.015,-0.01,-0.001,1.98,0.40112,-0.01096,-0.91491,0.04383,-0.184,-0.011,1.354,-0.404,-23.818,-0.338,,True,False,8,11.238,0.092,1.526,0.0,0.0,0.0,0.0,
1,2,,,,,,48.077,-0.01,-0.001,1.981,0.3902,-0.01173,-0.91961,0.04381,-0.183,-0.011,1.345,-0.402,-23.815,-0.359,,True,True,8,-1.412,1.065,-0.061,0.0,0.0,0.0,0.0,
1,2,,,,,,48.144,-0.002,0.006,2.008,0.04144,0.08143,-0.99554,-0.02343,0.046,0.031,-0.03,-0.442,0.837,-1.473,,True,True,8,-1.412,1.065,-0.061,0.0,0.0,0.0,0.0,
1,2,,,,,,48.223,-0.001,0.006,2.009,0.02181,0.04668,-0.99795,-0.03797,0.012,-0.023,-0.015,-0.882,-0.087,-0.136,,True,True,8,-0.217,0.232,-0.011,0.0,0.0,0.0,0.0,
1,2,,,,,,48.294,-0.0,0.006,2.009,0.02306,0.05264,-0.99795,-0.02811,0.017,-0.008,-0.017,-0.619,-0.275,0.034,,True,True,8,-0.182,0.208,-0.145,0.0,0.0,0.0,0.0,
1,2,,,,,,48.328,-0.0,0.006,2.009,0.02306,0.05264,-0.99795,-0.02811,0.017,-0.008,-0.017,-0.619,-0.275,0.034,,True,True,8,-0.182,0.208,-0.145,0.0,0.0,0.0,0.0,
1,2,,,,,,48.478,-0.0,0.005,2.01,0.02164,0.05079,-0.99806,-0.02873,0.012,-0.011,-0.019,-0.38,-0.342,0.013,,True,True,8,-0.207,0.123,-0.131,0.0,0.0,0.0,0.0,
1,2,,,,,,48.514,-0.0,0.005,2.01,0.02171,0.05085,-0.99806,-0.02869,0.012,-0.011,-0.019,-0.37,-0.356,-0.018,,True,True,8,-0.207,0.118,-0.134,0.0,0.0,0.0,0.0,
1,2,,,,,,48.588,-0.0,0.005,2.01,0.02178,0.05095,-0.99805,-0.0286,0.012,-0.011,-0.019,-0.37,-0.35,-0.009,,True,True,8,-0.207,0.118,-0.134,0.0,0.0,0.0,0.0,
1,2,,,,,,48.637,-0.0,0.005,2.01,0.02174,0.05088,-0.99806,-0.02865,0.012,-0.011,-0.019,-0.373,-0.351,-0.009,,True,True,8,-0.207,0.123,-0.132,0.0,0.0,0.0,0.0,
1,2,,,,,,48.772,-0.0,0.005,2.01,0.02176,0.05091,-0.99806,-0.02863,0.012,-0.011,-0.019,-0.372,-0.352,-0.012,,True,True,8,-0.207,0.123,-0.133,0.0,0.0,0.0,0.0,
1,2,,,,,,48.845,-0.0,0.005,2.01,0.02176,0.0509,-0.99806,-0.02864,0.012,-0.011,-0.019,-0.372,-0.352,-0.012,,True,True,8,-0.207,0.123,-0.132,0.0,0.0,0.0,0.0,
1,2,,,,,,48.946,-0.0,0.005,2.01,0.02176,0.0509,-0.99806,-0.02863,0.012,-0.011,-0.019,-0.372,-0.352,-0.012,,True,True,8,-0.207,0.123,-0.132,0.0,0.0,0.0,0.0,
1,2,,,,,,49.079,-0.0,0.005,2.01,0.02176,0.0509,-0.99806,-0.02863,0.012,-0.011,-0.019,-0.372,-0.352,-0.012,,True,True,8,-0.207,0.123,-0.132,0.0,0.0,0.0,0.0,
1,2,,,,,,49.155,-0.0,0.005,2.01,0.02176,0.0509,-0.99806,-0.02863,0.012,-0.011,-0.019,-0.372,-0.352,-0.012,,True,True,8,-0.207,0.123,-0.132,0.0,0.0,0.0,0.0,
1,2,,,,,,49.276,-0.0,0.005,2.01,0.02176,0.0509,-0.99806,-0.02863,0.012,-0.011,-0.019,-0.372,-0.352,-0.012,,True,True,8,-0.207,0.123,-0.132,0.0,0.0,0.0,0.0,
1,2,,,,,,49.309,-0.0,0.005,2.01,0.02176,0.0509,-0.99806,-0.02863,0.012,-0.011,-0.019,-0.372,-0.352,-0.012,,True,True,8,-0.207,0.123,-0.132,0.0,0.0,0.0,0.0,
1,2,,,,,,49.323,-0.0,0.005,2.01,0.02176,0.0509,-0.99806,-0.02863,0.012,-0.011,-0.019,-0.372,-0.352,-0.012,,True,True,8,-0.207,0.123,-0.132,0.0,0.0,0.0,0.0,
1,2,,,,,,49.434,-0.0,0.005,2.01,0.02176,0.0509,-0.99806,-0.02863,0.012,-0.011,-0.019,-0.372,-0.352,-0.012,,True,True,8,-0.207,0.123,-0.132,0.0,0.0,0.0,0.0,

1,2,[0 0],[0 0],[5.34 3.03],[0. 0.],[5.34 3.03 0.  ],,,,,,,,,0.0,0,2.65,,,,119.57,[   2.01 -170.93 -170.93],,,,,,,,,,Rollout Completed: Pitch Timeout
1,2,,,,,,47.844,0.006,0.0,1.632,0.99999,1e-05,-0.00352,-5e-05,-0.011,0.0,2.655,0.0,0.046,0.0,,,,,5.611,0.022,0.022,0.0,0.0,-5.459,0.0,Flip Data
1,2,,,,,,48.027,-0.012,-0.001,1.996,0.25525,-0.02148,-0.96571,0.04223,-0.176,-0.007,1.217,0.236,-23.799,-0.61,True,False,[4 1 2],,4.919,1.064,0.918,,,,,Impact Data

1,3,,,,,,52.039,0.003,0.0,0.648,0.99999,-4e-05,-0.00334,5e-05,0.027,0.0,2.659,0.001,-0.067,-0.001,,False,False,8,1.714,-0.0,-0.019,8.481,0.002,-0.006,0.004,
1,3,,,,,,52.102,0.004,0.0,0.781,0.99999,-4e-05,-0.00473,2e-05,0.023,0.0,2.657,0.0,-0.046,-0.001,,False,False,8,1.907,-0.0,-0.018,8.512,0.0,0.005,0.003,
1,3,,,,,,52.339,0.006,0.0,1.37,0.99999,-0.0,-0.00542,-4e-05,-0.002,0.0,2.655,0.0,0.029,-0.0,,False,False,8,3.28,-0.0,-0.002,8.53,0.0,0.004,0.002,
1,3,,,,,,52.433,0.006,0.0,1.622,0.99999,2e-05,-0.0036,-5e-05,-0.01,0.0,2.655,0.0,0.045,0.0,,True,False,8,5.408,-0.0,0.021,0.0,0.0,-5.458,0.0,
1,3,,,,,,52.56,0.004,-0.0,1.804,0.9653,0.01476,-0.26024,0.01568,-0.064,-0.004,2.136,0.81,-13.503,0.925,,True,False,8,8.052,0.04,0.515,0.0,0.0,-5.458,0.0,
1,3,,,,,,52.573,-0.002,-0.0,1.899,0.76202,0.04147,-0.64449,0.04725,-0.171,-0.016,1.728,1.274,-22.026,2.101,,True,False,8,8.052,0.04,0.515,0.0,0.0,0.0,0.0,
1,3,,,,,,52.582,-0.005,-0.001,1.923,0.64672,0.05038,-0.75871,0.05982,-0.192,-0.02,1.591,1.228,-23.689,2.334,,True,False,8,8.052,0.04,0.515,0.0,0.0,0.0,0.0,
1,3,,,,,,52.59,-0.006,-0.001,1.935,0.57109,0.05443,-0.81637,0.06661,-0.188,-0.02,1.514,1.156,-23.741,2.214,,True,False,8,9.123,0.117,1.127,0.0,0.0,0.0,0.0,
1,3,,,,,,52.594,-0.009,-0.001,1.961,0.38323,0.0596,-0.91833,0.07915,-0.18,-0.019,1.343,1.066,-23.734,1.912,,True,False,8,9.634,0.134,1.293,0.0,0.0,0.0,0.0,
1,3,,,,,,52.617,-0.009,-0.001,1.961,0.38323,0.0596,-0.91833,0.07915,-0.18,-0.019,1.343,1.066,-23.734,1.912,,True,False,8,9.634,0.134,1.293,0.0,0.0,0.0,0.0,
1,3,,,,,,52.627,-0.013,-0.002,1.983,0.17799,0.05953,-0.97833,0.08746,-0.175,-0.018,1.175,1.053,-23.735,1.644,,True,False,8,10.099,0.155,1.524,0.0,0.0,0.0,0.0,
1,3,,,,,,52.743,-0.025,-0.001,2.013,0.0225,0.1338,-0.99069,-0.01084,0.023,-0.019,-0.084,-2.309,-4.517,-1.692,,True,True,8,-0.741,0.477,-0.333,0.0,0.0,0.0,0.0,
1,3,,,,,,52.874,-0.024,-0.002,2.012,0.00136,0.13253,-0.99118,-0.00216,0.021,-0.019,-0.05,-0.657,-0.417,0.199,,True,True,8,-0.565,0.204,-0.188,0.0,0.0,0.0,0.0,
1,3,,,,,,53.272,-0.024,-0.002,2.012,0.00069,0.13149,-0.99132,-0.00081,0.018,-0.018,-0.05,-0.552,-0.598,-0.052,,True,True,8,-0.565,0.208,-0.202,0.0,0.0,0.0,0.0,

1,3,[0 0],[0 0],[5.34 3.03],[0. 0.],[5.34 3.03 0.  ],,,,,,,,,0.0,0,2.65,,,,119.59,[   2.01 -243.6  -243.6 ],,,,,,,,,,Rollout Completed: Impact Timeout
1,3,,,,,,52.434,0.006,0.0,1.614,0.99999,2e-05,-0.00367,-5e-05,-0.01,0.0,2.655,0.0,0.045,0.0,,,,,5.408,0.021,0.021,0.0,0.0,-5.458,0.0,Flip Data
1,3,,,,,,52.643,-0.016,-0.002,2.006,-0.07069,0.05327,-0.99189,0.09126,-0.187,-0.009,0.971,1.222,-23.628,1.327,True,False,[3 2 1 4],,2.956,1.85,0.392,,,,,Impact Data

1,4,,,,,,56.125,0.002,0.0,0.591,1.0,-4e-05,-0.00266,6e-05,0.028,0.0,2.658,-0.001,-0.067,-0.001,,False,False,8,1.669,-0.0,-0.018,8.499,0.003,-0.0,-0.001,
1,4,,,,,,56.234,0.004,0.0,0.817,0.99999,-3e-05,-0.00504,2e-05,0.022,0.0,2.656,0.0,-0.041,-0.001,,False,False,8,2.041,-0.0,-0.017,8.523,0.0,0.005,0.003,
1,4,,,,,,56.245,0.005,0.0,0.868,0.99999,-3e-05,-0.00539,1e-05,0.02,0.0,2.656,0.0,-0.034,-0.001,,False,False,8,2.041,-0.0,-0.017,8.527,0.0,0.005,0.003,
1,4,,,,,,56.36,0.006,0.0,1.176,0.99998,-2e-05,-0.0061,-3e-05,0.006,0.0,2.655,0.0,0.008,-0.001,,False,False,8,2.631,-0.0,-0.01,8.53,0.0,0.005,0.003,
1,4,,,,,,56.433,0.006,0.0,1.452,0.99999,0.0,-0.0049,-4e-05,-0.005,0.0,2.655,0.0,0.036,-0.0,,False,False,8,3.845,-0.0,0.005,8.531,0.0,0.003,0.002,
1,4,,,,,,56.513,0.006,0.0,1.632,0.99999,2e-05,-0.0036,-4e-05,-0.011,0.0,2.648,0.01,-0.16,0.012,,True,False,8,3.845,-0.0,0.005,0.0,0.0,-5.458,0.0,
1,4,,,,,,56.619,0.005,0.0,1.697,0.99941,0.00165,-0.03441,0.0017,-0.018,-0.0,2.482,0.241,-4.608,0.261,,True,False,8,5.966,0.0,0.035,0.0,0.0,-5.458,0.0,
1,4,,,,,,56.654,-0.004,-0.001,1.922,0.68041,0.04452,-0.72934,0.05591,-0.208,-0.021,1.647,1.178,-24.475,2.531,,True,False,8,8.741,0.065,0.772,0.0,0.0,0.0,0.0,
1,4,,,,,,56.669,-0.006,-0.001,1.938,0.5854,0.05,-0.80657,0.06518,-0.203,-0.021,1.55,1.061,-24.484,2.377,,True,False,8,9.678,0.13,1.284,0.0,0.0,0.0,0.0,
1,4,,,,,,56.697,-0.008,-0.001,1.953,0.4816,0.0538,-0.87165,0.07341,-0.199,-0.02,1.454,0.975,-24.451,2.209,,True,False,8,10.992,0.185,1.823,0.0,0.0,0.0,0.0,
1,4,,,,,,56.754,-0.027,0.002,2.019,0.04508,0.10538,-0.99307,-0.02606,-0.127,0.049,-0.139,-2.614,-7.945,-7.674,,True,True,8,-1.715,-0.61,1.576,0.0,0.0,0.0,0.0,
1,4,,,,,,56.84,-0.026,-0.001,2.013,0.00181,0.09528,-0.99543,0.00587,-0.015,0.018,-0.077,-0.942,-1.163,-0.646,,True,True,8,-0.878,-0.181,0.092,0.0,0.0,0.0,0.0,
1,4,,,,,,56.889,-0.026,-0.001,2.013,0.00322,0.09891,-0.99506,0.00729,-0.001,0.014,-0.075,-0.068,0.381,0.404,,True,True,8,-0.878,-0.181,0.092,0.0,0.0,0.0,0.0,
1,4,,,,,,56.936,-0.026,-0.001,2.013,0.00522,0.10321,-0.99463,0.00602,-0.0,0.004,-0.075,0.796,0.157,0.372,,True,True,8,-0.878,-0.181,0.092,0.0,0.0,0.0,0.0,
1,4,,,,,,57.012,-0.026,-0.001,2.013,0.00368,0.10165,-0.9948,0.00564,-0.003,0.008,-0.076,0.387,-0.012,-0.088,,True,True,8,-0.871,-0.107,0.033,0.0,0.0,0.0,0.0,
1,4,,,,,,57.279,-0.026,-0.001,2.013,0.00393,0.10144,-0.99482,0.00593,-0.002,0.009,-0.076,0.317,0.067,-0.025,,True,True,8,-0.872,-0.105,0.028,0.0,0.0,0.0,0.0,
1,4,,,,,,57.324,-0.026,-0.001,2.013,0.00392,0.10144,-0.99482,0.00593,-0.002,0.009,-0.076,0.316,0.067,-0.026,,True,True,8,-0.872,-0.105,0.028,0.0,0.0,0.0,0.0,
1,4,,,,,,57.469,-0.026,-0.001,2.013,0.00392,0.10144,-0.99482,0.00593,-0.002,0.009,-0.076,0.316,0.067,-0.025,,True,True,8,-0.872,-0.105,0.028,0.0,0.0,0.0,0.0,
1,4,,,,,,57.524,-0.026,-0.001,2.013,0.00392,0.10144,-0.99482,0.00593,-0.002,0.009,-0.076,0.316,0.067,-0.025,,True,True,8,-0.872,-0.105,0.028,0.0,0.0,0.0,0.0,
1,4,,,,,,57.612,-0.026,-0.001,2.013,0.00392,0.10144,-0.99482,0.00593,-0.002,0.009,-0.076,0.316,0.067,-0.025,,True,True,8,-0.872,-0.105,0.028,0.0,0.0,0.0,0.0,
1,4,,,,,,57.682,-0.026,-0.001,2.013,0.00392,0.10144,-0.99482,0.00593,-0.002,0.009,-0.076,0.316,0.067,-0.025,,True,True,8,-0.872,-0.105,0.028,0.0,0.0,0.0,0.0,
1,4,,,,,,57.849,-0.026,-0.001,2.013,0.00392,0.10144,-0.99482,0.00593,-0.002,0.009,-0.076,0.316,0.067,-0.025,,True,True,8,-0.872,-0.105,0.028,0.0,0.0,0.0,0.0,
1,4,,,,,,57.959,-0.026,-0.001,2.013,0.00392,0.10144,-0.99482,0.00593,-0.002,0.009,-0.076,0.316,0.067,-0.025,,True,True,8,-0.872,-0.105,0.028,0.0,0.0,0.0,0.0,
1,4,,,,,,58.051,-0.026,-0.001,2.013,0.00392,0.10144,-0.99482,0.00593,-0.002,0.009,-0.076,0.316,0.067,-0.025,,True,True,8,-0.872,-0.105,0.028,0.0,0.0,0.0,0.0,

1,4,[0 0],[0 0],[5.34 3.03],[0. 0.],[5.34 3.03 0.  ],,,,,,,,,0.0,0,2.65,,,,119.62,[   2.02 -162.36 -202.56],,,,,,,,,,Rollout Completed: Pitch Timeout
1,4,,,,,,56.522,0.006,0.0,1.622,0.99999,2e-05,-0.00359,-5e-05,-0.01,0.0,2.655,0.0,0.045,0.0,,,,,5.553,0.022,0.022,0.0,0.0,-5.458,0.0,Flip Data
1,4,,,,,,56.724,-0.017,-0.002,2.007,-0.02441,0.05175,-0.9939,0.09429,-0.189,-0.019,1.051,0.846,-24.402,1.586,True,False,[3 2 4 1],,2.74,1.924,0.426,,,,,Impact Data

1,5,,,,,,60.873,0.001,-0.0,0.466,1.0,1e-05,-0.00084,4e-05,0.03,-0.0,2.651,-0.002,-0.107,0.005,,False,False,8,1.649,0.001,0.0,8.569,0.004,0.04,-0.019,
1,5,,,,,,60.941,0.001,-0.0,0.517,1.0,-2e-05,-0.00172,7e-05,0.029,0.0,2.651,-0.002,-0.076,0.0,,False,False,8,1.757,-0.0,-0.019,8.559,0.001,0.003,0.002,
1,5,,,,,,60.976,0.003,0.0,0.702,0.99999,-4e-05,-0.00399,4e-05,0.025,0.0,2.653,0.0,-0.056,-0.001,,False,False,8,1.757,-0.0,-0.019,8.548,0.0,0.005,0.003,
1,5,,,,,,61.026,0.005,0.0,0.864,0.99999,-3e-05,-0.00536,1e-05,0.02,0.0,2.654,0.0,-0.034,-0.001,,False,False,8,2.134,-0.0,-0.016,8.541,0.0,0.005,0.003,
1,5,,,,,,61.1,0.005,0.0,0.973,0.99998,-3e-05,-0.00589,-0.0,0.015,0.0,2.654,0.0,-0.019,-0.001,,False,False,8,2.134,-0.0,-0.016,8.535,0.0,0.005,0.003,
1,5,,,,,,61.196,0.006,0.0,1.127,0.99998,-2e-05,-0.00612,-2e-05,0.008,0.0,2.655,0.0,0.002,-0.001,,False,False,8,2.869,-0.0,-0.007,8.533,0.0,0.004,0.002,
1,5,,,,,,61.234,0.006,0.0,1.416,0.99999,0.0,-0.0051,-4e-05,-0.004,0.0,2.655,0.0,0.033,-0.0,,False,False,8,2.869,-0.0,-0.007,8.533,0.0,0.004,0.002,
1,5,,,,,,61.309,0.006,0.0,1.618,0.99999,1e-05,-0.00359,-5e-05,-0.01,0.0,2.655,0.0,0.045,0.0,,True,False,8,4.576,-0.0,0.013,0.0,0.0,-5.457,0.0,
1,5,,,,,,61.444,-0.003,-0.0,1.919,0.73453,0.00545,-0.67753,0.0373,-0.187,-0.01,1.704,-0.348,-23.179,0.565,,True,False,8,7.005,0.004,0.119,0.0,0.0,-5.457,0.0,
1,5,,,,,,61.449,-0.003,-0.0,1.921,0.72655,0.00507,-0.68606,0.03769,-0.19,-0.01,1.694,-0.361,-23.363,0.548,,True,False,8,9.347,0.05,0.987,0.0,0.0,-5.457,0.0,
1,5,,,,,,61.455,-0.003,-0.0,1.921,0.72655,0.00507,-0.68606,0.03769,-0.19,-0.01,1.694,-0.361,-23.363,0.548,,True,False,8,9.689,0.064,1.204,0.0,0.0,-5.457,0.0,
1,5,,,,,,61.456,-0.007,-0.001,1.95,0.5613,-0.00419,-0.82648,0.04304,-0.196,-0.011,1.519,-0.534,-24.274,0.121,,True,False,8,10.059,0.07,1.29,0.0,0.0,0.0,0.0,
1,5,,,,,,61.495,-0.012,-0.001,1.991,0.23077,-0.02708,-0.97165,0.04367,-0.182,-0.011,1.238,-0.479,-24.223,-0.565,,True,False,8,10.857,0.085,1.506,0.0,0.0,0.0,0.0,
1,5,,,,,,61.504,-0.013,-0.001,1.994,0.19535,-0.02968,-0.97934,0.04313,-0.181,-0.011,1.21,-0.456,-24.219,-0.621,,True,False,8,11.717,0.107,1.826,0.0,0.0,0.0,0.0,
1,5,,,,,,61.508,-0.015,-0.001,2.007,0.06369,-0.03916,-0.99642,0.03947,-0.168,-0.009,1.096,0.324,-24.022,-0.449,,True,False,8,11.717,0.107,1.826,0.0,0.0,0.0,0.0,
1,5,,,,,,61.512,-0.015,-0.001,2.007,0.06369,-0.03916,-0.99642,0.03947,-0.168,-0.009,1.096,0.324,-24.022,-0.449,,True,True,8,11.717,0.107,1.826,0.0,0.0,0.0,0.0,
1,5,,,,,,61.53,-0.015,0.002,2.018,-0.0564,0.0158,-0.99725,-0.0454,0.072,0.09,0.023,1.287,15.547,9.061,,True,True,8,4.815,-1.982,-0.516,0.0,0.0,0.0,0.0,
