vz_d,vx_d,trial_num,landing_rate,RREV_threshold,G1,RREV_sig,G1_sig,RREV_trigger,OF_y,My_d,impact_eul,impact_tdelta,alpha_mu,alpha_sigma,mu_ini,sigma_ini
1.5,0.0,0,,4.1,3.02,0.0,0.0,,,,,,[0. 0.],[0. 0.],[5.72 2.4 ],[1.5 1.5]
1.5,0.0,1,,5.0,2.02,0.0,0.0,,,,,,[0. 0.],[0. 0.],[5.87 6.35],[1.5 1.5]
1.5,0.0,2,0.09090909361839294,4.25,6.67,0.0,0.01,4.902,0.0,-6.672999999999999,-131.91255004086295,0.21399999999999864,[0. 0.],[0. 0.],[3.94 3.16],[1.5 1.5]
1.5,0.0,3,0.125,4.69,5.16,0.02,0.19,5.473,0.0,-5.118,-132.0105708065788,0.18200000000000216,[0. 0.],[0. 0.],[4.37 4.66],[1.5 1.5]
1.5,0.0,4,0.10526315867900848,4.49,5.9,0.0,0.03,4.728,0.0,-5.894500000000001,-172.70195371154068,0.25799999999999557,[0. 0.],[0. 0.],[3.33 5.32],[1.5 1.5]
1.5,0.0,5,,4.83,6.34,0.01,0.0,,,,,,[0. 0.],[0. 0.],[6.23 3.63],[1.5 1.5]
1.5,0.25,0,,4.87,2.4,0.0,0.0,,,,,,[0. 0.],[0. 0.],[6.25 1.47],[1.5 1.5]
1.5,0.25,1,0.0,6.6,0.37,0.0,0.0,,,,,,[0. 0.],[0. 0.],[5.47 1.95],[1.5 1.5]
1.5,0.25,2,0.0,7.16,0.87,0.0,0.0,,,,,,[0. 0.],[0. 0.],[5.79 1.32],[1.5 1.5]
1.5,0.25,3,,9.04,8.14,0.01,0.14,,,,,,[0. 0.],[0. 0.],[5.66 5.81],[1.5 1.5]
1.5,0.25,4,0.0,3.1,4.78,0.01,0.02,,,,,,[0. 0.],[0. 0.],[2.49 3.68],[1.5 1.5]
1.5,0.25,5,0.0,3.6,0.32,0.05,0.0,,,,,,[0. 0.],[0. 0.],[6.9  3.47],[1.5 1.5]
1.5,0.5,0,0.0,5.7,0.37,0.0,0.0,,,,,,[0. 0.],[0. 0.],[5.21 1.77],[1.5 1.5]
1.5,0.5,1,,2.33,0.44,0.06,0.0,,,,,,[0. 0.],[0. 0.],[1.08 1.66],[1.5 1.5]
1.5,0.5,2,,4.24,8.45,0.06,0.02,,,,,,[0. 0.],[0. 0.],[3.07 4.9 ],[1.5 1.5]
1.5,0.5,3,0.0,6.93,1.14,0.15,0.01,,,,,,[0. 0.],[0. 0.],[4.7  1.34],[1.5 1.5]
1.5,0.5,4,,5.29,7.38,0.0,0.0,,,,,,[0. 0.],[0. 0.],[6.76 2.65],[1.5 1.5]
1.5,0.5,5,0.6666666865348816,4.82,5.52,0.0,0.0,5.083749999999999,-1.4804999999999997,-5.51625,-156.54425313623165,0.2120000000000175,[0. 0.],[0. 0.],[1.71 4.18],[1.5 1.5]
1.5,0.75,0,0.5833333134651184,4.3,8.64,0.0,0.09,4.811428571428572,-2.1021428571428573,-8.634571428571428,-159.52640548708104,0.2022857142857141,[0. 0.],[0. 0.],[1.99 5.69],[1.5 1.5]
1.5,0.75,1,0.6666666865348816,4.21,4.8,0.0,0.01,4.887499999999999,-2.135,-4.7955,-160.5664312371815,0.23499999999998522,[0. 0.],[0. 0.],[6.78 4.33],[1.5 1.5]
1.5,0.75,2,0.3076923191547394,4.52,6.46,0.02,0.0,4.937,-2.1570000000000005,-6.463499999999999,-144.46935064044087,0.20650000000001256,[0. 0.],[0. 0.],[1.26 6.04],[1.5 1.5]
1.5,0.75,3,0.5714285969734192,4.4,6.84,0.0,0.0,4.887416666666667,-2.1352499999999996,-6.840916666666668,-148.56883345525526,0.1970000000000051,[0. 0.],[0. 0.],[3.1  4.45],[1.5 1.5]
1.5,0.75,4,0.5384615659713745,4.89,9.66,0.01,0.02,5.132857142857143,-2.2422857142857144,-9.706857142857142,-155.1858338314401,0.18028571428571435,[0. 0.],[0. 0.],[2.13 1.84],[1.5 1.5]
1.5,0.75,5,0.0,3.01,4.84,0.03,0.02,,,,,,[0. 0.],[0. 0.],[1.02 4.79],[1.5 1.5]
1.5,1.0,0,,4.75,6.86,0.0,0.04,,,,,,[0. 0.],[0. 0.],[3.23 5.79],[1.5 1.5]
1.5,1.0,1,0.0,2.51,5.37,0.0,0.0,,,,,,[0. 0.],[0. 0.],[1.3  2.02],[1.5 1.5]
1.5,1.25,4,0.2222222238779068,4.44,12.12,0.05,0.39,4.924,-3.585,-12.049999999999999,-160.52378586928472,0.19350000000000733,[0. 0.],[0. 0.],[4.32 2.05],[1.5 1.5]
1.5,1.25,5,0.4166666567325592,4.13,7.23,0.0,0.0,4.7684,-3.4717999999999996,-7.2274,-156.57962202831638,0.2019999999999902,[0. 0.],[0. 0.],[2.76 6.22],[1.5 1.5]
1.5,1.5,1,0.0,7.79,0.4,0.02,0.0,,,,,,[0. 0.],[0. 0.],[3.51 1.88],[1.5 1.5]
1.5,1.5,2,0.4545454680919647,4.86,4.81,0.0,0.0,5.135,-4.4864,-4.8069999999999995,-144.47203491913032,0.2140000000000019,[0. 0.],[0. 0.],[5.18 4.26],[1.5 1.5]
1.5,1.5,3,0.550000011920929,4.39,7.8,0.02,0.01,4.979363636363636,-4.350727272727273,-7.798272727272728,-124.53786155809608,0.19781818181818298,[0. 0.],[0. 0.],[6.22 6.07],[1.5 1.5]
1.5,1.5,4,,4.8,2.81,0.01,0.0,,,,,,[0. 0.],[0. 0.],[4.08 1.48],[1.5 1.5]
1.5,1.5,5,0.7058823704719543,4.76,7.15,0.03,0.05,5.116583333333334,-4.470583333333333,-7.162749999999999,-146.7446592560599,0.19216666666666427,[0. 0.],[0. 0.],[4.48 4.95],[1.5 1.5]
1.5,1.75,0,0.5263158082962036,4.44,6.46,0.01,0.0,4.9755,-5.0718000000000005,-6.456200000000001,-158.66880668469753,0.2031999999999993,[0. 0.],[0. 0.],[4.61 6.22],[1.5 1.5]
1.5,1.75,1,0.5555555820465088,4.47,12.36,0.01,0.35,4.841200000000001,-4.9350000000000005,-12.134,-155.55876548677531,0.1967999999999986,[0. 0.],[0. 0.],[2.54 6.34],[1.5 1.5]
1.5,1.75,2,0.0,6.25,0.32,0.01,0.03,,,,,,[0. 0.],[0. 0.],[3.58 2.31],[1.5 1.5]
1.5,1.75,3,0.3333333432674408,4.48,5.18,0.0,0.01,5.02875,-5.126250000000001,-5.1765,-176.5926837721375,0.22499999999999432,[0. 0.],[0. 0.],[4.95 5.48],[1.5 1.5]
1.5,1.75,4,0.0,2.86,0.33,0.0,0.0,,,,,,[0. 0.],[0. 0.],[3.42 1.89],[1.5 1.5]
1.5,1.75,5,0.5,4.62,6.99,0.01,0.04,5.028818181818182,-5.126181818181819,-7.0079090909090915,-152.37360542959212,0.19836363636364174,[0. 0.],[0. 0.],[2.64 6.63],[1.5 1.5]
1.5,2.0,0,0.4166666567325592,4.68,5.22,0.0,0.0,5.0814,-5.9196,-5.219199999999999,-159.72379844934986,0.21440000000000126,[0. 0.],[0. 0.],[1.94 6.11],[1.5 1.5]
1.5,2.0,1,0.3333333432674408,4.61,6.04,0.05,0.03,5.103999999999999,-5.946000000000001,-6.008500000000001,-147.6363054229747,0.19866666666666818,[0. 0.],[0. 0.],[6.31 3.17],[1.5 1.5]
1.5,2.0,2,0.0,4.98,2.77,0.11,0.0,,,,,,[0. 0.],[0. 0.],[1.92 4.71],[1.5 1.5]
1.5,2.0,3,0.6363636255264282,4.37,13.68,0.0,0.02,4.933857142857143,-5.748285714285715,-13.673714285714286,-122.06905377876141,0.18971428571428817,[0. 0.],[0. 0.],[1.39 5.6 ],[1.5 1.5]
1.5,2.0,4,0.5625,4.75,5.28,0.0,0.07,5.062000000000001,-5.896888888888888,-5.287444444444445,-153.12282138733156,0.21866666666666706,[0. 0.],[0. 0.],[4.56 3.65],[1.5 1.5]
1.5,2.0,5,0.0,4.55,7.44,0.0,0.02,,,,,,[0. 0.],[0. 0.],[2.56 4.08],[1.5 1.5]
1.5,2.25,0,0.5,5.17,4.96,0.0,0.0,5.333333333333333,-6.989666666666666,-4.961666666666667,-152.9353822796577,0.21466666666666848,[0. 0.],[0. 0.],[1.43 5.59],[1.5 1.5]
1.5,2.25,1,0.7142857313156128,4.35,5.19,0.0,0.01,4.9396,-6.474000000000001,-5.189,-166.31068499444498,0.23320000000001045,[0. 0.],[0. 0.],[2.77 4.52],[1.5 1.5]
1.5,2.25,2,0.5,4.54,6.84,0.0,0.07,4.878111111111111,-6.393111111111112,-6.8278888888888885,-166.830193324124,0.20200000000000765,[0. 0.],[0. 0.],[1.92 5.87],[1.5 1.5]
1.5,2.25,3,,3.71,4.18,0.0,0.0,,,,,,[0. 0.],[0. 0.],[5.59 6.82],[1.5 1.5]
1.5,2.25,4,0.4444444477558136,4.57,8.27,0.0,0.04,5.0421249999999995,-6.6083750000000006,-8.268125000000001,-151.50461576642454,0.17599999999999943,[0. 0.],[0. 0.],[3.18 3.94],[1.5 1.5]
1.5,2.25,5,0.3333333432674408,4.57,6.42,0.01,0.0,5.0294,-6.591200000000001,-6.4205999999999985,-85.548607003857,0.20359999999999445,[0. 0.],[0. 0.],[2.41 5.66],[1.5 1.5]
1.5,2.5,0,0.3684210479259491,4.66,5.98,0.02,0.0,5.015714285714286,-7.304,-5.984571428571429,-162.07709921568343,0.20685714285714177,[0. 0.],[0. 0.],[4.6  6.43],[1.5 1.5]
1.5,2.5,1,0.27272728085517883,4.81,8.32,0.46,1.71,5.079,-7.396000000000001,-9.057333333333332,-149.51520360060456,0.17800000000000202,[0. 0.],[0. 0.],[1.9 3.8],[1.5 1.5]
1.5,2.5,2,0.0,6.41,0.39,0.09,0.0,,,,,,[0. 0.],[0. 0.],[6.81 1.55],[1.5 1.5]
1.5,2.5,3,0.5333333611488342,4.74,5.6,0.0,0.0,5.0806249999999995,-7.398625,-5.60175,-164.81021072262064,0.21425000000000338,[0. 0.],[0. 0.],[6.91 6.06],[1.5 1.5]
1.5,2.5,4,,6.87,10.34,0.0,0.15,,,,,,[0. 0.],[0. 0.],[6.68 4.47],[1.5 1.5]
1.5,2.5,5,0.800000011920929,4.5,4.23,0.01,0.01,5.219250000000001,-7.6,-4.23175,-151.75772044332092,0.23449999999999704,[0. 0.],[0. 0.],[4.06 3.67],[1.5 1.5]
1.5,2.75,0,0.5625,4.5,5.54,0.0,0.0,5.046333333333333,-8.083444444444444,-5.540777777777778,-157.3765305501633,0.2099999999999985,[0. 0.],[0. 0.],[5.02 3.12],[1.5 1.5]
1.5,2.75,1,0.6000000238418579,4.55,5.11,0.0,0.04,5.125,-8.209666666666665,-5.137833333333334,-149.33433263011065,0.2186666666666781,[0. 0.],[0. 0.],[1.01 6.93],[1.5 1.5]
1.5,2.75,2,0.0,3.84,0.45,0.01,0.03,,,,,,[0. 0.],[0. 0.],[3.66 2.21],[1.5 1.5]
1.5,2.75,3,0.4615384638309479,4.25,8.09,0.11,0.04,4.810333333333333,-7.7059999999999995,-8.108333333333333,2.553935333632836,0.20533333333333795,[0. 0.],[0. 0.],[1.92 3.68],[1.5 1.5]
1.5,2.75,4,0.7222222089767456,4.54,7.76,0.01,0.0,5.035692307692307,-8.066076923076924,-7.758230769230769,-131.2702930797276,0.18600000000000266,[0. 0.],[0. 0.],[3.83 5.01],[1.5 1.5]
1.5,2.75,5,0.6111111044883728,4.61,7.68,0.01,0.0,5.052999999999999,-8.093909090909092,-7.6771818181818166,-150.68854330979624,0.18490909090908952,[0. 0.],[0. 0.],[2.51 5.71],[1.5 1.5]
1.75,0.0,0,0.1111111119389534,4.71,5.9,0.0,0.0,4.862,0.0,-5.8995,-170.11297108861461,0.2119999999999962,[0. 0.],[0. 0.],[3.63 4.96],[1.5 1.5]
1.75,0.0,1,,4.69,9.84,0.01,0.03,,,,,,[0. 0.],[0. 0.],[5.04 3.04],[1.5 1.5]
1.75,0.0,2,0.1111111119389534,4.63,4.6,0.0,0.0,4.9915,0.0,-4.602,-181.6442959807289,0.27299999999999613,[0. 0.],[0. 0.],[4.23 5.6 ],[1.5 1.5]
1.75,0.0,3,0.0,5.1,0.35,0.0,0.0,,,,,,[0. 0.],[0. 0.],[3.66 1.65],[1.5 1.5]
1.75,0.0,4,0.5,5.06,1.21,0.0,0.0,5.084,0.0,-1.2109999999999999,-93.44265612336696,0.4679999999999982,[0. 0.],[0. 0.],[5.42 2.05],[1.5 1.5]
1.75,0.0,5,0.0,3.39,4.27,0.0,0.02,,,,,,[0. 0.],[0. 0.],[4.02 1.33],[1.5 1.5]
1.75,0.25,0,0.0,8.14,0.69,0.0,0.0,,,,,,[0. 0.],[0. 0.],[6.43 1.17],[1.5 1.5]
1.75,0.25,1,0.0,1.25,6.41,0.01,0.03,,,,,,[0. 0.],[0. 0.],[2.37 5.05],[1.5 1.5]
1.75,0.25,2,0.44999998807907104,4.71,6.28,0.02,0.0,5.069333333333334,-0.6442222222222223,-6.275333333333332,-157.02128995789292,0.20866666666669667,[0. 0.],[0. 0.],[1.03 6.92],[1.5 1.5]
1.75,0.25,3,0.15000000596046448,4.74,6.81,0.01,0.01,5.240333333333333,-0.6659999999999999,-6.812333333333332,-135.17633886876231,0.18466666666669576,[0. 0.],[0. 0.],[5.71 1.98],[1.5 1.5]
1.75,0.25,4,,4.84,7.3,0.11,0.0,,,,,,[0. 0.],[0. 0.],[3.12 4.78],[1.5 1.5]
1.75,0.25,5,,3.76,3.48,0.02,0.02,,,,,,[0. 0.],[0. 0.],[3.14 4.29],[1.5 1.5]
1.75,0.5,0,,4.83,7.18,0.02,0.0,,,,,,[0. 0.],[0. 0.],[6.17 6.01],[1.5 1.5]
1.75,0.5,1,0.3333333432674408,4.6,6.59,0.03,0.0,5.201666666666667,-1.3221666666666667,-6.585666666666666,-143.43499443915076,0.18833333333334204,[0. 0.],[0. 0.],[4.27 6.09],[1.5 1.5]
1.75,0.5,2,,6.55,7.35,0.12,0.03,,,,,,[0. 0.],[0. 0.],[6.61 6.49],[1.5 1.5]
1.75,0.5,3,0.47058823704719543,4.76,6.99,0.14,0.0,5.0196250000000004,-1.27575,-6.989375000000001,-148.9407099654572,0.1989999999999983,[0. 0.],[0. 0.],[1.59 5.24],[1.5 1.5]
1.75,0.5,4,0.0,7.78,0.76,0.01,0.0,,,,,,[0. 0.],[0. 0.],[6.36 1.48],[1.5 1.5]
1.75,0.5,5,,4.79,8.33,0.08,0.06,,,,,,[0. 0.],[0. 0.],[1.65 5.91],[1.5 1.5]
1.75,0.75,0,,4.69,2.66,0.0,0.03,,,,,,[0. 0.],[0. 0.],[3.48 2.99],[1.5 1.5]
1.75,0.75,1,0.0,6.11,0.34,0.0,0.0,,,,,,[0. 0.],[0. 0.],[4.85 1.31],[1.5 1.5]
1.75,0.75,2,,4.67,7.33,0.0,0.01,,,,,,[0. 0.],[0. 0.],[4.53 4.77],[1.5 1.5]
1.75,0.75,3,0.6666666865348816,4.38,4.97,0.06,0.0,5.032625,-1.91875,-4.965625,-151.35430204077568,0.22774999999998613,[0. 0.],[0. 0.],[2.65 4.36],[1.5 1.5]
1.75,0.75,4,0.6666666865348816,4.44,11.7,0.14,0.19,4.905833333333334,-1.8704166666666666,-11.69775,-159.59980568901352,0.19399999999999315,[0. 0.],[0. 0.],[3.09 6.36],[1.5 1.5]
1.75,0.75,5,,4.87,7.26,0.0,0.03,,,,,,[0. 0.],[0. 0.],[6.99 6.63],[1.5 1.5]
1.75,1.0,0,0.1666666716337204,4.67,4.94,0.04,0.08,5.110333333333333,-2.5969999999999995,-4.949,-149.07699355509212,0.2293333333333368,[0. 0.],[0. 0.],[4.77 6.08],[1.5 1.5]
1.75,1.0,1,,5.27,7.32,0.0,0.05,,,,,,[0. 0.],[0. 0.],[4.78 5.64],[1.5 1.5]
1.75,1.0,2,,4.59,10.9,0.0,0.24,,,,,,[0. 0.],[0. 0.],[4.37 5.01],[1.5 1.5]
1.75,1.0,3,0.47058823704719543,4.91,8.21,0.02,0.01,5.18375,-2.63525,-8.202,-150.8402088685148,0.1867500000000022,[0. 0.],[0. 0.],[2.7  3.85],[1.5 1.5]
1.75,1.0,4,0.75,4.69,10.97,0.02,1.73,5.028266666666667,-2.5562,-10.181266666666666,-144.4222137052426,0.18560000000000088,[0. 0.],[0. 0.],[5.07 1.08],[1.5 1.5]
1.75,1.0,5,0.523809552192688,4.47,7.89,0.02,0.17,4.976636363636364,-2.530090909090909,-7.8625454545454545,-150.6765061565458,0.19545454545454485,[0. 0.],[0. 0.],[6.04 6.92],[1.5 1.5]
1.75,1.25,0,,4.61,7.32,0.0,0.0,,,,,,[0. 0.],[0. 0.],[2.93 5.48],[1.5 1.5]
1.75,1.25,1,0.7142857313156128,4.79,12.79,0.0,0.22,5.165800000000001,-3.2831333333333337,-12.873333333333335,-156.94944159538574,0.18840000000000023,[0. 0.],[0. 0.],[5.54 6.61],[1.5 1.5]
1.75,1.25,2,0.5,4.71,6.97,0.02,0.0,5.0633333333333335,-3.218,-6.972666666666666,-151.82931523933289,0.18199999999994057,[0. 0.],[0. 0.],[3.02 6.69],[1.5 1.5]
1.75,1.25,3,0.6153846383094788,4.93,5.96,0.04,0.02,5.18675,-3.296125,-5.97275,-158.12934403580368,0.20249999999999702,[0. 0.],[0. 0.],[1.76 5.55],[1.5 1.5]
1.75,1.25,4,,1.99,3.0,0.0,0.0,,,,,,[0. 0.],[0. 0.],[2.02 2.99],[1.5 1.5]
1.75,1.25,5,,4.7,5.31,0.0,0.0,,,,,,[0. 0.],[0. 0.],[6.58 5.69],[1.5 1.5]
1.75,1.5,0,0.0,4.13,0.39,0.02,0.0,,,,,,[0. 0.],[0. 0.],[1.69 3.65],[1.5 1.5]
1.75,1.5,1,,4.67,4.94,0.01,0.02,,,,,,[0. 0.],[0. 0.],[3.76 2.62],[1.5 1.5]
1.75,1.5,2,,4.52,5.3,0.0,0.03,,,,,,[0. 0.],[0. 0.],[2.51 4.2 ],[1.5 1.5]
1.75,1.5,3,0.5,4.58,8.83,0.09,0.0,4.9836,-3.8004,-8.831,-149.37965951180016,0.18639999999999973,[0. 0.],[0. 0.],[6.2 6.7],[1.5 1.5]
1.75,1.5,4,,4.5,9.33,0.0,0.02,,,,,,[0. 0.],[0. 0.],[2.9  1.65],[1.5 1.5]
1.75,1.5,5,0.4000000059604645,4.67,3.64,0.0,0.0,5.134,-3.9139999999999997,-3.637,-140.79898499452702,0.2580000000000098,[0. 0.],[0. 0.],[3.9  3.83],[1.5 1.5]
1.75,1.75,0,0.6000000238418579,4.4,4.0,0.0,0.0,5.103166666666667,-4.540666666666667,-3.9971666666666668,-158.14217234982763,0.2536666666666605,[0. 0.],[0. 0.],[2.31 4.99],[1.5 1.5]
1.75,1.75,1,0.6190476417541504,4.68,7.47,0.02,0.0,5.0430769230769235,-4.4866153846153844,-7.465769230769229,-148.11733046472457,0.19153846153845835,[0. 0.],[0. 0.],[4.6 6.8],[1.5 1.5]
1.75,1.75,2,0.4285714328289032,4.68,4.48,0.0,0.08,5.0675,-4.5065,-4.507333333333333,-132.10897074656532,0.22866666666666716,[0. 0.],[0. 0.],[6.84 5.32],[1.5 1.5]
1.75,1.75,3,,4.83,7.36,0.0,0.01,,,,,,[0. 0.],[0. 0.],[3.02 4.48],[1.5 1.5]
1.75,1.75,4,0.6111111044883728,4.55,5.38,0.0,0.0,5.0341818181818185,-4.4786363636363635,-5.3787272727272715,-148.43490042067762,0.21236363636365302,[0. 0.],[0. 0.],[6.49 5.13],[1.5 1.5]
1.75,1.75,5,0.3333333432674408,4.46,3.86,0.0,0.0,5.148666666666666,-4.580666666666667,-3.8640000000000003,-144.78589151034436,0.22666666666666893,[0. 0.],[0. 0.],[4.29 2.75],[1.5 1.5]
1.75,2.0,0,0.5,4.72,4.22,0.15,0.0,5.0520000000000005,-5.137142857142856,-4.216571428571428,-155.60196680516827,0.23857142857143185,[0. 0.],[0. 0.],[5.78 4.28],[1.5 1.5]
1.75,2.0,1,0.529411792755127,4.48,5.05,0.0,0.02,5.047888888888889,-5.132444444444444,-5.054444444444444,-157.62523724423852,0.21466666666666415,[0. 0.],[0. 0.],[4.48 6.87],[1.5 1.5]
1.75,2.0,2,0.0,3.76,3.78,0.0,0.14,,,,,,[0. 0.],[0. 0.],[6.1  3.04],[1.5 1.5]
1.75,2.0,3,,5.07,1.49,0.02,0.0,,,,,,[0. 0.],[0. 0.],[6.45 2.27],[1.5 1.5]
1.75,2.0,4,0.6190476417541504,4.67,7.27,0.0,0.2,5.1104615384615375,-5.196769230769231,-7.238769230769231,-158.7296614585867,0.18999999999998898,[0. 0.],[0. 0.],[2.73 5.33],[1.5 1.5]
1.75,2.0,5,,4.62,9.52,0.02,0.05,,,,,,[0. 0.],[0. 0.],[1.89 6.44],[1.5 1.5]
1.75,2.25,0,0.7368420958518982,4.49,9.46,0.0,0.01,4.981857142857143,-5.699,-9.462857142857144,-152.91316305439076,0.18499999999999986,[0. 0.],[0. 0.],[6.57 5.47],[1.5 1.5]
1.75,2.25,1,0.550000011920929,4.61,5.72,0.03,0.05,5.003363636363637,-5.723727272727273,-5.703636363636364,-164.14962945199972,0.22163636363636288,[0. 0.],[0. 0.],[1.84 4.76],[1.5 1.5]
1.75,2.25,2,0.0,2.64,4.98,0.0,0.0,,,,,,[0. 0.],[0. 0.],[3.21 5.66],[1.5 1.5]
1.75,2.25,3,0.0,4.23,10.06,0.03,0.06,,,,,,[0. 0.],[0. 0.],[5.3  3.35],[1.5 1.5]
1.75,2.25,4,0.0,7.62,0.52,0.0,0.0,,,,,,[0. 0.],[0. 0.],[6.54 1.61],[1.5 1.5]
1.75,2.25,5,0.0,1.89,5.74,0.0,0.01,,,,,,[0. 0.],[0. 0.],[6.69 3.75],[1.5 1.5]
1.75,2.5,0,0.5714285969734192,4.7,6.15,0.0,0.0,5.03625,-6.401333333333333,-6.14875,-131.26770502803652,0.20949999999999716,[0. 0.],[0. 0.],[3.22 6.24],[1.5 1.5]
1.75,2.5,1,,4.7,7.28,0.0,0.0,,,,,,[0. 0.],[0. 0.],[4.07 4.75],[1.5 1.5]
1.75,2.5,2,,4.51,9.27,0.0,0.06,,,,,,[0. 0.],[0. 0.],[3.37 2.72],[1.5 1.5]
1.75,2.5,3,0.46666666865348816,4.48,6.5,0.05,0.29,4.993,-6.346857142857142,-6.46242857142857,-115.82360747242517,0.2005714285713631,[0. 0.],[0. 0.],[4.3  5.98],[1.5 1.5]
1.75,2.5,4,0.125,4.24,4.32,0.01,0.01,4.966,-6.312,-4.3260000000000005,-133.17464845112548,0.2220000000000013,[0. 0.],[0. 0.],[1.25 3.89],[1.5 1.5]
1.75,2.5,5,,4.72,7.25,0.0,0.01,,,,,,[0. 0.],[0. 0.],[1.43 5.89],[1.5 1.5]
1.75,2.75,0,,4.74,1.51,0.02,0.12,,,,,,[0. 0.],[0. 0.],[4.46 2.1 ],[1.5 1.5]
1.75,2.75,1,0.0,2.97,4.79,0.0,0.0,,,,,,[0. 0.],[0. 0.],[4.82 2.79],[1.5 1.5]
1.75,2.75,2,0.6428571343421936,4.63,5.68,0.01,0.54,4.9750000000000005,-6.956444444444445,-5.948555555555555,-166.72519658326382,0.2231111111111027,[0. 0.],[0. 0.],[5.2  4.66],[1.5 1.5]
1.75,2.75,3,,13.4,8.97,0.15,0.0,,,,,,[0. 0.],[0. 0.],[4.76 5.39],[1.5 1.5]
1.75,2.75,4,,3.74,3.72,0.0,0.01,,,,,,[0. 0.],[0. 0.],[5.12 1.48],[1.5 1.5]
1.75,2.75,5,0.6666666865348816,4.41,7.62,0.02,0.24,4.9061875,-6.8610625,-7.4090625,-159.44366791528554,0.19524999999999856,[0. 0.],[0. 0.],[6.26 6.18],[1.5 1.5]
2.0,0.0,0,0.2631579041481018,4.52,7.27,0.0,0.01,4.8759999999999994,0.0008,-7.2665999999999995,-96.29141706981747,0.20760000000004766,[0. 0.],[0. 0.],[4.14 4.9 ],[1.5 1.5]
2.0,0.0,1,0.3888888955116272,4.63,11.81,0.0,0.0,4.997428571428571,-0.00014285714285714287,-11.81257142857143,-170.5730793712227,0.20628571428570858,[0. 0.],[0. 0.],[5.44 6.05],[1.5 1.5]
2.0,0.0,2,,4.41,6.52,0.0,0.0,,,,,,[0. 0.],[0. 0.],[3.   4.38],[1.5 1.5]
2.0,0.0,3,0.2857142984867096,4.65,6.4,0.01,0.0,5.1098333333333334,0.0003333333333333333,-6.400833333333334,-99.4061833102515,0.2123333333333323,[0. 0.],[0. 0.],[5.17 1.55],[1.5 1.5]
2.0,0.0,4,,4.6,7.09,0.0,0.01,,,,,,[0. 0.],[0. 0.],[1.   6.54],[1.5 1.5]
2.0,0.0,5,0.2777777910232544,4.66,6.25,0.0,0.05,4.923,0.0004,-6.2066,-168.74332499729266,0.21600000000001884,[0. 0.],[0. 0.],[4.64 3.58],[1.5 1.5]
2.0,0.25,0,0.4285714328289032,5.12,8.87,0.01,0.71,5.361999999999999,-0.6043333333333334,-8.955666666666668,-132.42054696263708,0.17300000000000418,[0. 0.],[0. 0.],[5.22 3.39],[1.5 1.5]
2.0,0.25,1,0.0,10.82,0.49,0.02,0.0,,,,,,[0. 0.],[0. 0.],[5.74 2.62],[1.5 1.5]
2.0,0.25,2,0.15789473056793213,4.37,5.93,0.0,0.15,4.846333333333333,-0.5459999999999999,-5.876333333333332,-163.6992043691814,0.21733333333336682,[0. 0.],[0. 0.],[4.07 7.  ],[1.5 1.5]
2.0,0.25,3,0.25,4.92,2.89,0.07,0.07,5.0465,-0.569,-2.9064999999999994,-136.8099805913317,0.26300000000003365,[0. 0.],[0. 0.],[4.1  2.33],[1.5 1.5]
2.0,0.25,4,0.09090909361839294,5.04,4.4,0.01,0.05,5.2170000000000005,-0.588,-4.462,-132.3320550383575,0.2480000000000473,[0. 0.],[0. 0.],[3.8  3.95],[1.5 1.5]
2.0,0.25,5,0.3636363744735718,4.54,6.21,0.0,0.0,4.782375,-0.538625,-6.21,-88.36900522849616,0.22474999999999312,[0. 0.],[0. 0.],[3.94 6.3 ],[1.5 1.5]
2.0,0.5,0,0.0,5.31,0.33,0.01,0.0,,,,,,[0. 0.],[0. 0.],[3.97 1.13],[1.5 1.5]
2.0,0.5,1,0.0,5.7,0.38,0.02,0.0,,,,,,[0. 0.],[0. 0.],[4.59 1.15],[1.5 1.5]
2.0,0.5,2,0.7058823704719543,4.67,5.93,0.0,0.01,5.046333333333332,-1.1375,-5.922999999999999,-155.2194418644584,0.20566666666666933,[0. 0.],[0. 0.],[2.23 5.21],[1.5 1.5]
2.0,0.5,3,0.2666666805744171,4.37,4.6,0.03,0.0,5.071249999999999,-1.1429999999999998,-4.599,-145.17305776144576,0.22649999999998727,[0. 0.],[0. 0.],[4.99 4.77],[1.5 1.5]
2.0,0.5,4,,3.21,7.73,0.0,0.36,,,,,,[0. 0.],[0. 0.],[5.49 4.28],[1.5 1.5]
2.0,0.5,5,0.5,4.75,9.09,0.18,2.09,5.0112499999999995,-1.12925,-9.462,-161.09374681292212,0.20400000000000285,[0. 0.],[0. 0.],[5.52 3.2 ],[1.5 1.5]
2.0,0.75,0,0.5714285969734192,4.66,4.41,0.0,0.01,4.8496250000000005,-1.6395,-4.406875,-152.29118006583656,0.23599999999999777,[0. 0.],[0. 0.],[3.82 1.75],[1.5 1.5]
2.0,0.75,1,0.0,8.33,0.5,0.1,0.0,,,,,,[0. 0.],[0. 0.],[5.47 2.11],[1.5 1.5]
2.0,0.75,2,0.699999988079071,4.61,10.26,0.0,0.15,5.105499999999999,-1.7264285714285712,-10.32457142857143,-156.57919322076071,0.18628571428571256,[0. 0.],[0. 0.],[3.53 3.19],[1.5 1.5]
2.0,0.75,3,0.5,4.67,5.75,0.0,0.0,5.0319,-1.7015999999999998,-5.7505999999999995,-155.06234024398378,0.21879999999998176,[0. 0.],[0. 0.],[1.38 3.49],[1.5 1.5]
2.0,0.75,4,0.6000000238418579,4.5,5.46,0.01,0.0,5.08425,-1.7194166666666668,-5.4590000000000005,-144.88203703189654,0.21550000000000816,[0. 0.],[0. 0.],[5.95 5.32],[1.5 1.5]
2.0,0.75,5,0.5263158082962036,4.66,6.3,0.02,0.07,4.9026000000000005,-1.6573999999999998,-6.2897,-165.9295528051321,0.22139999999999843,[0. 0.],[0. 0.],[4.76 6.18],[1.5 1.5]
2.0,1.0,0,0.7222222089767456,4.68,6.29,0.0,0.0,5.125923076923077,-2.311692307692308,-6.287769230769232,-147.484996933532,0.19446153846153835,[0. 0.],[0. 0.],[2.66 6.46],[1.5 1.5]
2.0,1.0,1,0.5789473652839661,4.45,10.98,0.0,0.01,4.953454545454545,-2.232636363636364,-10.979545454545454,-160.03747232237853,0.19218181818182342,[0. 0.],[0. 0.],[5.77 6.63],[1.5 1.5]
2.0,1.0,2,0.4545454680919647,4.19,5.31,0.01,0.0,4.840400000000001,-2.1812,-5.3106,-148.60514327053508,0.2160000000000025,[0. 0.],[0. 0.],[3.03 3.8 ],[1.5 1.5]
2.0,1.0,3,0.3125,4.51,5.25,0.0,0.06,4.9766,-2.244,-5.254,-154.3636306797783,0.22840000000000024,[0. 0.],[0. 0.],[5.77 5.71],[1.5 1.5]
2.0,1.0,4,0.523809552192688,4.51,5.04,0.0,0.05,5.027636363636364,-2.2671818181818186,-5.0329999999999995,-154.68838923926702,0.2252727272727271,[0. 0.],[0. 0.],[3.51 4.56],[1.5 1.5]
2.0,1.0,5,0.6499999761581421,4.69,7.02,0.02,0.37,5.102615384615385,-2.3007692307692307,-7.2023846153846165,-152.7931317585752,0.19553846153845947,[0. 0.],[0. 0.],[2.14 4.49],[1.5 1.5]
2.0,1.25,0,0.6842105388641357,4.92,9.91,0.01,0.06,5.299769230769231,-2.9872307692307696,-9.905615384615384,-155.18991244982362,0.18661538461538804,[0. 0.],[0. 0.],[5.87 6.04],[1.5 1.5]
2.0,1.25,1,0.6190476417541504,4.46,4.91,0.01,0.01,4.929153846153846,-2.777076923076923,-4.905769230769231,-151.16239697741543,0.23169230769230692,[0. 0.],[0. 0.],[1.62 2.17],[1.5 1.5]
2.0,1.25,2,,4.41,7.5,0.0,0.01,,,,,,[0. 0.],[0. 0.],[5.15 6.67],[1.5 1.5]
2.0,1.25,3,0.3529411852359772,4.68,4.61,0.0,0.02,5.191333333333333,-2.9271666666666665,-4.618833333333334,-147.736106920119,0.21600000000000108,[0. 0.],[0. 0.],[6.29 3.64],[1.5 1.5]
2.0,1.25,4,0.0,4.75,0.25,0.01,0.02,,,,,,[0. 0.],[0. 0.],[1.5  2.05],[1.5 1.5]
2.0,1.25,5,,3.63,5.42,0.0,0.0,,,,,,[0. 0.],[0. 0.],[1.76 5.06],[1.5 1.5]
2.0,1.5,0,,1.83,6.63,0.0,0.03,,,,,,[0. 0.],[0. 0.],[1.79 5.71],[1.5 1.5]
2.0,1.5,1,,4.61,5.72,0.01,0.04,,,,,,[0. 0.],[0. 0.],[5.31 4.55],[1.5 1.5]
2.0,1.5,2,,3.69,6.62,0.0,0.01,,,,,,[0. 0.],[0. 0.],[3.03 2.33],[1.5 1.5]
2.0,1.5,3,,3.47,4.61,0.0,0.0,,,,,,[0. 0.],[0. 0.],[1.21 3.85],[1.5 1.5]
2.0,1.5,4,0.0,3.69,7.76,0.0,0.0,,,,,,[0. 0.],[0. 0.],[3.65 5.6 ],[1.5 1.5]
2.0,1.5,5,0.5625,4.49,4.45,0.0,0.0,4.932888888888889,-3.335888888888889,-4.4542222222222225,-159.90049185100023,0.2408888888888884,[0. 0.],[0. 0.],[4.49 3.63],[1.5 1.5]
2.0,1.75,0,0.6363636255264282,4.58,9.06,0.04,0.02,5.135642857142857,-4.051857142857143,-9.067785714285714,-107.68262272177961,0.1874285714285853,[0. 0.],[0. 0.],[6.04 4.05],[1.5 1.5]
2.0,1.75,1,0.0,4.87,0.23,0.04,0.02,,,,,,[0. 0.],[0. 0.],[1.61 2.12],[1.5 1.5]
2.0,1.75,2,,4.6,7.8,0.0,0.0,,,,,,[0. 0.],[0. 0.],[4.53 6.44],[1.5 1.5]
2.0,1.75,3,0.5384615659713745,4.78,3.21,0.01,0.02,5.172857142857143,-4.083571428571429,-3.208428571428571,-149.18023019940233,0.2665714285714265,[0. 0.],[0. 0.],[5.37 3.14],[1.5 1.5]
2.0,1.75,4,0.699999988079071,4.78,11.87,0.01,0.23,5.237,-4.133285714285714,-11.66985714285714,-140.10281273431588,0.18842857142857586,[0. 0.],[0. 0.],[5.04 4.85],[1.5 1.5]
2.0,1.75,5,0.6190476417541504,4.69,7.49,0.01,0.02,5.156384615384615,-4.06923076923077,-7.4879999999999995,-158.94740118468752,0.18600000000000166,[0. 0.],[0. 0.],[4.94 5.99],[1.5 1.5]
2.0,2.0,0,0.0,5.68,0.34,0.01,0.0,,,,,,[0. 0.],[0. 0.],[2.45 1.23],[1.5 1.5]
2.0,2.0,1,0.6666666865348816,4.6,7.35,0.01,0.05,5.047642857142857,-4.553214285714286,-7.29142857142857,-130.1854643172029,0.20271428571427255,[0. 0.],[0. 0.],[1.99 3.29],[1.5 1.5]
2.0,2.0,2,0.6470588445663452,4.61,4.45,0.03,0.39,5.121727272727273,-4.619272727272727,-4.554727272727273,-161.18943010933683,0.22454545454546138,[0. 0.],[0. 0.],[3.44 1.98],[1.5 1.5]
2.0,2.0,3,,3.49,3.79,0.09,0.05,,,,,,[0. 0.],[0. 0.],[2.78 1.04],[1.5 1.5]
2.0,2.0,4,,3.73,3.75,0.01,0.01,,,,,,[0. 0.],[0. 0.],[1.64 1.67],[1.5 1.5]
2.0,2.0,5,0.4736842215061188,4.63,4.03,0.0,0.12,5.047666666666667,-4.552333333333333,-4.059444444444445,-155.32365630524572,0.2413333333333346,[0. 0.],[0. 0.],[2.11 1.47],[1.5 1.5]
2.0,2.25,0,0.761904776096344,4.61,9.05,0.18,0.32,5.1469375,-5.2216249999999995,-9.181999999999999,-118.8772069178153,0.18774999999999487,[0. 0.],[0. 0.],[2.13 4.79],[1.5 1.5]
2.0,2.25,1,,4.4,5.74,0.0,0.01,,,,,,[0. 0.],[0. 0.],[2.41 4.17],[1.5 1.5]
2.0,2.25,2,,4.76,5.12,0.04,0.04,,,,,,[0. 0.],[0. 0.],[6.87 3.72],[1.5 1.5]
2.0,2.25,3,0.0,3.28,4.16,0.03,0.0,,,,,,[0. 0.],[0. 0.],[1.87 6.17],[1.5 1.5]
2.0,2.25,4,0.5,4.41,3.95,0.0,0.25,5.1268,-5.2018,-4.0556,-140.1936457900761,0.22920000000000584,[0. 0.],[0. 0.],[5.28 3.95],[1.5 1.5]
2.0,2.25,5,0.2857142984867096,4.68,3.29,0.03,0.01,5.224499999999999,-5.3025,-3.2982500000000003,-152.34435100763255,0.2365000000000066,[0. 0.],[0. 0.],[4.23 2.34],[1.5 1.5]
2.0,2.5,0,0.6842105388641357,4.69,6.98,0.01,0.01,5.259384615384615,-5.930076923076924,-6.980846153846153,-125.01565918786308,0.1963076923076972,[0. 0.],[0. 0.],[6.71 4.41],[1.5 1.5]
2.0,2.5,1,0.550000011920929,4.59,6.2,0.0,0.03,5.140090909090909,-5.796545454545455,-6.180272727272728,-103.7603181574375,0.20636363636363342,[0. 0.],[0. 0.],[5.81 4.87],[1.5 1.5]
2.0,2.5,2,0.42105263471603394,4.9,5.5,0.0,0.09,5.145125,-5.800625,-5.553375,-111.04606011432176,0.21050000000000435,[0. 0.],[0. 0.],[4.37 3.04],[1.5 1.5]
2.0,2.5,3,0.529411792755127,4.71,3.34,0.01,0.0,5.173111111111111,-5.834,-3.346888888888889,-156.36053800026593,0.25088888888888683,[0. 0.],[0. 0.],[6.15 1.31],[1.5 1.5]
2.0,2.5,4,0.5,4.75,14.36,0.01,0.0,5.258090909090909,-5.929727272727272,-14.352818181818185,-171.39137026937678,0.19490909090908978,[0. 0.],[0. 0.],[2.67 5.04],[1.5 1.5]
2.0,2.5,5,0.5384615659713745,4.98,4.92,0.0,0.07,5.156,-5.812857142857142,-4.952,-150.09106127073383,0.21228571428571272,[0. 0.],[0. 0.],[1.41 4.55],[1.5 1.5]
2.0,2.75,0,0.47058823704719543,4.71,4.35,0.01,0.01,5.153125,-6.392875,-4.35275,-160.3231101839603,0.22749999999999826,[0. 0.],[0. 0.],[5.66 1.32],[1.5 1.5]
2.0,2.75,2,,4.98,1.91,0.0,0.0,,,,,,[0. 0.],[0. 0.],[6.67 1.84],[1.5 1.5]
2.0,2.75,3,0.1666666716337204,4.38,5.21,0.11,0.04,4.329,-5.371,-5.205,-95.08476206236736,0.2079999999999984,[0. 0.],[0. 0.],[1.04 4.89],[1.5 1.5]
2.0,2.75,4,,4.7,8.73,0.0,0.28,,,,,,[0. 0.],[0. 0.],[2.59 5.1 ],[1.5 1.5]
2.0,2.75,5,,4.6,11.56,0.08,0.15,,,,,,[0. 0.],[0. 0.],[5.74 3.89],[1.5 1.5]
2.25,0.0,0,0.20000000298023224,5.0,4.94,0.01,0.0,5.145333333333333,0.002,-4.945666666666667,-134.99102991121853,0.23066666666665014,[0. 0.],[0. 0.],[4.52 5.13],[1.5 1.5]
2.25,0.0,1,0.0,5.3,1.54,0.0,0.0,,,,,,[0. 0.],[0. 0.],[5.73 1.59],[1.5 1.5]
2.25,0.0,2,0.2380952388048172,4.89,7.72,0.01,1.09,5.2084,0.0020000000000000005,-7.446599999999999,-151.40997136158848,0.18839999999993323,[0. 0.],[0. 0.],[6.38 2.84],[1.5 1.5]
2.25,0.0,3,0.11764705926179886,4.51,4.55,0.0,0.04,5.031499999999999,0.0015,-4.5225,-124.81898865689632,0.21099999999999852,[0. 0.],[0. 0.],[4.32 4.33],[1.5 1.5]
2.25,0.0,4,0.2380952388048172,4.46,6.45,0.01,0.02,5.0569999999999995,0.001,-6.445,-160.01581739138987,0.19920000000000754,[0. 0.],[0. 0.],[4.26 2.35],[1.5 1.5]
2.25,0.0,5,0.2916666567325592,4.54,6.36,0.01,0.0,5.011571428571428,0.001,-6.363714285714286,-166.93123879088185,0.2054285714285677,[0. 0.],[0. 0.],[3.74 6.05],[1.5 1.5]
2.25,0.25,0,0.3333333432674408,4.58,3.64,0.0,0.0,4.7924,-0.48440000000000005,-3.6409999999999996,-156.45266908342677,0.256400000000004,[0. 0.],[0. 0.],[5.24 3.65],[1.5 1.5]
2.25,0.25,1,0.0,5.44,0.18,0.01,0.0,,,,,,[0. 0.],[0. 0.],[5.88 1.74],[1.5 1.5]
2.25,0.25,2,0.0,2.24,4.95,0.02,0.0,,,,,,[0. 0.],[0. 0.],[1.22 4.02],[1.5 1.5]
2.25,0.25,3,0.21052631735801697,4.48,5.89,0.01,0.03,4.787750000000001,-0.48374999999999996,-5.8709999999999996,-69.76082455485795,0.21300000000000452,[0. 0.],[0. 0.],[2.26 4.03],[1.5 1.5]
2.25,0.25,4,0.523809552192688,4.74,10.19,0.0,1.36,5.154545454545454,-0.5213636363636364,-9.997181818181817,-152.1878663749869,0.1907272727272791,[0. 0.],[0. 0.],[5.85 6.09],[1.5 1.5]
2.25,0.25,5,0.3636363744735718,4.48,6.07,0.0,0.0,4.899625,-0.49562500000000004,-6.067125,-159.0557126693399,0.21349999999999625,[0. 0.],[0. 0.],[3.22 4.14],[1.5 1.5]
2.25,0.5,0,0.0,5.11,0.29,0.0,0.02,,,,,,[0. 0.],[0. 0.],[3.15 1.39],[1.5 1.5]
2.25,0.5,1,0.0555555559694767,4.62,6.78,1.5,1.5,4.959,-1.001,-5.626,-158.4393474299334,0.21999999999999886,[0. 0.],[0. 0.],[4.62 6.78],[1.5 1.5]
2.25,0.5,2,0.7272727489471436,4.59,5.47,0.0,0.02,4.9694375,-1.005625,-5.4758125,-128.57422154611524,0.22037500000000332,[0. 0.],[0. 0.],[3.36 1.04],[1.5 1.5]
2.25,0.5,3,0.0,2.09,5.08,0.0,0.0,,,,,,[0. 0.],[0. 0.],[5.94 1.59],[1.5 1.5]
2.25,0.5,4,0.5652173757553101,4.75,14.74,0.05,0.91,5.061692307692308,-1.0246923076923076,-14.737769230769228,-138.36146039242504,0.19584615384615545,[0. 0.],[0. 0.],[3.24 6.74],[1.5 1.5]
2.25,0.5,5,0.8095238208770752,4.55,5.77,0.01,0.02,4.999470588235294,-1.0120588235294117,-5.7712352941176475,-152.4201404844026,0.208352941176471,[0. 0.],[0. 0.],[3.71 4.74],[1.5 1.5]
2.25,0.75,0,0.4444444477558136,4.58,4.24,0.0,0.0,4.89125,-1.4855,-4.2395,-144.192927624266,0.24250000000000194,[0. 0.],[0. 0.],[2.38 4.56],[1.5 1.5]
2.25,0.75,1,0.0,4.46,0.25,0.0,0.0,,,,,,[0. 0.],[0. 0.],[1.76 1.74],[1.5 1.5]
2.25,0.75,2,0.0,7.83,0.84,0.01,0.04,,,,,,[0. 0.],[0. 0.],[6.93 1.65],[1.5 1.5]
2.25,0.75,3,0.3333333432674408,4.4,4.0,0.0,0.03,4.9144,-1.4928000000000001,-4.0008,-159.3570789357009,0.24560000000000456,[0. 0.],[0. 0.],[3.34 2.58],[1.5 1.5]
2.25,0.75,4,0.5555555820465088,4.62,4.88,0.01,0.04,5.0381,-1.5295999999999998,-4.8902,-151.35308268434756,0.21680000000000063,[0. 0.],[0. 0.],[1.46 4.72],[1.5 1.5]
2.25,0.75,5,,5.15,1.94,0.4,0.01,,,,,,[0. 0.],[0. 0.],[4.55 3.25],[1.5 1.5]
2.25,1.0,0,0.6190476417541504,4.56,15.55,0.0,0.59,5.148076923076922,-2.085769230769231,-15.500846153846158,-130.1958823434994,0.19215384615384543,[0. 0.],[0. 0.],[3.04 6.46],[1.5 1.5]
2.25,1.0,1,0.5,4.79,7.18,0.0,0.05,5.118777777777778,-2.072111111111111,-7.192000000000001,-150.96327902024382,0.19844444444444942,[0. 0.],[0. 0.],[2.6  6.34],[1.5 1.5]
2.25,1.0,2,0.5263158082962036,4.37,4.41,0.05,0.02,4.8986,-1.9841000000000002,-4.4171,-157.19535449062863,0.24560000000000032,[0. 0.],[0. 0.],[1.15 4.76],[1.5 1.5]
2.25,1.0,3,0.0,4.94,0.35,0.01,0.0,,,,,,[0. 0.],[0. 0.],[5.8  2.01],[1.5 1.5]
2.25,1.0,4,,4.71,5.69,0.05,0.0,,,,,,[0. 0.],[0. 0.],[4.27 1.88],[1.5 1.5]
2.25,1.0,5,0.4117647111415863,4.32,5.67,0.02,0.0,4.966,-2.0120000000000005,-5.671428571428571,-158.65302925949854,0.21371428571428513,[0. 0.],[0. 0.],[5.24 5.53],[1.5 1.5]
2.25,1.25,0,,3.73,1.25,0.0,0.0,,,,,,[0. 0.],[0. 0.],[6.94 2.59],[1.5 1.5]
2.25,1.25,1,0.0,4.53,0.32,0.03,0.0,,,,,,[0. 0.],[0. 0.],[3.73 1.06],[1.5 1.5]
2.25,1.25,2,,10.81,7.62,0.0,0.83,,,,,,[0. 0.],[0. 0.],[6.87 5.79],[1.5 1.5]
2.25,1.25,3,0.5454545617103577,4.46,9.75,0.0,0.31,5.047666666666666,-2.5546666666666673,-9.581000000000001,-128.00665057957397,0.191333333333333,[0. 0.],[0. 0.],[5.81 4.28],[1.5 1.5]
2.25,1.25,4,0.0,7.45,0.74,0.01,0.0,,,,,,[0. 0.],[0. 0.],[6.48 3.12],[1.5 1.5]
2.25,1.25,5,0.5,4.16,4.79,0.0,0.01,4.85425,-2.4539999999999997,-4.79225,-155.623637816784,0.23799999999999955,[0. 0.],[0. 0.],[1.63 2.87],[1.5 1.5]
2.25,1.5,0,0.0,3.69,0.4,0.0,0.0,,,,,,[0. 0.],[0. 0.],[3.76 1.77],[1.5 1.5]
2.25,1.5,1,0.0,4.57,7.37,0.0,0.01,,,,,,[0. 0.],[0. 0.],[3.15 5.42],[1.5 1.5]
2.25,1.5,2,0.4117647111415863,4.37,9.3,0.04,0.0,5.037714285714286,-3.061857142857143,-9.302000000000001,-170.22348245176957,0.20085714285714726,[0. 0.],[0. 0.],[3.55 3.9 ],[1.5 1.5]
2.25,1.5,3,0.5263158082962036,4.48,5.08,0.0,0.0,4.9939,-3.0344,-5.081200000000001,-163.93957173461425,0.2259999999999997,[0. 0.],[0. 0.],[5.71 5.08],[1.5 1.5]
2.25,1.5,4,,4.45,6.15,0.0,0.03,,,,,,[0. 0.],[0. 0.],[5.93 5.24],[1.5 1.5]
2.25,1.5,5,,4.51,7.52,0.02,0.09,,,,,,[0. 0.],[0. 0.],[5.57 4.4 ],[1.5 1.5]
2.25,1.75,0,0.5,4.34,8.63,0.0,0.61,4.980099999999999,-3.529000000000001,-8.6612,-153.51683433639232,0.19519999999999946,[0. 0.],[0. 0.],[2.03 6.21],[1.5 1.5]
2.25,1.75,1,0.6499999761581421,4.82,6.46,0.04,0.0,5.117076923076923,-3.6278461538461544,-6.455,-138.1899263044209,0.2075384615384625,[0. 0.],[0. 0.],[2.05 6.55],[1.5 1.5]
2.25,1.75,2,,5.01,7.35,0.0,0.0,,,,,,[0. 0.],[0. 0.],[2.5  6.85],[1.5 1.5]
2.25,1.75,3,0.6499999761581421,4.83,5.5,0.0,0.03,5.126307692307692,-3.634230769230769,-5.501538461538461,-153.64611320448392,0.20723076923077072,[0. 0.],[0. 0.],[4.31 5.61],[1.5 1.5]
2.25,1.75,4,0.6428571343421936,4.82,5.1,0.0,1.26,5.061555555555556,-3.588222222222222,-5.637777777777777,-159.2929701708481,0.22666666666666974,[0. 0.],[0. 0.],[2.65 2.79],[1.5 1.5]
2.25,1.75,5,0.6363636255264282,4.53,7.98,0.0,0.0,5.175785714285714,-3.6694999999999998,-7.983999999999997,-162.16359306924554,0.1872857142857082,[0. 0.],[0. 0.],[4.01 5.57],[1.5 1.5]
2.25,2.0,0,,3.59,6.58,0.0,0.0,,,,,,[0. 0.],[0. 0.],[1.68 4.91],[1.5 1.5]
2.25,2.0,1,0.5,4.56,4.79,0.01,0.03,4.9933000000000005,-4.046,-4.8167,-157.2552961770436,0.22460000000000271,[0. 0.],[0. 0.],[3.96 1.22],[1.5 1.5]
2.25,2.0,2,0.0,5.49,0.26,0.01,0.0,,,,,,[0. 0.],[0. 0.],[1.61 3.65],[1.5 1.5]
2.25,2.0,3,,3.67,5.48,0.0,0.0,,,,,,[0. 0.],[0. 0.],[1.23 2.1 ],[1.5 1.5]
2.25,2.0,4,,2.81,11.77,0.0,0.16,,,,,,[0. 0.],[0. 0.],[1.54 6.34],[1.5 1.5]
2.25,2.0,5,0.6190476417541504,4.74,5.25,0.03,0.54,5.015769230769231,-4.066076923076924,-5.118153846153847,-158.86572410325093,0.22784615384615506,[0. 0.],[0. 0.],[4.35 4.46],[1.5 1.5]
2.25,2.25,0,0.8421052694320679,4.8,9.08,0.01,0.0,5.1107499999999995,-4.6598749999999995,-9.085875,-143.75151076634575,0.19749999999999446,[0. 0.],[0. 0.],[6.2  4.88],[1.5 1.5]
2.25,2.25,1,0.6818181872367859,4.68,5.64,0.04,0.01,5.068600000000001,-4.620266666666667,-5.646466666666666,-144.49146233699165,0.215200000000001,[0. 0.],[0. 0.],[4.71 3.21],[1.5 1.5]
2.25,2.25,2,,4.55,5.02,0.0,0.0,,,,,,[0. 0.],[0. 0.],[5.71 5.07],[1.5 1.5]
2.25,2.25,3,,4.78,5.14,0.0,0.01,,,,,,[0. 0.],[0. 0.],[2.74 2.89],[1.5 1.5]
2.25,2.25,4,0.6111111044883728,4.89,7.13,0.05,0.0,5.292727272727273,-4.824909090909092,-7.126181818181819,-155.5050850556018,0.1876363636363604,[0. 0.],[0. 0.],[2.58 6.82],[1.5 1.5]
2.25,2.25,5,0.0,5.12,0.27,0.1,0.0,,,,,,[0. 0.],[0. 0.],[1.96 1.23],[1.5 1.5]
2.25,2.5,0,0.8823529481887817,4.35,3.69,0.0,0.03,4.949533333333333,-5.0132666666666665,-3.6866,-160.61395574669137,0.26013333333333055,[0. 0.],[0. 0.],[3.04 2.83],[1.5 1.5]
2.25,2.5,1,0.7368420958518982,4.65,4.66,0.2,0.16,4.9505,-5.0167142857142855,-4.729571428571428,-110.31562226093381,0.23071428571429006,[0. 0.],[0. 0.],[2.54 2.26],[1.5 1.5]
2.25,2.5,3,0.0,3.13,0.28,0.0,0.01,,,,,,[0. 0.],[0. 0.],[2.88 2.16],[1.5 1.5]
2.25,2.5,4,0.6428571343421936,4.2,4.38,0.0,0.0,4.867777777777778,-4.929888888888889,-4.384,-166.1684480647914,0.2444444444444479,[0. 0.],[0. 0.],[1.39 5.26],[1.5 1.5]
2.25,2.5,5,0.7272727489471436,4.41,3.29,0.0,0.0,4.94625,-5.005875,-3.2915,-154.4506352119178,0.2657499999999935,[0. 0.],[0. 0.],[2.41 1.43],[1.5 1.5]
2.25,2.75,0,0.5789473652839661,4.66,6.22,0.02,0.09,5.082181818181818,-5.664545454545455,-6.210363636363637,-98.9925601986295,0.2127272727272728,[0. 0.],[0. 0.],[5.35 5.33],[1.5 1.5]
2.25,2.75,1,0.5,4.77,7.85,0.02,0.02,5.095727272727273,-5.678363636363636,-7.831,-99.64727583443172,0.18636363636363804,[0. 0.],[0. 0.],[5.73 6.45],[1.5 1.5]
2.25,2.75,2,0.0,8.08,0.71,0.02,0.0,,,,,,[0. 0.],[0. 0.],[6.09 3.74],[1.5 1.5]
2.25,2.75,3,0.0,2.15,5.15,0.0,0.01,,,,,,[0. 0.],[0. 0.],[1.   3.89],[1.5 1.5]
2.25,2.75,4,0.0,4.89,0.26,0.0,0.02,,,,,,[0. 0.],[0. 0.],[2.89 1.26],[1.5 1.5]
2.25,2.75,5,0.7222222089767456,4.64,6.13,0.0,0.01,5.078000000000001,-5.660538461538461,-6.1173846153846165,-86.33418017531838,0.2106153846153813,[0. 0.],[0. 0.],[5.75 4.67],[1.5 1.5]
2.5,0.0,0,0.20000000298023224,4.27,5.32,0.01,0.36,4.689,0.00175,-5.189,-164.39735839622915,0.2370000000000232,[0. 0.],[0. 0.],[3.55 1.95],[1.5 1.5]
2.5,0.0,1,0.0476190485060215,4.41,2.93,0.0,0.0,5.02,0.0,-2.935,-134.7745994733316,0.27199999999999136,[0. 0.],[0. 0.],[5.53 3.99],[1.5 1.5]
2.5,0.0,2,0.2857142984867096,4.47,4.0,0.05,0.01,4.8549999999999995,0.0013333333333333333,-3.9946666666666673,-151.44239176467275,0.2533333333333374,[0. 0.],[0. 0.],[1.23 4.79],[1.5 1.5]
2.5,0.0,3,0.0,1.45,2.18,1.5,1.5,,,,,,[0. 0.],[0. 0.],[1.45 2.18],[1.5 1.5]
2.5,0.0,4,0.0,6.67,1.59,0.0,0.01,,,,,,[0. 0.],[0. 0.],[2.96 1.71],[1.5 1.5]
2.5,0.0,5,0.25,4.75,7.78,0.0,0.02,5.152666666666666,0.0018333333333333335,-7.778,-168.80791487459763,0.19033333333332317,[0. 0.],[0. 0.],[6.71 6.28],[1.5 1.5]
2.5,0.25,0,0.15789473056793213,4.57,4.16,0.0,0.0,4.984666666666667,-0.4566666666666666,-4.163,-156.2228689093497,0.2526666666666764,[0. 0.],[0. 0.],[2.93 3.78],[1.5 1.5]
2.5,0.25,1,0.52173912525177,4.47,6.71,0.0,0.02,4.858333333333333,-0.44475,-6.6933333333333325,-139.55356928704347,0.21033333333333815,[0. 0.],[0. 0.],[3.36 6.17],[1.5 1.5]
2.5,0.25,2,0.2666666805744171,4.32,7.18,0.04,0.0,4.78325,-0.43675,-7.1815,-87.4636267463905,0.21450000000000813,[0. 0.],[0. 0.],[3.31 5.79],[1.5 1.5]
2.5,0.25,3,0.4285714328289032,4.27,3.93,0.0,0.07,4.698444444444444,-0.43,-3.9482222222222223,-161.38692648283484,0.25666666666667165,[0. 0.],[0. 0.],[1.12 2.86],[1.5 1.5]
2.5,0.25,4,0.1666666716337204,5.0,6.34,0.01,0.0,5.1306666666666665,-0.4706666666666666,-6.340000000000001,-122.36252412344493,0.17666666666665756,[0. 0.],[0. 0.],[3.05 6.62],[1.5 1.5]
2.5,0.25,5,,4.94,5.89,0.0,0.06,,,,,,[0. 0.],[0. 0.],[6.61 2.97],[1.5 1.5]
2.5,0.5,0,0.0,2.69,0.36,0.01,0.0,,,,,,[0. 0.],[0. 0.],[2.12 2.13],[1.5 1.5]
2.5,0.5,1,0.0,6.2,1.6,0.0,0.0,,,,,,[0. 0.],[0. 0.],[5.16 2.46],[1.5 1.5]
2.5,0.5,2,0.25,4.16,3.11,0.0,0.0,4.848,-0.8879999999999999,-3.112,-136.7519721963012,0.26499999999998636,[0. 0.],[0. 0.],[2.97 2.52],[1.5 1.5]
2.5,0.5,3,0.7727272510528564,4.4,4.65,0.0,0.01,4.787647058823529,-0.8785882352941177,-4.650941176470588,-143.73153698583562,0.24694117647058866,[0. 0.],[0. 0.],[2.12 6.95],[1.5 1.5]
2.5,0.5,4,0.4736842215061188,4.36,3.68,0.02,0.02,4.725777777777777,-0.8663333333333333,-3.660555555555556,-126.13667194535242,0.2833333333333318,[0. 0.],[0. 0.],[3.99 4.04],[1.5 1.5]
2.5,0.5,5,0.5,4.55,5.77,0.02,0.05,4.935,-0.9063636363636364,-5.755181818181819,-138.73268674888695,0.2274545454545468,[0. 0.],[0. 0.],[3.28 2.31],[1.5 1.5]
2.5,0.75,0,0.6000000238418579,4.83,5.61,0.09,0.02,5.150833333333334,-1.4196666666666669,-5.597583333333333,-145.29600863245633,0.20966666666666245,[0. 0.],[0. 0.],[2.59 6.75],[1.5 1.5]
2.5,0.75,1,0.5,4.37,8.99,0.0,0.04,4.893,-1.3466666666666665,-8.996555555555556,-159.79823153342113,0.19600000000000584,[0. 0.],[0. 0.],[4.04 2.28],[1.5 1.5]
2.5,0.75,2,0.6666666865348816,4.42,5.9,0.0,0.02,4.978875,-1.372,-5.92,-164.00617258284737,0.2179999999999751,[0. 0.],[0. 0.],[3.42 6.28],[1.5 1.5]
2.5,0.75,3,0.699999988079071,4.65,8.38,0.0,0.01,5.213,-1.438,-8.373,-117.49866851176942,0.19485714285714348,[0. 0.],[0. 0.],[3.79 2.84],[1.5 1.5]
2.5,0.75,4,,4.73,6.77,0.01,0.0,,,,,,[0. 0.],[0. 0.],[1.88 6.72],[1.5 1.5]
2.5,0.75,5,0.5555555820465088,4.51,3.92,0.11,0.01,4.9099,-1.3527,-3.9167,-152.74837834845658,0.24279999999999974,[0. 0.],[0. 0.],[5.37 4.02],[1.5 1.5]
2.5,1.0,0,0.6666666865348816,4.32,4.82,0.01,0.0,4.697357142857143,-1.7269285714285716,-4.820928571428572,-163.97597217134586,0.24371428571428408,[0. 0.],[0. 0.],[4.48 3.89],[1.5 1.5]
2.5,1.0,1,0.0,6.7,1.15,0.01,0.0,,,,,,[0. 0.],[0. 0.],[6.99 1.01],[1.5 1.5]
2.5,1.0,2,0.0,7.68,0.92,0.0,0.0,,,,,,[0. 0.],[0. 0.],[5.27 2.19],[1.5 1.5]
2.5,1.0,3,0.6000000238418579,4.6,11.53,0.07,0.26,5.216833333333333,-1.9136666666666666,-11.524666666666667,-153.538802317257,0.185333333333331,[0. 0.],[0. 0.],[5.79 2.66],[1.5 1.5]
2.5,1.0,4,,4.68,6.48,0.02,0.0,,,,,,[0. 0.],[0. 0.],[2.57 5.43],[1.5 1.5]
2.5,1.0,5,0.5263158082962036,4.56,5.32,0.05,0.0,5.1676,-1.9003,-5.3194,-154.77425326325317,0.21180000000001656,[0. 0.],[0. 0.],[3.69 2.09],[1.5 1.5]
2.5,1.25,0,0.4444444477558136,4.58,6.01,0.11,0.0,5.23975,-2.40725,-6.015499999999999,-155.89374650046238,0.21000000000000085,[0. 0.],[0. 0.],[5.96 4.08],[1.5 1.5]
2.5,1.25,1,0.75,4.8,3.35,0.01,0.02,4.9750000000000005,-2.2881666666666667,-3.3693333333333335,-153.5771938043245,0.2459999999999951,[0. 0.],[0. 0.],[5.53 1.71],[1.5 1.5]
2.5,1.25,2,,4.68,0.91,0.01,0.0,,,,,,[0. 0.],[0. 0.],[2.98 1.18],[1.5 1.5]
2.5,1.25,4,0.761904776096344,4.67,9.29,0.0,0.1,5.211562499999999,-2.3951875000000005,-9.2704375,-157.98391053616328,0.18774999999999675,[0. 0.],[0. 0.],[2.04 5.24],[1.5 1.5]
2.5,1.25,5,0.6000000238418579,5.07,8.78,0.02,0.0,5.237916666666667,-2.4080000000000004,-8.778999999999998,-153.71936954322146,0.18850000000000477,[0. 0.],[0. 0.],[6.05 3.29],[1.5 1.5]
2.5,1.5,0,,3.35,8.07,0.0,0.0,,,,,,[0. 0.],[0. 0.],[2.37 5.51],[1.5 1.5]
2.5,1.5,1,0.5714285969734192,4.46,4.61,0.0,0.0,4.907749999999999,-2.7065,-4.611416666666667,-160.9812667353337,0.23199999999999696,[0. 0.],[0. 0.],[4.12 4.7 ],[1.5 1.5]
2.5,1.5,2,0.5,4.43,7.29,0.03,0.0,4.980090909090909,-2.7467272727272727,-7.291818181818183,-171.04620622939007,0.20436363636362775,[0. 0.],[0. 0.],[6.27 4.33],[1.5 1.5]
2.5,1.5,3,0.6666666865348816,4.83,10.26,0.0,0.12,5.3598125,-2.955875,-10.267499999999998,-162.82359018922492,0.1890000000000045,[0. 0.],[0. 0.],[3.26 6.15],[1.5 1.5]
2.5,1.5,5,0.6111111044883728,4.36,5.71,0.04,0.09,4.923,-2.717272727272727,-5.6765454545454554,-169.70101620233524,0.21672727272727277,[0. 0.],[0. 0.],[4.21 6.15],[1.5 1.5]
2.5,1.75,0,0.5833333134651184,4.78,7.38,0.01,0.03,5.108499999999999,-3.288642857142857,-7.387785714285713,-112.83724095142125,0.1957142857142889,[0. 0.],[0. 0.],[4.35 6.55],[1.5 1.5]
2.5,1.75,1,0.5909090638160706,4.63,5.43,0.01,0.01,5.099846153846154,-3.280692307692308,-5.4244615384615384,-130.46391250395797,0.21738461538461604,[0. 0.],[0. 0.],[1.13 4.59],[1.5 1.5]
2.5,1.75,2,0.6666666865348816,4.25,3.37,0.0,0.0,4.7805,-3.077,-3.373,-152.75187110886594,0.2562499999999961,[0. 0.],[0. 0.],[3.57 2.48],[1.5 1.5]
2.5,1.75,3,0.6666666865348816,4.72,7.87,0.06,0.05,5.270357142857143,-3.3918571428571425,-7.8731428571428586,-163.87514489416282,0.19214285714285723,[0. 0.],[0. 0.],[3.73 6.57],[1.5 1.5]
2.5,1.75,4,0.550000011920929,4.52,6.42,0.21,0.0,5.094181818181818,-3.2785454545454553,-6.415818181818182,-150.8583388676583,0.19999999999999896,[0. 0.],[0. 0.],[4.06 5.98],[1.5 1.5]
2.5,1.75,5,,3.52,2.72,0.01,0.0,,,,,,[0. 0.],[0. 0.],[3.13 1.78],[1.5 1.5]
2.5,2.0,0,0.6818181872367859,4.71,10.76,0.0,0.01,5.181333333333336,-3.8114,-10.761866666666668,-119.31185542663829,0.19440000000000404,[0. 0.],[0. 0.],[1.21 5.09],[1.5 1.5]
2.5,2.0,2,,4.44,4.83,0.0,0.01,,,,,,[0. 0.],[0. 0.],[4.5  5.12],[1.5 1.5]
2.5,2.0,3,,3.34,2.5,0.0,0.01,,,,,,[0. 0.],[0. 0.],[1.33 1.04],[1.5 1.5]
2.5,2.0,4,0.625,4.4,2.33,0.02,0.0,4.915799999999999,-3.6123999999999996,-2.3258,-160.72865075038308,0.2936000000000035,[0. 0.],[0. 0.],[6.02 2.77],[1.5 1.5]
2.5,2.0,5,0.6521739363670349,4.52,5.54,0.01,0.06,5.0401333333333325,-3.707,-5.523133333333334,-160.08793935757905,0.21186666666667028,[0. 0.],[0. 0.],[2.25 6.28],[1.5 1.5]
2.5,2.25,0,,4.28,5.47,0.0,0.0,,,,,,[0. 0.],[0. 0.],[4.69 4.76],[1.5 1.5]
2.5,2.25,1,0.0,8.32,0.42,0.0,0.0,,,,,,[0. 0.],[0. 0.],[5.91 1.95],[1.5 1.5]
2.5,2.25,2,0.5333333611488342,4.6,3.23,0.01,0.0,4.8629999999999995,-4.023875,-3.227,-157.13123745754672,0.2587500000000018,[0. 0.],[0. 0.],[6.28 4.99],[1.5 1.5]
2.5,2.25,3,,6.96,7.57,0.0,0.01,,,,,,[0. 0.],[0. 0.],[4.38 6.6 ],[1.5 1.5]
2.5,2.25,5,,3.52,14.94,0.01,0.16,,,,,,[0. 0.],[0. 0.],[1.67 6.37],[1.5 1.5]
2.5,2.5,0,0.4444444477558136,4.52,8.49,0.0,0.09,5.156499999999999,-4.742875,-8.494875,-119.46141548322719,0.18900000000000006,[0. 0.],[0. 0.],[1.1  6.36],[1.5 1.5]
2.5,2.5,1,0.75,4.76,6.08,0.02,0.01,5.150399999999999,-4.738533333333333,-6.089333333333333,-127.71877409875161,0.20400000000000393,[0. 0.],[0. 0.],[4.07 6.47],[1.5 1.5]
2.5,2.5,2,0.5714285969734192,4.54,5.12,0.0,0.0,5.089333333333333,-4.680583333333334,-5.116083333333333,-141.24643520484685,0.22933333333333103,[0. 0.],[0. 0.],[4.41 5.77],[1.5 1.5]
2.5,2.5,3,0.0,4.62,7.35,0.0,0.0,,,,,,[0. 0.],[0. 0.],[5.56 6.42],[1.5 1.5]
2.5,2.5,4,0.523809552192688,4.57,8.42,0.0,0.08,4.996636363636363,-4.59490909090909,-8.436727272727273,-141.7678123522371,0.20218181818181916,[0. 0.],[0. 0.],[5.49 4.13],[1.5 1.5]
2.5,2.5,5,0.529411792755127,4.74,6.97,0.0,0.0,5.317444444444444,-4.8918888888888885,-6.974,-154.83135871561046,0.1875555555555558,[0. 0.],[0. 0.],[2.3  4.87],[1.5 1.5]
2.5,2.75,0,0.6842105388641357,4.61,6.23,0.01,0.15,5.07176923076923,-5.131,-6.19023076923077,-107.63742910006884,0.20230769230769183,[0. 0.],[0. 0.],[2.22 3.5 ],[1.5 1.5]
2.5,2.75,1,,3.41,8.01,0.01,0.01,,,,,,[0. 0.],[0. 0.],[1.97 6.6 ],[1.5 1.5]
2.5,2.75,2,0.380952388048172,4.35,3.86,0.0,0.07,4.7545,-4.809625,-3.86975,-162.7775298464402,0.2505000000000015,[0. 0.],[0. 0.],[3.48 5.69],[1.5 1.5]
2.5,2.75,3,0.0,6.5,0.5,0.01,0.0,,,,,,[0. 0.],[0. 0.],[6.62 3.24],[1.5 1.5]
2.5,2.75,4,0.0,6.83,0.76,0.0,0.0,,,,,,[0. 0.],[0. 0.],[6.76 1.94],[1.5 1.5]
2.5,2.75,5,0.0,4.81,0.3,0.02,0.0,,,,,,[0. 0.],[0. 0.],[1.53 2.37],[1.5 1.5]
2.75,0.0,0,0.4285714328289032,4.45,4.83,0.0,0.02,4.772111111111111,0.001888888888888889,-4.828888888888889,-127.15571651292069,0.23888888888888637,[0. 0.],[0. 0.],[1.82 3.78],[1.5 1.5]
2.75,0.0,1,0.27272728085517883,4.45,7.19,0.01,0.26,4.903833333333334,0.0023333333333333335,-7.2085,-164.07829879125256,0.20733333333333714,[0. 0.],[0. 0.],[4.24 2.69],[1.5 1.5]
2.75,0.0,2,0.0,6.99,1.36,0.16,0.0,,,,,,[0. 0.],[0. 0.],[6.45 2.47],[1.5 1.5]
2.75,0.0,3,,3.4,2.59,0.0,0.01,,,,,,[0. 0.],[0. 0.],[5.74 1.86],[1.5 1.5]
2.75,0.0,4,0.190476194024086,4.51,4.61,0.02,0.0,4.815,0.0022500000000000003,-4.61125,-142.69770207522402,0.24049999999999905,[0. 0.],[0. 0.],[1.06 4.82],[1.5 1.5]
2.75,0.0,5,0.09090909361839294,4.57,4.98,0.0,0.09,4.849,0.002,-4.9945,-180.95277405992914,0.2230000000000043,[0. 0.],[0. 0.],[4.31 4.31],[1.5 1.5]
2.75,0.25,0,0.40909090638160706,4.82,14.02,0.0,0.12,5.108777777777778,-0.42900000000000005,-14.103666666666667,-168.06695395953318,0.20022222222222139,[0. 0.],[0. 0.],[3.96 2.38],[1.5 1.5]
2.75,0.25,1,0.0,7.98,0.96,0.15,0.01,,,,,,[0. 0.],[0. 0.],[6.26 3.52],[1.5 1.5]
2.75,0.25,2,0.2631579041481018,4.35,4.86,0.0,0.0,4.8036,-0.40259999999999996,-4.859800000000001,-151.69533599192988,0.24199999999999094,[0. 0.],[0. 0.],[5.18 4.31],[1.5 1.5]
2.75,0.25,3,0.3529411852359772,4.3,7.39,0.02,0.0,4.846333333333334,-0.40650000000000003,-7.388833333333333,-116.4153679301596,0.21233333333333468,[0. 0.],[0. 0.],[2.68 4.02],[1.5 1.5]
2.75,0.25,4,0.30000001192092896,5.03,8.34,0.01,0.18,5.228833333333333,-0.438,-8.3835,-158.46910027619506,0.19133333333333624,[0. 0.],[0. 0.],[4.09 3.73],[1.5 1.5]
2.75,0.25,5,0.2083333283662796,4.61,10.56,0.0,0.01,5.0084,-0.42000000000000004,-10.5504,-162.77942392109148,0.20240000000000008,[0. 0.],[0. 0.],[3.27 6.89],[1.5 1.5]
2.75,0.5,0,0.0,7.34,0.94,0.17,0.02,,,,,,[0. 0.],[0. 0.],[5.04 1.12],[1.5 1.5]
2.75,0.5,1,0.6000000238418579,4.25,3.72,0.0,0.0,4.731083333333333,-0.7946666666666667,-3.7170833333333335,-155.29787059691512,0.2633333333333259,[0. 0.],[0. 0.],[6.85 2.4 ],[1.5 1.5]
2.75,0.5,2,0.3125,5.04,6.86,0.0,0.22,5.2958,-0.8904,-6.8362,-162.5178628350353,0.2004000000000019,[0. 0.],[0. 0.],[3.92 1.57],[1.5 1.5]
2.75,0.5,3,,4.89,7.82,0.0,0.0,,,,,,[0. 0.],[0. 0.],[6.02 6.91],[1.5 1.5]
2.75,0.5,4,0.3913043439388275,4.49,6.09,0.02,0.13,4.988,-0.8378888888888888,-6.047111111111111,-117.23985218917612,0.21600000000000077,[0. 0.],[0. 0.],[1.89 5.43],[1.5 1.5]
2.75,0.5,5,0.0,4.99,0.52,0.04,0.0,,,,,,[0. 0.],[0. 0.],[2.66 2.41],[1.5 1.5]
2.75,0.75,0,0.5263158082962036,4.84,5.28,0.0,0.11,5.026999999999999,-1.2676,-5.331100000000001,-160.02268424628477,0.21800000000000175,[0. 0.],[0. 0.],[1.88 3.54],[1.5 1.5]
2.75,0.75,1,,5.84,8.8,0.02,0.03,,,,,,[0. 0.],[0. 0.],[6.41 5.94],[1.5 1.5]
2.75,0.75,2,0.6842105388641357,4.53,4.41,0.0,0.07,4.927615384615384,-1.2427692307692308,-4.457769230769231,-151.0857452915642,0.23415384615384552,[0. 0.],[0. 0.],[5.57 3.41],[1.5 1.5]
2.75,0.75,3,0.5263158082962036,4.56,4.0,0.0,0.02,4.787000000000001,-1.2079999999999997,-3.9905,-164.31313255567392,0.25079999999999814,[0. 0.],[0. 0.],[2.79 3.87],[1.5 1.5]
2.75,0.75,4,0.6190476417541504,4.51,5.79,0.01,0.0,4.962307692307693,-1.2506923076923078,-5.7869230769230775,-162.7069281391981,0.21830769230769148,[0. 0.],[0. 0.],[3.71 5.08],[1.5 1.5]
2.75,0.75,5,0.5,4.6,3.79,0.0,0.0,4.812374999999999,-1.214375,-3.79,-152.3399560922169,0.25299999999999967,[0. 0.],[0. 0.],[6.13 3.76],[1.5 1.5]
2.75,1.0,0,0.550000011920929,4.57,9.26,0.01,0.0,5.091,-1.714090909090909,-9.258181818181818,-159.9169506203548,0.1996363636363654,[0. 0.],[0. 0.],[3.73 6.59],[1.5 1.5]
2.75,1.0,1,0.375,4.02,3.14,0.0,0.0,4.581166666666666,-1.5416666666666667,-3.143166666666667,-157.60231194999585,0.28699999999999665,[0. 0.],[0. 0.],[3.95 2.56],[1.5 1.5]
2.75,1.0,2,0.4444444477558136,4.32,1.93,0.0,0.0,4.67,-1.5695,-1.9257499999999999,-148.9657195418556,0.3190000000000017,[0. 0.],[0. 0.],[1.67 1.44],[1.5 1.5]
2.75,1.0,3,0.550000011920929,4.48,4.39,0.0,0.01,5.008545454545454,-1.6865454545454541,-4.387,-154.75049439809774,0.22781818181818056,[0. 0.],[0. 0.],[3.65 2.62],[1.5 1.5]
2.75,1.0,4,0.0,4.48,0.34,0.01,0.0,,,,,,[0. 0.],[0. 0.],[4.14 1.25],[1.5 1.5]
2.75,1.0,5,0.7727272510528564,4.69,6.34,0.0,0.0,5.06335294117647,-1.7037647058823528,-6.340176470588235,-155.7008180321823,0.2124705882352938,[0. 0.],[0. 0.],[1.99 3.74],[1.5 1.5]
2.75,1.25,0,0.523809552192688,4.43,6.07,0.0,0.03,4.970363636363636,-2.0914545454545457,-6.077999999999999,-132.53165659307746,0.2114545454545681,[0. 0.],[0. 0.],[2.1  4.16],[1.5 1.5]
2.75,1.25,1,0.42105263471603394,4.35,5.47,0.03,0.31,4.842,-2.0361249999999997,-5.471375,-165.46290778714484,0.2334999999999976,[0. 0.],[0. 0.],[2.94 2.22],[1.5 1.5]
2.75,1.25,2,0.75,4.53,4.01,0.01,0.0,4.884600000000001,-2.055333333333333,-4.015066666666667,-146.79738141603497,0.2478666666666565,[0. 0.],[0. 0.],[1.96 2.16],[1.5 1.5]
2.75,1.25,3,0.5333333611488342,4.41,2.73,0.0,0.01,4.609125000000001,-1.9385,-2.7261249999999997,-152.35136441474882,0.29374999999998863,[0. 0.],[0. 0.],[3.04 2.11],[1.5 1.5]
2.75,1.25,4,0.5263158082962036,4.58,8.6,0.23,0.9,5.1168,-2.1506,-8.3873,-167.87487186018996,0.19380000000000433,[0. 0.],[0. 0.],[3.73 5.32],[1.5 1.5]
2.75,1.25,5,0.0,7.08,1.12,0.01,0.05,,,,,,[0. 0.],[0. 0.],[6.26 3.62],[1.5 1.5]
2.75,1.5,0,,4.27,6.29,0.0,0.0,,,,,,[0. 0.],[0. 0.],[3.12 5.56],[1.5 1.5]
2.75,1.5,1,0.6499999761581421,5.0,8.68,0.0,0.01,5.349846153846154,-2.6999999999999997,-8.67446153846154,-149.76323359994075,0.18507692307692272,[0. 0.],[0. 0.],[5.31 2.71],[1.5 1.5]
2.75,1.5,2,0.0,0.45,5.57,0.0,0.09,,,,,,[0. 0.],[0. 0.],[1.75 6.96],[1.5 1.5]
2.75,1.5,3,0.761904776096344,4.67,5.16,0.0,0.0,5.0034374999999995,-2.52475,-5.156874999999999,-142.94349904002348,0.23075000000000223,[0. 0.],[0. 0.],[2.22 5.63],[1.5 1.5]
2.75,1.5,4,0.5909090638160706,4.57,12.02,0.09,0.33,5.185076923076924,-2.6183076923076922,-11.832384615384614,-135.93448588067736,0.19507692307692318,[0. 0.],[0. 0.],[1.61 5.57],[1.5 1.5]
2.75,1.5,5,0.6315789222717285,4.51,3.96,0.05,0.0,4.962833333333333,-2.5073333333333334,-3.9565000000000015,-151.93268294622263,0.2413333333333334,[0. 0.],[0. 0.],[2.2  2.97],[1.5 1.5]
2.75,1.75,0,0.0,4.28,5.18,0.0,0.0,,,,,,[0. 0.],[0. 0.],[5.36 5.2 ],[1.5 1.5]
2.75,1.75,1,0.75,4.71,8.14,0.0,0.3,5.188444444444444,-3.0563333333333333,-8.194944444444445,-164.30044615409255,0.1945555555555556,[0. 0.],[0. 0.],[5.53 3.21],[1.5 1.5]
2.75,1.75,2,0.7368420958518982,4.52,4.22,0.0,0.05,4.9092142857142855,-2.893642857142857,-4.240428571428572,-112.8655050629045,0.2421428571428559,[0. 0.],[0. 0.],[1.1  6.23],[1.5 1.5]
2.75,1.75,3,0.3529411852359772,4.16,4.95,0.0,0.0,4.760166666666667,-2.8038333333333334,-4.940833333333333,-49.334807442804525,0.2500000000000095,[0. 0.],[0. 0.],[3.56 2.  ],[1.5 1.5]
2.75,1.75,4,0.7142857313156128,4.37,4.77,0.01,0.13,4.884666666666667,-2.8762666666666665,-4.764733333333334,-144.4230657871536,0.23426666666666712,[0. 0.],[0. 0.],[1.29 4.54],[1.5 1.5]
2.75,1.75,5,,3.45,3.95,0.0,0.01,,,,,,[0. 0.],[0. 0.],[5.88 2.38],[1.5 1.5]
2.75,2.0,0,0.75,4.7,5.08,0.07,0.0,4.990733333333334,-3.3604,-5.078999999999999,-156.53563879002374,0.2261333333333334,[0. 0.],[0. 0.],[3.2 4.8],[1.5 1.5]
2.75,2.0,1,0.5263158082962036,4.44,3.07,0.0,0.01,4.7576,-3.2039999999999997,-3.0718,-154.6431173742778,0.2708000000000007,[0. 0.],[0. 0.],[6.08 6.19],[1.5 1.5]
2.75,2.0,3,0.4761904776096344,4.27,3.37,0.0,0.01,4.7311000000000005,-3.1864999999999997,-3.3762,-157.9847203900783,0.2672000000000082,[0. 0.],[0. 0.],[5.61 2.86],[1.5 1.5]
2.75,2.0,4,0.0,10.32,0.63,0.03,0.0,,,,,,[0. 0.],[0. 0.],[1.4  1.01],[1.5 1.5]
2.75,2.0,5,0.5789473652839661,4.61,8.03,0.0,0.01,5.0462727272727275,-3.399272727272727,-8.02818181818182,-113.31042711994938,0.20218181818181788,[0. 0.],[0. 0.],[2.89 5.92],[1.5 1.5]
2.75,2.25,0,0.5454545617103577,5.12,7.56,0.0,0.01,5.3500000000000005,-4.048000000000001,-7.558,-148.42382856188684,0.18766666666666984,[0. 0.],[0. 0.],[6.54 5.3 ],[1.5 1.5]
2.75,2.25,1,0.0,3.7,0.31,0.0,0.0,,,,,,[0. 0.],[0. 0.],[1.7 1.6],[1.5 1.5]
2.75,2.25,2,0.42105263471603394,4.31,4.66,0.0,0.02,4.89525,-3.710125,-4.658125,-154.71781638843177,0.23325000000000295,[0. 0.],[0. 0.],[6.5  4.88],[1.5 1.5]
2.75,2.25,3,0.550000011920929,4.38,4.69,0.0,0.01,4.912909090909091,-3.7221818181818183,-4.6902727272727285,-131.0180087420332,0.23472727272727087,[0. 0.],[0. 0.],[3.74 2.27],[1.5 1.5]
2.75,2.25,4,0.3684210479259491,4.41,6.15,0.02,0.51,4.9874285714285715,-3.7771428571428567,-6.0688571428571425,-160.40107907580062,0.20828571428571405,[0. 0.],[0. 0.],[4.13 1.12],[1.5 1.5]
2.75,2.25,5,0.739130437374115,4.5,5.27,0.0,0.02,4.919529411764707,-3.7276470588235298,-5.262588235294118,-132.2338141626631,0.23270588235293801,[0. 0.],[0. 0.],[3.5  2.42],[1.5 1.5]
2.75,2.5,0,0.0,2.11,4.73,0.01,0.01,,,,,,[0. 0.],[0. 0.],[4.52 5.04],[1.5 1.5]
2.75,2.5,1,0.3499999940395355,4.2,2.97,0.01,0.0,4.590142857142857,-3.8672857142857144,-2.9737142857142858,-163.39277050379854,0.28885714285714975,[0. 0.],[0. 0.],[4.9  2.84],[1.5 1.5]
2.75,2.5,2,0.3333333432674408,3.81,2.7,0.0,0.01,4.379,-3.694,-2.701,-186.34185697267176,0.32799999999997453,[0. 0.],[0. 0.],[1.84 3.12],[1.5 1.5]
2.75,2.5,3,0.6315789222717285,4.43,3.98,0.03,0.01,4.842833333333334,-4.077,-3.983833333333333,-128.1817003041537,0.23949999999999982,[0. 0.],[0. 0.],[2.64 4.29],[1.5 1.5]
2.75,2.5,4,0.5,4.09,3.93,0.0,0.01,4.633571428571429,-3.904,-3.9321428571428574,-114.3894454104895,0.2577142857142799,[0. 0.],[0. 0.],[6.37 6.64],[1.5 1.5]
2.75,2.5,5,0.8095238208770752,4.44,5.26,0.01,0.05,4.90864705882353,-4.136294117647059,-5.277294117647059,-87.96345370706506,0.22976470588235168,[0. 0.],[0. 0.],[4.38 6.13],[1.5 1.5]
2.75,2.75,0,0.6315789222717285,4.49,4.83,0.0,0.01,4.973666666666667,-4.606166666666666,-4.829083333333334,-78.17729019330949,0.22600000000000028,[0. 0.],[0. 0.],[6.02 4.54],[1.5 1.5]
2.75,2.75,1,0.5454545617103577,4.75,7.38,0.01,0.19,5.10175,-4.727250000000001,-7.34875,-114.08795420339459,0.20683333333333356,[0. 0.],[0. 0.],[5.06 6.13],[1.5 1.5]
2.75,2.75,2,0.5714285969734192,4.66,5.49,0.0,0.02,5.04275,-4.6735,-5.498,-171.56579143794494,0.21450000000000102,[0. 0.],[0. 0.],[6.13 3.77],[1.5 1.5]
2.75,2.75,3,0.0,10.47,0.47,0.1,0.04,,,,,,[0. 0.],[0. 0.],[5.57 2.5 ],[1.5 1.5]
2.75,2.75,4,,3.63,2.44,0.0,0.0,,,,,,[0. 0.],[0. 0.],[3.21 1.08],[1.5 1.5]
2.75,2.75,5,0.5,4.49,2.25,0.03,0.0,4.73325,-4.38675,-2.251,-167.27717410764103,0.3199999999999932,[0. 0.],[0. 0.],[4.52 1.87],[1.5 1.5]
3.0,0.0,0,0.380952388048172,4.1,3.83,0.0,0.0,4.585,0.001375,-3.8341250000000002,-96.02095586981946,0.2722499999999979,[0. 0.],[0. 0.],[6.41 3.85],[1.5 1.5]
3.0,0.0,1,0.30434781312942505,4.28,5.91,0.02,0.0,4.7614285714285725,0.0017142857142857144,-5.9115714285714285,-168.90514277421997,0.23428571428572859,[0. 0.],[0. 0.],[3.98 2.02],[1.5 1.5]
3.0,0.0,2,,3.4,7.05,0.05,0.0,,,,,,[0. 0.],[0. 0.],[2.39 6.59],[1.5 1.5]
3.0,0.0,3,,4.63,7.24,0.0,0.01,,,,,,[0. 0.],[0. 0.],[5.84 5.1 ],[1.5 1.5]
3.0,0.0,4,,4.57,7.27,0.0,0.01,,,,,,[0. 0.],[0. 0.],[3.92 5.3 ],[1.5 1.5]
3.0,0.0,5,0.4285714328289032,4.13,7.38,0.01,1.02,4.711833333333333,0.0023333333333333335,-7.650333333333333,-67.75586183223123,0.22600000000000384,[0. 0.],[0. 0.],[5.45 3.81],[1.5 1.5]
3.0,0.25,0,0.4444444477558136,4.06,3.76,0.02,0.0,4.409375000000001,-0.341375,-3.761875,-90.34979893355239,0.29900000000000304,[0. 0.],[0. 0.],[5.39 2.87],[1.5 1.5]
3.0,0.25,1,,3.16,11.48,0.0,0.05,,,,,,[0. 0.],[0. 0.],[3.67 6.67],[1.5 1.5]
3.0,0.25,2,0.0,5.9,1.37,0.0,0.0,,,,,,[0. 0.],[0. 0.],[5.11 1.52],[1.5 1.5]
3.0,0.25,3,0.2631579041481018,4.29,2.72,0.0,0.0,4.6094,-0.35740000000000005,-2.716,-160.21937286317197,0.29720000000000224,[0. 0.],[0. 0.],[2.9  2.96],[1.5 1.5]
3.0,0.25,4,0.5714285969734192,4.16,4.12,0.0,0.0,4.46,-0.34450000000000003,-4.118,-178.55930195203135,0.27250000000000796,[0. 0.],[0. 0.],[4.15 3.74],[1.5 1.5]
3.0,0.25,5,0.42105263471603394,3.99,3.54,0.0,0.0,4.4384999999999994,-0.3425,-3.535,-131.47612726278396,0.29099999999999904,[0. 0.],[0. 0.],[2.44 3.29],[1.5 1.5]
3.0,0.5,0,,4.67,6.14,0.04,0.0,,,,,,[0. 0.],[0. 0.],[6.43 5.61],[1.5 1.5]
3.0,0.5,1,,3.02,3.22,0.0,0.01,,,,,,[0. 0.],[0. 0.],[2.78 2.81],[1.5 1.5]
3.0,0.5,2,0.6666666865348816,4.19,2.59,0.0,0.0,4.4530714285714295,-0.6895714285714286,-2.593285714285714,-157.47705111568328,0.3029999999999993,[0. 0.],[0. 0.],[5.68 1.67],[1.5 1.5]
3.0,0.5,3,0.4117647111415863,4.27,7.02,0.0,0.0,4.738857142857142,-0.7331428571428571,-7.021999999999999,-169.99839920864517,0.22714285714284546,[0. 0.],[0. 0.],[3.91 6.55],[1.5 1.5]
3.0,0.5,4,0.625,4.32,3.62,0.0,1.41,4.5891,-0.711,-3.5447,-122.00725781568599,0.2724000000000018,[0. 0.],[0. 0.],[6.28 4.08],[1.5 1.5]
3.0,0.5,5,0.5416666865348816,4.38,5.66,0.0,0.01,4.733769230769231,-0.7326153846153846,-5.657,-142.63431041499328,0.2321538461538447,[0. 0.],[0. 0.],[5.85 5.41],[1.5 1.5]
3.0,0.75,0,,4.51,5.61,0.0,0.0,,,,,,[0. 0.],[0. 0.],[1.84 5.72],[1.5 1.5]
3.0,0.75,1,0.6190476417541504,4.56,4.84,0.0,0.03,4.813538461538462,-1.1190769230769233,-4.868384615384615,-108.93969004777708,0.2390769230769409,[0. 0.],[0. 0.],[4.37 4.23],[1.5 1.5]
3.0,0.75,3,0.0,4.06,0.3,0.01,0.0,,,,,,[0. 0.],[0. 0.],[1.37 1.17],[1.5 1.5]
3.0,0.75,4,0.6111111044883728,4.07,3.4,0.0,0.0,4.614545454545455,-1.0729090909090908,-3.3996363636363642,-159.21293177228708,0.2710909090909142,[0. 0.],[0. 0.],[4.04 1.85],[1.5 1.5]
3.0,0.75,5,0.550000011920929,4.28,5.27,0.0,0.06,4.768727272727272,-1.109727272727273,-5.258636363636364,-162.008209601675,0.23763636363636484,[0. 0.],[0. 0.],[3.71 3.99],[1.5 1.5]
3.0,1.0,0,0.0,8.5,0.85,0.1,0.01,,,,,,[0. 0.],[0. 0.],[3.91 1.29],[1.5 1.5]
3.0,1.0,1,0.695652186870575,4.64,8.12,0.01,1.69,5.1475,-1.5967500000000001,-7.4383125,-152.63052904174032,0.20137499999999964,[0. 0.],[0. 0.],[6.62 1.05],[1.5 1.5]
3.0,1.0,2,0.4761904776096344,4.26,4.45,0.0,0.0,4.701,-1.4562,-4.4487000000000005,-157.5879536402858,0.24500000000000063,[0. 0.],[0. 0.],[3.88 3.79],[1.5 1.5]
3.0,1.0,3,0.20000000298023224,4.46,7.95,0.0,0.08,5.228999999999999,-1.62175,-7.98475,-163.13997939783943,0.18650000000000944,[0. 0.],[0. 0.],[5.31 4.22],[1.5 1.5]
3.0,1.0,4,0.6666666865348816,4.23,2.79,0.0,0.0,4.587857142857142,-1.4249285714285718,-2.7867142857142855,-158.9786050757652,0.28900000000000603,[0. 0.],[0. 0.],[4.36 2.1 ],[1.5 1.5]
3.0,1.0,5,0.6818181872367859,4.48,5.27,0.01,0.0,4.939000000000001,-1.533,-5.266933333333333,-154.9181340777386,0.22853333333332368,[0. 0.],[0. 0.],[6.81 5.92],[1.5 1.5]
3.0,1.25,0,0.0,9.02,0.63,0.01,0.01,,,,,,[0. 0.],[0. 0.],[6.16 2.23],[1.5 1.5]
3.0,1.25,1,0.6666666865348816,4.05,2.57,0.02,0.0,4.613916666666667,-1.7892499999999998,-2.5756666666666663,-150.26344544933013,0.29833333333333206,[0. 0.],[0. 0.],[1.34 3.71],[1.5 1.5]
3.0,1.25,2,0.5454545617103577,4.65,7.82,0.0,0.01,5.108333333333333,-1.9803333333333335,-7.816,-167.29308108915293,0.19666666666666308,[0. 0.],[0. 0.],[3.73 6.05],[1.5 1.5]
3.0,1.25,3,0.6428571343421936,4.24,2.29,0.0,0.02,4.470888888888889,-1.734777777777778,-2.297222222222222,-148.84988427989032,0.31422222222222884,[0. 0.],[0. 0.],[1.07 1.84],[1.5 1.5]
3.0,1.25,4,0.523809552192688,4.24,2.9,0.0,0.0,4.506181818181818,-1.749909090909091,-2.8986363636363635,-166.7965069706055,0.2901818181818292,[0. 0.],[0. 0.],[1.86 1.27],[1.5 1.5]
3.0,1.25,5,0.0,3.43,0.29,0.0,0.0,,,,,,[0. 0.],[0. 0.],[2.73 1.52],[1.5 1.5]
3.0,1.5,0,0.0,7.53,0.81,0.0,0.0,,,,,,[0. 0.],[0. 0.],[6.88 2.15],[1.5 1.5]
3.0,1.5,1,0.6000000238418579,4.17,3.11,0.01,0.01,4.603166666666667,-2.1451666666666664,-3.1047499999999997,-148.1004524929377,0.27516666666667194,[0. 0.],[0. 0.],[3.45 2.53],[1.5 1.5]
3.0,1.5,2,,3.19,9.48,0.02,0.01,,,,,,[0. 0.],[0. 0.],[2.75 6.11],[1.5 1.5]
3.0,1.5,3,,3.18,9.86,0.01,0.01,,,,,,[0. 0.],[0. 0.],[1.59 4.06],[1.5 1.5]
3.0,1.5,4,0.0,4.1,0.31,0.01,0.01,,,,,,[0. 0.],[0. 0.],[3.35 1.59],[1.5 1.5]
3.0,1.5,5,0.739130437374115,4.5,5.08,0.0,0.23,4.932882352941176,-2.2957058823529413,-5.15764705882353,-154.21742295288533,0.22423529411764734,[0. 0.],[0. 0.],[3.99 4.6 ],[1.5 1.5]
3.0,1.75,0,0.0,6.96,1.54,0.01,0.0,,,,,,[0. 0.],[0. 0.],[6.98 1.83],[1.5 1.5]
3.0,1.75,1,0.7083333134651184,4.95,9.84,0.0,0.0,5.470999999999999,-2.967588235294118,-9.840176470588235,-138.8510468427657,0.18964705882352703,[0. 0.],[0. 0.],[4.98 6.24],[1.5 1.5]
3.0,1.75,2,0.30000001192092896,4.79,7.62,0.0,0.02,5.396333333333334,-2.936,-7.616666666666667,-144.97594302776145,0.17666666666666705,[0. 0.],[0. 0.],[4.47 6.81],[1.5 1.5]
3.0,1.75,3,0.6499999761581421,4.42,5.0,0.0,0.02,4.816692307692309,-2.613,-4.993230769230769,-134.5307579162904,0.23784615384615423,[0. 0.],[0. 0.],[5.22 3.25],[1.5 1.5]
3.0,1.75,4,0.0,4.61,0.18,0.11,0.0,,,,,,[0. 0.],[0. 0.],[3.97 1.23],[1.5 1.5]
3.0,1.75,5,0.5333333611488342,4.3,3.75,0.06,1.54,4.6606250000000005,-2.531375,-3.676,-120.55038404031328,0.27325000000000244,[0. 0.],[0. 0.],[3.89 2.27],[1.5 1.5]
3.0,2.0,0,0.3888888955116272,4.28,2.19,0.02,0.0,4.499714285714285,-2.7988571428571425,-2.1881428571428576,-157.80166430702016,0.3185714285714271,[0. 0.],[0. 0.],[6.46 2.1 ],[1.5 1.5]
3.0,2.0,1,0.3888888955116272,4.3,2.21,0.0,0.0,4.563714285714286,-2.8314285714285714,-2.2088571428571426,-157.48833873159165,0.3102857142857149,[0. 0.],[0. 0.],[3.25 2.89],[1.5 1.5]
3.0,2.0,3,0.7777777910232544,4.36,3.0,0.0,0.0,4.622571428571428,-2.8709999999999996,-2.9971428571428573,-85.37476012130219,0.28457142857142853,[0. 0.],[0. 0.],[2.71 3.07],[1.5 1.5]
3.0,2.0,5,0.6521739363670349,4.83,7.73,0.01,0.03,5.3456666666666655,-3.3183999999999996,-7.731333333333334,-116.966980378772,0.1904000000000006,[0. 0.],[0. 0.],[6.67 6.5 ],[1.5 1.5]
3.0,2.25,1,0.5,4.42,2.94,0.0,0.05,4.670599999999999,-3.2618,-2.9643,-160.07243965568836,0.2688000000000009,[0. 0.],[0. 0.],[3.01 1.67],[1.5 1.5]
3.0,2.25,2,0.75,4.34,2.85,0.01,0.0,4.588,-3.207333333333333,-2.8540000000000005,-142.6856033896291,0.2673333333333332,[0. 0.],[0. 0.],[2.53 2.82],[1.5 1.5]
3.0,2.25,3,0.0,6.2,0.42,0.0,0.0,,,,,,[0. 0.],[0. 0.],[5.42 1.08],[1.5 1.5]
3.0,2.25,4,0.5454545617103577,4.09,3.68,0.01,0.24,4.571583333333334,-3.1926666666666663,-3.6793333333333336,-124.72999264352211,0.2663333333333333,[0. 0.],[0. 0.],[3.51 2.68],[1.5 1.5]
3.0,2.25,5,0.44999998807907104,4.37,2.52,0.0,0.0,4.532222222222222,-3.1677777777777774,-2.5186666666666664,-162.60714603063937,0.3015555555555605,[0. 0.],[0. 0.],[1.87 3.08],[1.5 1.5]
3.0,2.5,0,0.4761904776096344,4.36,3.57,0.04,0.02,4.6727,-3.6260000000000003,-3.5736000000000003,-125.47575106543289,0.2597999999999988,[0. 0.],[0. 0.],[2.7  2.85],[1.5 1.5]
3.0,2.5,1,0.5454545617103577,4.51,5.58,0.03,0.0,4.978,-3.8646666666666665,-5.585750000000001,-129.59554035232225,0.21583333333333357,[0. 0.],[0. 0.],[1.36 3.71],[1.5 1.5]
3.0,2.5,2,0.3333333432674408,4.28,6.0,0.0,0.28,4.849,-3.7660000000000005,-5.9836,-99.72534926412509,0.2224000000000002,[0. 0.],[0. 0.],[1.09 4.63],[1.5 1.5]
3.0,2.5,3,0.5555555820465088,4.72,5.91,0.0,0.0,5.1206,-3.975200000000001,-5.909999999999999,-77.78134660742204,0.20560000000000117,[0. 0.],[0. 0.],[6.39 4.52],[1.5 1.5]
3.0,2.5,4,,4.42,3.89,0.02,0.0,,,,,,[0. 0.],[0. 0.],[4.05 5.06],[1.5 1.5]
3.0,2.5,5,0.7142857313156128,4.73,8.91,0.01,0.08,5.310733333333333,-4.125333333333333,-8.8836,-125.1009178771933,0.19626666666666637,[0. 0.],[0. 0.],[1.05 5.08],[1.5 1.5]
3.0,2.75,0,0.4285714328289032,4.5,6.52,0.0,0.01,5.100444444444445,-4.357111111111111,-6.522444444444445,-158.6625066723745,0.2004444444444419,[0. 0.],[0. 0.],[1.82 4.75],[1.5 1.5]
3.0,2.75,1,0.5789473652839661,4.58,5.27,0.01,0.01,4.772181818181819,-4.075181818181819,-5.273,-136.15960882011387,0.2299999999999998,[0. 0.],[0. 0.],[4.7  4.67],[1.5 1.5]
3.0,2.75,2,0.3076923191547394,4.24,2.01,0.02,0.0,4.514,-3.8554999999999997,-2.013,-155.67656898455834,0.3309999999999995,[0. 0.],[0. 0.],[4.86 3.01],[1.5 1.5]
3.0,2.75,3,,2.95,2.17,0.0,0.0,,,,,,[0. 0.],[0. 0.],[2.13 3.61],[1.5 1.5]
3.0,2.75,4,0.6521739363670349,4.22,2.74,0.0,0.0,4.591866666666666,-3.921666666666667,-2.743666666666667,-152.10455343309064,0.2866666666666674,[0. 0.],[0. 0.],[2.03 2.51],[1.5 1.5]
3.25,0.0,0,,4.42,4.3,0.0,0.0,,,,,,[0. 0.],[0. 0.],[6.57 6.77],[1.5 1.5]
3.25,0.0,1,,3.25,5.55,0.0,0.0,,,,,,[0. 0.],[0. 0.],[2.16 6.29],[1.5 1.5]
3.25,0.0,2,0.3181818127632141,4.13,3.16,0.0,0.05,4.384,0.00014285714285714287,-3.1492857142857145,-160.36585499901008,0.3202857142857129,[0. 0.],[0. 0.],[3.34 1.29],[1.5 1.5]
3.25,0.0,3,0.15789473056793213,4.04,3.17,0.2,0.0,4.483666666666667,0.0,-3.17,-164.1742782896258,0.2713333333333357,[0. 0.],[0. 0.],[1.28 2.04],[1.5 1.5]
3.25,0.0,4,,1.13,4.49,0.36,0.29,,,,,,[0. 0.],[0. 0.],[1.97 5.36],[1.5 1.5]
3.25,0.0,5,0.3478260934352875,4.77,5.92,0.0,0.01,5.156375000000001,0.00175,-5.912875,-172.0100966993204,0.21100000000000296,[0. 0.],[0. 0.],[6.32 5.32],[1.5 1.5]
3.25,0.25,0,0.375,4.07,1.77,0.17,0.13,4.455666666666667,-0.3205,-1.8175000000000001,-147.20438040682635,0.34199999999999403,[0. 0.],[0. 0.],[2.87 2.  ],[1.5 1.5]
3.25,0.25,1,0.4761904776096344,4.65,5.02,0.04,0.07,4.9808,-0.35760000000000003,-4.955399999999999,-165.1028058872434,0.23219999999999885,[0. 0.],[0. 0.],[6.56 3.65],[1.5 1.5]
3.25,0.25,2,0.523809552192688,4.51,7.79,0.02,1.8,4.9608181818181825,-0.35627272727272724,-7.0190909090909095,-177.32763272784078,0.22181818181818602,[0. 0.],[0. 0.],[3.94 5.32],[1.5 1.5]
3.25,0.25,3,0.05000000074505806,4.29,2.02,0.01,0.0,4.465,-0.321,-2.012,-129.9149956084224,0.32000000000005,[0. 0.],[0. 0.],[1.05 3.15],[1.5 1.5]
3.25,0.25,4,0.5,4.57,7.27,0.0,0.02,4.974,-0.356,-7.2515,-176.72475664691768,0.20400000000000063,[0. 0.],[0. 0.],[4.95 6.78],[1.5 1.5]
3.25,0.25,5,,2.58,3.52,0.0,0.0,,,,,,[0. 0.],[0. 0.],[6.55 1.18],[1.5 1.5]
3.25,0.5,0,,7.2,7.56,0.22,0.17,,,,,,[0. 0.],[0. 0.],[6.82 3.16],[1.5 1.5]
3.25,0.5,1,,4.53,4.9,0.0,0.01,,,,,,[0. 0.],[0. 0.],[4.34 5.41],[1.5 1.5]
3.25,0.5,2,,4.75,5.37,0.0,0.06,,,,,,[0. 0.],[0. 0.],[2.5  1.76],[1.5 1.5]
3.25,0.5,3,0.6086956262588501,4.6,6.2,0.0,0.03,5.015714285714286,-0.7211428571428573,-6.199,-137.41531183349505,0.22542857142857592,[0. 0.],[0. 0.],[4.19 6.19],[1.5 1.5]
3.25,0.5,4,0.2777777910232544,4.87,5.71,0.0,0.0,5.4798,-0.7891999999999999,-5.7139999999999995,-152.35002895230588,0.20320000000000107,[0. 0.],[0. 0.],[3.42 6.25],[1.5 1.5]
3.25,0.5,5,0.5909090638160706,4.71,13.66,0.0,0.04,4.995923076923077,-0.7187692307692307,-13.645999999999999,-140.59694671250787,0.2126153846153927,[0. 0.],[0. 0.],[4.95 1.75],[1.5 1.5]
3.25,0.75,0,,7.44,7.45,0.0,0.0,,,,,,[0. 0.],[0. 0.],[5.74 5.73],[1.5 1.5]
3.25,0.75,1,,4.38,3.79,0.0,0.0,,,,,,[0. 0.],[0. 0.],[2.63 4.86],[1.5 1.5]
3.25,0.75,2,,4.33,7.45,0.04,0.17,,,,,,[0. 0.],[0. 0.],[5.02 4.62],[1.5 1.5]
3.25,0.75,3,,4.85,7.3,0.01,0.09,,,,,,[0. 0.],[0. 0.],[1.19 4.18],[1.5 1.5]
3.25,0.75,4,0.4615384638309479,4.83,3.72,0.0,0.0,4.927333333333333,-1.0651666666666666,-3.7239999999999998,-147.41290943513943,0.25766666666666166,[0. 0.],[0. 0.],[6.61 4.97],[1.5 1.5]
3.25,0.75,5,0.7142857313156128,4.33,3.89,0.0,0.07,4.735600000000001,-1.0228000000000002,-3.8795333333333333,-125.64452412829526,0.25720000000000004,[0. 0.],[0. 0.],[4.82 3.27],[1.5 1.5]
3.25,1.0,0,0.782608687877655,4.65,5.3,0.0,0.5,5.011444444444446,-1.4444444444444444,-5.715666666666667,-159.14349109424336,0.23466666666666885,[0. 0.],[0. 0.],[3.2  6.47],[1.5 1.5]
3.25,1.0,1,0.0,8.17,0.93,0.52,0.02,,,,,,[0. 0.],[0. 0.],[4.27 1.78],[1.5 1.5]
3.25,1.0,2,,4.97,14.09,0.0,0.19,,,,,,[0. 0.],[0. 0.],[4.64 5.02],[1.5 1.5]
3.25,1.0,3,0.5263158082962036,5.25,8.01,0.03,0.03,5.6536,-1.6280999999999999,-8.0069,-126.51097750012096,0.18560000000000043,[0. 0.],[0. 0.],[5.38 1.64],[1.5 1.5]
3.25,1.0,4,0.7272727489471436,4.82,6.31,0.03,0.29,5.137874999999999,-1.4783749999999998,-6.1860625,-139.71807896800487,0.22900000000000004,[0. 0.],[0. 0.],[1.13 1.44],[1.5 1.5]
3.25,1.0,5,0.5555555820465088,3.98,2.56,0.01,0.03,4.3688,-1.2590000000000001,-2.548,-151.06295149083502,0.31220000000000214,[0. 0.],[0. 0.],[3.57 4.7 ],[1.5 1.5]
3.25,1.25,0,0.6315789222717285,4.5,4.19,0.0,0.0,4.951416666666666,-1.7855833333333333,-4.1935,-152.8958721441783,0.2519999999999998,[0. 0.],[0. 0.],[3.74 1.4 ],[1.5 1.5]
3.25,1.25,1,0.0,4.35,0.31,0.0,0.0,,,,,,[0. 0.],[0. 0.],[5.54 3.78],[1.5 1.5]
3.25,1.25,2,0.3888888955116272,4.82,5.29,0.0,0.03,4.997142857142856,-1.7961428571428573,-5.284428571428571,-161.81579693313182,0.2331428571428568,[0. 0.],[0. 0.],[6.46 2.1 ],[1.5 1.5]
3.25,1.25,3,,3.3,5.22,0.0,0.03,,,,,,[0. 0.],[0. 0.],[2.07 3.52],[1.5 1.5]
3.25,1.25,4,0.550000011920929,4.6,4.53,0.02,0.08,4.875181818181819,-1.7553636363636365,-4.520272727272728,-120.06850810038507,0.24763636363636357,[0. 0.],[0. 0.],[2.62 3.01],[1.5 1.5]
3.25,1.5,0,,4.43,3.83,0.0,0.02,,,,,,[0. 0.],[0. 0.],[6.15 2.07],[1.5 1.5]
3.25,1.5,1,0.46666666865348816,4.36,4.2,0.0,0.08,4.8028571428571425,-2.0764285714285715,-4.2294285714285715,-93.24625757402727,0.25799999999999884,[0. 0.],[0. 0.],[5.95 5.47],[1.5 1.5]
3.25,1.5,2,,4.57,4.54,0.03,0.0,,,,,,[0. 0.],[0. 0.],[3.07 4.61],[1.5 1.5]
3.25,1.5,3,0.0,5.51,0.7,0.05,0.0,,,,,,[0. 0.],[0. 0.],[4.17 1.83],[1.5 1.5]
3.25,1.5,4,,4.17,5.44,0.0,0.0,,,,,,[0. 0.],[0. 0.],[4.64 5.54],[1.5 1.5]
3.25,1.5,5,0.6666666865348816,4.24,3.32,0.0,0.0,4.64007142857143,-2.0044285714285714,-3.322142857142858,-150.86178410133812,0.2831428571428557,[0. 0.],[0. 0.],[4.75 2.61],[1.5 1.5]
3.25,1.75,0,0.4117647111415863,4.34,2.82,0.0,0.02,4.664000000000001,-2.3524285714285713,-2.818714285714286,-161.42650988474517,0.29571428571428576,[0. 0.],[0. 0.],[2.41 2.7 ],[1.5 1.5]
3.25,1.75,1,0.4285714328289032,4.14,3.9,0.03,0.01,4.5328333333333335,-2.283,-3.9053333333333335,-164.45427292913993,0.2883333333333334,[0. 0.],[0. 0.],[5.69 4.84],[1.5 1.5]
3.25,1.75,2,0.5882353186607361,4.71,4.89,0.0,0.0,4.982000000000001,-2.5119,-4.891999999999999,-140.3848263276237,0.22059999999999746,[0. 0.],[0. 0.],[3.69 5.3 ],[1.5 1.5]
3.25,1.75,3,0.4761904776096344,5.02,7.97,0.0,0.03,5.6719,-2.8595,-7.9666,-116.67113344000283,0.19019999999999873,[0. 0.],[0. 0.],[1.   4.42],[1.5 1.5]
3.25,1.75,4,0.523809552192688,4.3,4.36,0.0,0.0,4.765545454545454,-2.400363636363636,-4.36,-96.2874410423115,0.25581818181818156,[0. 0.],[0. 0.],[3.36 4.75],[1.5 1.5]
3.25,1.75,5,,6.59,7.35,1.81,0.01,,,,,,[0. 0.],[0. 0.],[4.21 2.67],[1.5 1.5]
3.25,2.0,0,0.529411792755127,4.02,2.93,0.0,0.0,4.512333333333333,-2.6004444444444443,-2.9309999999999996,-76.66925542849714,0.29888888888888704,[0. 0.],[0. 0.],[2.73 6.7 ],[1.5 1.5]
3.25,2.0,1,,3.14,5.69,0.01,0.12,,,,,,[0. 0.],[0. 0.],[1.06 5.59],[1.5 1.5]
3.25,2.0,2,,3.22,5.57,0.01,0.04,,,,,,[0. 0.],[0. 0.],[2.77 1.28],[1.5 1.5]
3.25,2.0,3,,4.59,6.39,0.01,0.01,,,,,,[0. 0.],[0. 0.],[2.33 6.04],[1.5 1.5]
3.25,2.0,4,0.5555555820465088,4.55,10.67,0.0,0.26,5.2062,-3.003,-10.685400000000001,-132.44180504954778,0.2045999999999993,[0. 0.],[0. 0.],[2.77 6.41],[1.5 1.5]
3.25,2.0,5,,5.12,7.34,0.02,0.01,,,,,,[0. 0.],[0. 0.],[4.32 6.56],[1.5 1.5]
3.25,2.25,0,0.0,7.03,0.55,0.0,0.16,,,,,,[0. 0.],[0. 0.],[4.4  1.13],[1.5 1.5]
3.25,2.25,1,0.4117647111415863,4.45,7.35,0.0,0.08,4.827,-3.130571428571429,-7.344285714285713,-62.75477430727189,0.2334285714285735,[0. 0.],[0. 0.],[5.68 5.01],[1.5 1.5]
3.25,2.25,2,0.6470588445663452,4.24,3.29,0.02,0.21,4.583000000000001,-2.9717272727272728,-3.274909090909091,-127.6879176398707,0.283454545454545,[0. 0.],[0. 0.],[1.12 2.45],[1.5 1.5]
3.25,2.25,3,0.0,9.78,0.44,0.11,0.0,,,,,,[0. 0.],[0. 0.],[6.36 1.29],[1.5 1.5]
3.25,2.25,4,0.5,4.62,6.18,0.0,0.0,5.012333333333333,-3.250666666666666,-6.183,-157.47400776088722,0.21733333333333427,[0. 0.],[0. 0.],[5.38 6.12],[1.5 1.5]
3.25,2.25,5,0.5,3.95,1.47,0.0,0.0,4.353,-2.824666666666667,-1.469,-153.85858844314677,0.3919999999999675,[0. 0.],[0. 0.],[4.67 2.87],[1.5 1.5]
3.25,2.5,0,0.800000011920929,4.12,3.91,0.0,0.0,4.614166666666667,-3.3265833333333337,-3.9055833333333325,-26.56132846071146,0.28233333333333405,[0. 0.],[0. 0.],[3.41 3.87],[1.5 1.5]
3.25,2.5,1,0.0,2.12,4.3,0.0,0.02,,,,,,[0. 0.],[0. 0.],[3.75 4.01],[1.5 1.5]
3.25,2.5,2,0.46666666865348816,4.84,7.52,0.02,0.0,5.164714285714287,-3.724142857142857,-7.514000000000001,-23.866458083934408,0.20342857142857135,[0. 0.],[0. 0.],[5.53 5.68],[1.5 1.5]
3.25,2.5,3,0.0,7.18,0.43,0.05,0.0,,,,,,[0. 0.],[0. 0.],[6.56 1.44],[1.5 1.5]
3.25,2.5,4,0.6363636255264282,4.8,5.49,0.01,0.03,5.156785714285715,-3.7188571428571433,-5.503642857142857,-61.0054949585281,0.22514285714285703,[0. 0.],[0. 0.],[4.54 4.88],[1.5 1.5]
3.25,2.5,5,0.4736842215061188,4.69,6.86,0.01,0.04,5.044444444444445,-3.6384444444444446,-6.861888888888888,-87.78914631358698,0.22311111111111082,[0. 0.],[0. 0.],[4.4 5.1],[1.5 1.5]
3.25,2.75,0,0.6666666865348816,4.37,3.57,0.0,0.01,4.6135,-3.6620000000000004,-3.5708333333333333,-48.753342928442684,0.2746666666666678,[0. 0.],[0. 0.],[3.19 2.27],[1.5 1.5]
3.25,2.75,1,,4.9,7.31,0.0,0.01,,,,,,[0. 0.],[0. 0.],[2.1  6.01],[1.5 1.5]
3.25,2.75,2,0.6499999761581421,4.79,6.27,0.0,0.0,5.236999999999999,-4.155153846153846,-6.265846153846154,-51.300550515443014,0.2032307692307692,[0. 0.],[0. 0.],[6.69 4.66],[1.5 1.5]
3.25,2.75,3,,3.4,1.98,0.14,0.0,,,,,,[0. 0.],[0. 0.],[1.  1.6],[1.5 1.5]
3.25,2.75,4,0.7222222089767456,4.1,3.1,0.0,0.01,4.544538461538462,-3.6056153846153842,-3.0952307692307692,-99.94126023896297,0.29107692307692373,[0. 0.],[0. 0.],[3.02 1.85],[1.5 1.5]
3.25,2.75,5,,4.69,7.36,0.01,0.01,,,,,,[0. 0.],[0. 0.],[2.46 4.03],[1.5 1.5]
3.5,0.0,0,0.4285714328289032,4.73,10.9,0.0,0.08,5.104,0.001,-10.907,-134.15493467337092,0.2191111111111122,[0. 0.],[0. 0.],[4.04 5.01],[1.5 1.5]
3.5,0.0,1,,3.98,2.34,0.0,0.0,,,,,,[0. 0.],[0. 0.],[5.04 1.77],[1.5 1.5]
3.5,0.0,2,0.0,3.89,3.34,0.0,0.0,,,,,,[0. 0.],[0. 0.],[1.85 1.4 ],[1.5 1.5]
3.5,0.0,3,0.40909090638160706,4.01,2.93,0.0,0.0,4.170555555555556,-0.0011111111111111111,-2.9305555555555554,-124.66891734263693,0.3013333333333353,[0. 0.],[0. 0.],[3.66 2.24],[1.5 1.5]
3.5,0.0,4,0.5454545617103577,4.76,10.93,0.04,0.13,5.07775,8.333333333333333e-05,-10.907000000000002,-117.46398145982215,0.21833333333333252,[0. 0.],[0. 0.],[6.1  5.45],[1.5 1.5]
3.5,0.0,5,0.260869562625885,4.75,7.18,0.0,0.0,5.0808333333333335,0.0005,-7.175,-177.04845018784408,0.22133333333333413,[0. 0.],[0. 0.],[4.64 6.89],[1.5 1.5]
3.5,0.25,0,,5.25,3.08,0.08,0.0,,,,,,[0. 0.],[0. 0.],[3.01 1.52],[1.5 1.5]
3.5,0.25,1,,4.03,6.67,0.0,0.09,,,,,,[0. 0.],[0. 0.],[6.03 2.28],[1.5 1.5]
3.5,0.25,2,0.0,1.36,4.4,0.0,0.03,,,,,,[0. 0.],[0. 0.],[1.37 1.35],[1.5 1.5]
3.5,0.25,3,,4.14,5.29,0.0,0.23,,,,,,[0. 0.],[0. 0.],[2.24 4.18],[1.5 1.5]
3.5,0.25,4,0.2777777910232544,4.39,4.4,0.0,0.03,4.755000000000001,-0.3198,-4.379600000000001,-161.80314540241574,0.2463999999999979,[0. 0.],[0. 0.],[6.26 2.45],[1.5 1.5]
3.5,0.25,5,0.5,4.52,5.92,0.01,0.0,4.8100000000000005,-0.3225,-5.923,-172.12445250203828,0.22999999999999932,[0. 0.],[0. 0.],[4.03 4.29],[1.5 1.5]
3.5,0.5,0,,3.33,1.8,0.0,0.0,,,,,,[0. 0.],[0. 0.],[1.42 1.55],[1.5 1.5]
3.5,0.5,1,0.3333333432674408,4.67,8.18,0.0,0.11,5.188,-0.696,-8.264,-188.66348104268354,0.22000000000000064,[0. 0.],[0. 0.],[1.98 5.73],[1.5 1.5]
3.5,0.5,2,,4.6,4.52,0.0,0.0,,,,,,[0. 0.],[0. 0.],[3.79 5.72],[1.5 1.5]
3.5,0.5,3,0.4761904776096344,4.0,2.52,0.0,0.04,4.2034,-0.5660000000000001,-2.5142,-126.77283433843554,0.3352000000000013,[0. 0.],[0. 0.],[5.5  2.99],[1.5 1.5]
3.5,0.5,4,0.4117647111415863,4.03,4.22,0.0,0.08,4.4358571428571425,-0.5971428571428571,-4.178857142857144,-127.08086485029439,0.2788571428571406,[0. 0.],[0. 0.],[4.21 1.46],[1.5 1.5]
3.5,0.5,5,,6.45,8.64,0.07,0.0,,,,,,[0. 0.],[0. 0.],[3.73 6.28],[1.5 1.5]
3.5,0.75,0,0.46666666865348816,3.95,2.52,0.01,0.1,4.293285714285714,-0.8644285714285713,-2.553142857142857,-157.7291367109928,0.32285714285714107,[0. 0.],[0. 0.],[5.06 2.01],[1.5 1.5]
3.5,0.75,1,0.625,4.28,3.45,0.14,0.02,4.6552,-0.9389000000000001,-3.4559000000000006,-154.74269727140353,0.2602000000000004,[0. 0.],[0. 0.],[6.02 1.44],[1.5 1.5]
3.5,0.75,2,,4.56,6.65,0.0,0.02,,,,,,[0. 0.],[0. 0.],[6.69 5.84],[1.5 1.5]
3.5,0.75,3,0.3181818127632141,4.72,9.75,0.0,0.08,5.127714285714285,-1.032857142857143,-9.803,-124.11544700979469,0.207999999999999,[0. 0.],[0. 0.],[4.13 6.85],[1.5 1.5]
3.5,0.75,4,0.0,1.92,4.19,0.01,0.01,,,,,,[0. 0.],[0. 0.],[2.1  4.69],[1.5 1.5]
3.5,0.75,5,,2.87,6.57,0.0,0.0,,,,,,[0. 0.],[0. 0.],[5.93 6.4 ],[1.5 1.5]
3.5,1.0,0,,3.94,7.38,0.0,0.03,,,,,,[0. 0.],[0. 0.],[3.27 2.95],[1.5 1.5]
3.5,1.0,1,,4.23,4.13,0.0,0.0,,,,,,[0. 0.],[0. 0.],[3.28 4.55],[1.5 1.5]
3.5,1.0,2,0.7222222089767456,4.39,4.28,0.02,0.18,4.736230769230771,-1.274153846153846,-4.284461538461538,-164.28977191677907,0.2549230769230786,[0. 0.],[0. 0.],[2.77 4.24],[1.5 1.5]
3.5,1.0,3,,8.09,7.23,0.1,0.0,,,,,,[0. 0.],[0. 0.],[3.4  6.13],[1.5 1.5]
3.5,1.0,4,0.0,3.89,0.27,0.0,0.01,,,,,,[0. 0.],[0. 0.],[1.67 1.55],[1.5 1.5]
3.5,1.0,5,0.4545454680919647,4.76,7.02,0.01,0.01,5.1237,-1.3771,-7.0159,-163.47040658360183,0.20699999999999416,[0. 0.],[0. 0.],[5.35 6.18],[1.5 1.5]
3.5,1.25,0,0.75,4.74,5.33,0.0,0.0,5.094200000000001,-1.7105333333333335,-5.329933333333333,-157.44950763825494,0.22546666666666806,[0. 0.],[0. 0.],[2.35 6.16],[1.5 1.5]
3.5,1.25,1,0.5,5.09,6.79,0.0,0.0,5.51175,-1.852125,-6.7895,-150.5076111321773,0.203000000000001,[0. 0.],[0. 0.],[5.73 5.7 ],[1.5 1.5]
3.5,1.25,2,,5.17,8.69,0.03,0.06,,,,,,[0. 0.],[0. 0.],[6.3  6.88],[1.5 1.5]
3.5,1.25,3,0.5652173757553101,4.4,5.0,0.0,0.0,4.859538461538461,-1.6348461538461536,-5.003615384615385,-152.18234527195233,0.24461538461538507,[0. 0.],[0. 0.],[4.95 4.95],[1.5 1.5]
3.5,1.25,4,0.0,0.98,4.57,0.0,0.0,,,,,,[0. 0.],[0. 0.],[1.54 4.92],[1.5 1.5]
3.5,1.25,5,0.0,1.9,4.41,0.07,0.01,,,,,,[0. 0.],[0. 0.],[2.45 2.62],[1.5 1.5]
3.5,1.5,0,0.6000000238418579,5.62,9.29,0.1,0.12,5.923,-2.3875555555555557,-9.211,-150.69528532004745,0.17511111111111058,[0. 0.],[0. 0.],[5.32 6.19],[1.5 1.5]
3.5,1.5,1,0.0,1.28,4.38,0.01,0.0,,,,,,[0. 0.],[0. 0.],[1.97 4.76],[1.5 1.5]
3.5,1.5,2,0.5416666865348816,4.83,9.99,0.02,0.05,5.335307692307693,-2.1533076923076924,-9.968923076923074,-121.11840530226436,0.2126153846153843,[0. 0.],[0. 0.],[3.85 4.5 ],[1.5 1.5]
3.5,1.5,3,,4.26,6.83,0.0,0.12,,,,,,[0. 0.],[0. 0.],[3.81 6.26],[1.5 1.5]
3.5,1.5,4,,4.6,7.37,0.0,0.07,,,,,,[0. 0.],[0. 0.],[3.41 6.73],[1.5 1.5]
3.5,1.5,5,0.529411792755127,5.26,11.05,0.0,0.1,5.873888888888889,-2.371777777777778,-11.022777777777778,-139.15716080100654,0.16933333333333486,[0. 0.],[0. 0.],[4.59 3.99],[1.5 1.5]
3.5,1.75,0,,4.57,5.93,0.01,0.05,,,,,,[0. 0.],[0. 0.],[3.86 6.18],[1.5 1.5]
3.5,1.75,1,0.6363636255264282,4.39,6.38,0.0,0.24,4.872428571428571,-2.285642857142857,-6.218642857142856,-162.16434762632133,0.22542857142857237,[0. 0.],[0. 0.],[5.9  3.59],[1.5 1.5]
3.5,1.75,2,0.0,1.08,4.31,0.02,0.0,,,,,,[0. 0.],[0. 0.],[1.02 3.68],[1.5 1.5]
3.5,1.75,3,0.0,9.85,0.25,0.02,0.0,,,,,,[0. 0.],[0. 0.],[4.88 1.04],[1.5 1.5]
3.5,1.75,4,,4.6,5.81,0.01,0.03,,,,,,[0. 0.],[0. 0.],[3.64 6.64],[1.5 1.5]
3.5,1.75,5,0.699999988079071,4.69,6.71,0.0,0.25,5.113214285714286,-2.4042142857142856,-6.662285714285713,-111.15807391399224,0.21828571428571375,[0. 0.],[0. 0.],[4.79 4.34],[1.5 1.5]
3.5,2.0,0,0.6363636255264282,4.42,4.12,0.0,0.0,4.903428571428572,-2.6408571428571426,-4.1205,-155.27671126629053,0.2412857142857122,[0. 0.],[0. 0.],[5.38 4.52],[1.5 1.5]
3.5,2.0,1,,4.5,5.27,0.08,0.11,,,,,,[0. 0.],[0. 0.],[4.13 3.91],[1.5 1.5]
3.5,2.0,2,0.47826087474823,4.58,3.86,0.11,0.02,4.89190909090909,-2.6359999999999997,-3.8679090909090914,-153.19767663514628,0.2505454545454591,[0. 0.],[0. 0.],[2.59 3.74],[1.5 1.5]
3.5,2.0,3,0.44999998807907104,5.01,6.58,0.09,0.02,5.278888888888889,-2.8393333333333333,-6.567444444444444,-159.82952078848652,0.21399999999999966,[0. 0.],[0. 0.],[3.06 4.94],[1.5 1.5]
3.5,2.0,4,0.739130437374115,4.82,6.93,0.03,0.0,5.342294117647059,-2.870705882352941,-6.927294117647058,-137.06501629858235,0.20270588235294068,[0. 0.],[0. 0.],[5.26 6.75],[1.5 1.5]
3.5,2.0,5,,5.23,7.51,0.0,0.02,,,,,,[0. 0.],[0. 0.],[5.25 6.98],[1.5 1.5]
3.5,2.25,0,0.3125,4.85,8.12,0.02,0.1,5.2926,-3.2052,-8.1218,-156.60205060045055,0.18959999999999963,[0. 0.],[0. 0.],[6.19 5.7 ],[1.5 1.5]
3.5,2.25,1,0.6111111044883728,4.6,4.66,0.03,0.03,5.0080909090909085,-3.0290000000000004,-4.652363636363637,-129.63810690891822,0.2314545454545443,[0. 0.],[0. 0.],[4.37 1.49],[1.5 1.5]
3.5,2.25,2,0.6818181872367859,4.04,2.32,0.13,0.0,4.280666666666666,-2.5868000000000007,-2.322666666666666,-153.9819975392206,0.32546666666666224,[0. 0.],[0. 0.],[2.07 3.7 ],[1.5 1.5]
3.5,2.25,3,0.6499999761581421,4.02,2.86,0.0,0.01,4.335846153846154,-2.620769230769231,-2.8569999999999993,-122.02408136974724,0.308615384615383,[0. 0.],[0. 0.],[2.48 4.07],[1.5 1.5]
3.5,2.25,4,,4.94,7.18,0.02,0.0,,,,,,[0. 0.],[0. 0.],[2.04 6.31],[1.5 1.5]
3.5,2.25,5,0.6111111044883728,4.31,3.66,0.0,0.47,4.7114545454545445,-2.847909090909091,-3.4456363636363636,-124.42974841369256,0.27145454545454667,[0. 0.],[0. 0.],[4.03 4.03],[1.5 1.5]
3.5,2.5,0,0.0,7.81,0.42,0.0,0.0,,,,,,[0. 0.],[0. 0.],[6.14 1.39],[1.5 1.5]
3.5,2.5,1,0.4166666567325592,4.67,16.9,0.0,0.09,4.9778,-3.3542,-16.919999999999998,-166.933626331984,0.20399999999999868,[0. 0.],[0. 0.],[1.06 7.  ],[1.5 1.5]
3.5,2.5,2,,6.98,7.38,0.0,0.0,,,,,,[0. 0.],[0. 0.],[6.81 3.34],[1.5 1.5]
3.5,2.5,3,0.0,6.24,7.38,0.02,0.0,,,,,,[0. 0.],[0. 0.],[2.16 3.48],[1.5 1.5]
3.5,2.5,4,0.7058823704719543,3.87,1.92,0.0,0.0,4.231583333333334,-2.8476666666666666,-1.9189166666666668,-105.78575799272117,0.34749999999999953,[0. 0.],[0. 0.],[1.14 1.62],[1.5 1.5]
3.5,2.5,5,0.0,6.13,7.41,0.08,0.0,,,,,,[0. 0.],[0. 0.],[6.19 6.62],[1.5 1.5]
3.5,2.75,0,,4.77,5.47,0.0,0.03,,,,,,[0. 0.],[0. 0.],[6.48 4.54],[1.5 1.5]
3.5,2.75,1,0.6666666865348816,4.82,7.6,0.01,0.0,5.3707142857142856,-3.971142857142857,-7.600428571428571,-113.93288585541839,0.20200000000000054,[0. 0.],[0. 0.],[6.52 3.8 ],[1.5 1.5]
3.5,2.75,2,,5.53,8.29,0.05,0.01,,,,,,[0. 0.],[0. 0.],[2.07 4.73],[1.5 1.5]
3.5,2.75,3,0.7333333492279053,4.67,6.37,0.02,0.0,5.018999999999999,-3.7067272727272726,-6.367545454545455,-99.70923916978876,0.21127272727272484,[0. 0.],[0. 0.],[3.02 3.53],[1.5 1.5]
3.5,2.75,4,0.4117647111415863,4.98,9.34,0.0,0.01,5.310142857142857,-3.9285714285714284,-9.337142857142856,-65.8756092090113,0.19171428571428514,[0. 0.],[0. 0.],[4.31 3.49],[1.5 1.5]
3.5,2.75,5,,3.17,4.75,0.01,0.01,,,,,,[0. 0.],[0. 0.],[2.19 5.96],[1.5 1.5]
3.75,0.0,0,0.20000000298023224,5.56,9.39,0.0,0.01,5.778,-0.0006666666666666666,-9.379333333333333,-156.77604334305963,0.18733333333333135,[0. 0.],[0. 0.],[4.01 4.58],[1.5 1.5]
3.75,0.0,1,0.3913043439388275,4.82,11.62,0.04,0.13,5.036111111111111,-0.0011111111111111111,-11.573888888888888,-61.1829126247483,0.21244444444444197,[0. 0.],[0. 0.],[5.56 5.96],[1.5 1.5]
3.75,0.0,2,,4.48,5.76,0.01,0.0,,,,,,[0. 0.],[0. 0.],[4.35 4.24],[1.5 1.5]
3.75,0.0,3,0.0,5.29,1.68,0.0,0.04,,,,,,[0. 0.],[0. 0.],[5.13 1.08],[1.5 1.5]
3.75,0.0,4,0.40909090638160706,4.6,6.03,0.02,0.02,4.8709999999999996,-0.0017777777777777779,-6.034888888888889,-174.18093816004577,0.22755555555554943,[0. 0.],[0. 0.],[2.92 5.92],[1.5 1.5]
3.75,0.0,5,0.0,4.04,0.98,0.0,0.0,,,,,,[0. 0.],[0. 0.],[5.62 1.23],[1.5 1.5]
3.75,0.25,0,0.4166666567325592,4.47,6.02,0.0,0.0,4.8945,-0.3089,-6.017000000000001,-139.68685723089084,0.23340000000000033,[0. 0.],[0. 0.],[3.16 6.88],[1.5 1.5]
3.75,0.25,1,0.5454545617103577,4.83,8.86,0.07,0.01,5.314416666666667,-0.33558333333333334,-8.856333333333332,-167.02517452767998,0.20266666666666833,[0. 0.],[0. 0.],[6.13 6.53],[1.5 1.5]
3.75,0.25,2,,4.26,5.4,0.0,0.0,,,,,,[0. 0.],[0. 0.],[3.66 5.33],[1.5 1.5]
3.75,0.25,3,0.0,6.21,2.08,0.04,0.01,,,,,,[0. 0.],[0. 0.],[4.72 1.91],[1.5 1.5]
3.75,0.25,4,0.5652173757553101,4.44,6.14,0.0,0.02,4.951923076923077,-0.3136153846153845,-6.159923076923078,-170.28252020471166,0.23338461538461913,[0. 0.],[0. 0.],[1.5  1.23],[1.5 1.5]
3.75,0.25,5,0.40909090638160706,3.88,2.61,0.0,0.0,4.173,-0.2658888888888889,-2.6082222222222224,-166.61380150075846,0.3206666666666648,[0. 0.],[0. 0.],[6.31 1.56],[1.5 1.5]
3.75,0.5,0,0.5,4.47,4.3,0.03,0.01,4.7433,-0.6051,-4.302199999999999,-165.83061703667514,0.2553999999999982,[0. 0.],[0. 0.],[4.74 3.41],[1.5 1.5]
3.75,0.5,1,0.5,4.09,4.3,0.0,0.0,4.4704999999999995,-0.564875,-4.2989999999999995,-128.1892270210031,0.25649999999999906,[0. 0.],[0. 0.],[2.64 2.66],[1.5 1.5]
3.75,0.5,2,,3.88,2.68,0.0,0.0,,,,,,[0. 0.],[0. 0.],[5.09 1.23],[1.5 1.5]
3.75,0.5,3,0.5652173757553101,3.9,2.78,0.02,0.0,4.220692307692308,-0.5348461538461537,-2.7830000000000004,-140.63295899592597,0.3135384615384621,[0. 0.],[0. 0.],[3.23 2.06],[1.5 1.5]
3.75,0.5,4,,3.24,3.24,0.0,0.05,,,,,,[0. 0.],[0. 0.],[1.05 2.62],[1.5 1.5]
3.75,0.5,5,0.0,5.99,1.22,0.0,0.0,,,,,,[0. 0.],[0. 0.],[5.57 1.28],[1.5 1.5]
3.75,0.75,0,0.0,3.77,0.32,0.0,0.01,,,,,,[0. 0.],[0. 0.],[4.36 1.12],[1.5 1.5]
3.75,0.75,1,,4.74,7.68,0.0,0.0,,,,,,[0. 0.],[0. 0.],[6.23 6.57],[1.5 1.5]
3.75,0.75,2,0.5,3.97,3.56,0.0,0.05,4.301909090909091,-0.8167272727272727,-3.5466363636363636,-167.17468171186334,0.3034545454545449,[0. 0.],[0. 0.],[1.79 2.41],[1.5 1.5]
3.75,0.75,3,,4.42,9.21,0.0,0.51,,,,,,[0. 0.],[0. 0.],[5.81 3.8 ],[1.5 1.5]
3.75,0.75,4,0.6666666865348816,4.13,3.15,0.01,0.01,4.434357142857143,-0.840642857142857,-3.158857142857143,-156.10488237340175,0.2892857142857138,[0. 0.],[0. 0.],[5.9  2.87],[1.5 1.5]
3.75,0.75,5,0.46666666865348816,4.23,2.66,0.11,0.13,4.476571428571428,-0.8481428571428571,-2.749857142857143,-148.0674971752337,0.2942857142857148,[0. 0.],[0. 0.],[3.65 4.02],[1.5 1.5]
3.75,1.0,0,0.0,3.19,4.79,0.0,0.05,,,,,,[0. 0.],[0. 0.],[3.08 2.56],[1.5 1.5]
3.75,1.0,1,,4.03,2.67,0.04,0.01,,,,,,[0. 0.],[0. 0.],[2.89 1.67],[1.5 1.5]
3.75,1.0,2,0.6499999761581421,4.26,5.17,0.01,0.0,4.814923076923077,-1.216076923076923,-5.17276923076923,-164.37788486542297,0.2401538461538471,[0. 0.],[0. 0.],[5.07 6.12],[1.5 1.5]
3.75,1.0,3,,4.62,7.07,0.04,0.0,,,,,,[0. 0.],[0. 0.],[2.91 5.8 ],[1.5 1.5]
3.75,1.0,4,0.75,4.98,7.52,0.0,0.14,5.787333333333333,-1.4566666666666668,-7.661666666666666,-155.66653809025453,0.17999999999999497,[0. 0.],[0. 0.],[3.19 6.75],[1.5 1.5]
3.75,1.0,5,0.739130437374115,4.64,5.29,0.01,0.0,4.917,-1.2413529411764708,-5.293470588235294,-162.65258994936033,0.2383529411764713,[0. 0.],[0. 0.],[6.16 6.54],[1.5 1.5]
3.75,1.25,0,0.0,6.54,1.02,0.07,0.0,,,,,,[0. 0.],[0. 0.],[6.83 3.51],[1.5 1.5]
3.75,1.25,1,0.0,3.04,0.29,0.0,0.0,,,,,,[0. 0.],[0. 0.],[1.4  1.63],[1.5 1.5]
3.75,1.25,2,0.523809552192688,3.99,3.12,0.07,0.04,4.322272727272726,-1.3642727272727273,-3.0777272727272726,-111.44067417288066,0.3136363636363655,[0. 0.],[0. 0.],[3.49 3.75],[1.5 1.5]
3.75,1.25,3,,4.53,4.31,0.0,0.0,,,,,,[0. 0.],[0. 0.],[6.21 4.37],[1.5 1.5]
3.75,1.25,4,0.0,6.24,0.92,0.0,0.02,,,,,,[0. 0.],[0. 0.],[6.46 3.45],[1.5 1.5]
3.75,1.25,5,0.6470588445663452,4.23,2.92,0.0,0.01,4.467545454545455,-1.4097272727272725,-2.9257272727272725,-164.84947923680969,0.2850909090909013,[0. 0.],[0. 0.],[4.38 4.31],[1.5 1.5]
3.75,1.5,0,,4.11,5.5,0.0,0.0,,,,,,[0. 0.],[0. 0.],[3.73 3.67],[1.5 1.5]
3.75,1.5,1,0.52173912525177,4.86,12.0,0.02,0.14,5.2884166666666665,-2.00075,-11.9935,-47.01258085758072,0.2016666666666672,[0. 0.],[0. 0.],[4.67 3.64],[1.5 1.5]
3.75,1.5,2,0.523809552192688,4.74,8.35,0.05,0.01,5.141363636363636,-1.9473636363636364,-8.347090909090909,-45.94995997109242,0.21454545454545448,[0. 0.],[0. 0.],[3.54 6.36],[1.5 1.5]
3.75,1.5,3,,3.98,2.91,0.01,0.0,,,,,,[0. 0.],[0. 0.],[4.57 4.05],[1.5 1.5]
3.75,1.5,4,,2.21,5.12,0.0,0.01,,,,,,[0. 0.],[0. 0.],[2.06 4.46],[1.5 1.5]
3.75,1.5,5,0.6190476417541504,4.79,11.77,0.0,0.27,5.172384615384615,-1.9529999999999996,-11.72723076923077,-139.14610996875754,0.21061538461538448,[0. 0.],[0. 0.],[6.32 6.98],[1.5 1.5]
3.75,1.75,0,0.6190476417541504,4.0,2.44,0.0,0.03,4.257615384615385,-1.877923076923077,-2.4459230769230773,-138.13179667459906,0.323846153846155,[0. 0.],[0. 0.],[3.52 3.01],[1.5 1.5]
3.75,1.75,1,,4.63,6.41,0.03,0.01,,,,,,[0. 0.],[0. 0.],[6.4  4.82],[1.5 1.5]
3.75,1.75,2,,4.66,6.56,0.0,0.0,,,,,,[0. 0.],[0. 0.],[4.04 6.26],[1.5 1.5]
3.75,1.75,3,,4.67,7.41,0.0,0.08,,,,,,[0. 0.],[0. 0.],[5.56 3.7 ],[1.5 1.5]
3.75,1.75,4,,4.25,4.47,0.0,0.02,,,,,,[0. 0.],[0. 0.],[1.29 2.74],[1.5 1.5]
3.75,1.75,5,,3.96,5.81,0.0,0.07,,,,,,[0. 0.],[0. 0.],[3.49 2.36],[1.5 1.5]
3.75,2.0,0,0.40909090638160706,4.12,3.26,0.18,0.15,4.3917777777777784,-2.2154444444444445,-3.293222222222222,-86.1409527585952,0.29844444444444523,[0. 0.],[0. 0.],[2.   1.57],[1.5 1.5]
3.75,2.0,1,,4.75,6.25,0.06,0.01,,,,,,[0. 0.],[0. 0.],[3.61 5.24],[1.5 1.5]
3.75,2.0,2,0.6363636255264282,3.82,2.76,0.01,0.0,4.2675,-2.156571428571429,-2.7570714285714284,-119.68862572545602,0.30957142857141867,[0. 0.],[0. 0.],[4.98 2.35],[1.5 1.5]
3.75,2.0,3,,8.11,3.82,0.08,0.0,,,,,,[0. 0.],[0. 0.],[6.   4.29],[1.5 1.5]
3.75,2.0,4,0.7272727489471436,4.13,2.77,0.04,1.4,4.4249374999999995,-2.2339374999999997,-3.26625,-74.44426423139166,0.2968749999999996,[0. 0.],[0. 0.],[5.83 3.81],[1.5 1.5]
3.75,2.0,5,,5.57,7.2,0.03,0.01,,,,,,[0. 0.],[0. 0.],[2.39 2.34],[1.5 1.5]
3.75,2.25,0,,4.51,7.29,0.0,0.02,,,,,,[0. 0.],[0. 0.],[1.31 4.63],[1.5 1.5]
3.75,2.25,1,0.0,13.45,0.51,0.06,0.0,,,,,,[0. 0.],[0. 0.],[1.78 2.76],[1.5 1.5]
3.75,2.25,3,0.6666666865348816,4.07,3.77,0.0,0.01,4.422,-2.5107142857142857,-3.775357142857143,-113.81420614697878,0.2815714285714282,[0. 0.],[0. 0.],[3.15 3.59],[1.5 1.5]
3.75,2.25,4,0.550000011920929,4.52,5.26,0.0,0.0,4.922363636363635,-2.789727272727273,-5.254272727272727,-134.12396447155194,0.24345454545454526,[0. 0.],[0. 0.],[4.95 5.37],[1.5 1.5]
3.75,2.25,5,0.6363636255264282,4.42,5.42,0.0,0.0,4.9503571428571425,-2.807928571428572,-5.418428571428572,-103.93776231223023,0.23414285714285685,[0. 0.],[0. 0.],[4.11 4.46],[1.5 1.5]
3.75,2.5,0,,5.88,7.39,0.03,0.08,,,,,,[0. 0.],[0. 0.],[5.25 4.55],[1.5 1.5]
3.75,2.5,1,,4.29,8.05,0.0,0.0,,,,,,[0. 0.],[0. 0.],[2.61 4.87],[1.5 1.5]
3.75,2.5,2,0.5263158082962036,4.18,2.62,0.01,0.01,4.4766,-2.8174,-2.6175,-118.64526104047006,0.29439999999999866,[0. 0.],[0. 0.],[4.97 2.92],[1.5 1.5]
3.75,2.5,3,0.6666666865348816,4.53,5.46,0.0,0.01,5.0702,-3.1947,-5.4328,-96.65553159972157,0.2264000000000011,[0. 0.],[0. 0.],[3.44 5.42],[1.5 1.5]
3.75,2.5,4,0.5,3.83,2.88,0.0,0.02,4.276666666666667,-2.710555555555556,-2.868777777777778,-17.269708370767628,0.3146666666666655,[0. 0.],[0. 0.],[2.5  4.19],[1.5 1.5]
3.75,2.5,5,,4.07,2.23,0.0,0.01,,,,,,[0. 0.],[0. 0.],[2.63 3.38],[1.5 1.5]
3.75,2.75,0,0.5555555820465088,4.05,2.33,0.0,0.01,4.2519,-2.948,-2.3278000000000003,-125.06322884655765,0.3168000000000003,[0. 0.],[0. 0.],[6.81 4.66],[1.5 1.5]
3.75,2.75,1,,5.12,7.25,0.01,0.02,,,,,,[0. 0.],[0. 0.],[6.31 5.96],[1.5 1.5]
3.75,2.75,2,0.0,6.77,7.36,0.1,0.01,,,,,,[0. 0.],[0. 0.],[5.22 4.94],[1.5 1.5]
3.75,2.75,3,0.0,9.15,0.49,0.18,0.0,,,,,,[0. 0.],[0. 0.],[6.09 1.41],[1.5 1.5]
3.75,2.75,4,0.7272727489471436,4.47,4.87,0.01,0.0,4.800875,-3.3308125,-4.873375,-59.100436017999144,0.2441250000000012,[0. 0.],[0. 0.],[3.41 4.77],[1.5 1.5]
3.75,2.75,5,0.0,6.91,0.64,0.18,0.0,,,,,,[0. 0.],[0. 0.],[5.65 1.4 ],[1.5 1.5]
4.0,0.0,0,0.5,3.98,3.95,0.02,0.0,4.222666666666666,-0.004166666666666667,-3.9469999999999996,-106.21355674719341,0.27866666666666706,[0. 0.],[0. 0.],[3.   4.17],[1.5 1.5]
4.0,0.0,1,0.0,4.3,1.0,0.02,0.0,,,,,,[0. 0.],[0. 0.],[2.44 2.65],[1.5 1.5]
4.0,0.0,2,0.2857142984867096,3.75,2.12,0.0,0.02,4.061333333333334,-0.006166666666666667,-2.1235,-171.8328072755327,0.3570000000000011,[0. 0.],[0. 0.],[3.35 2.04],[1.5 1.5]
4.0,0.0,4,0.30434781312942505,3.89,2.43,0.01,0.01,4.098428571428571,-0.005571428571428572,-2.434714285714286,-165.98607238627807,0.33457142857142796,[0. 0.],[0. 0.],[3.99 1.82],[1.5 1.5]
4.0,0.0,5,,4.58,13.0,0.19,0.2,,,,,,[0. 0.],[0. 0.],[5.39 4.32],[1.5 1.5]
4.0,0.25,0,,2.64,10.11,0.0,0.14,,,,,,[0. 0.],[0. 0.],[1.6  3.48],[1.5 1.5]
4.0,0.25,1,,4.49,5.92,0.0,0.01,,,,,,[0. 0.],[0. 0.],[3.78 4.72],[1.5 1.5]
4.0,0.25,2,0.0,5.49,2.44,0.17,0.55,,,,,,[0. 0.],[0. 0.],[5.26 2.19],[1.5 1.5]
4.0,0.25,3,0.0,7.1,1.14,0.12,0.0,,,,,,[0. 0.],[0. 0.],[6.47 3.67],[1.5 1.5]
4.0,0.25,4,0.40909090638160706,4.05,2.6,0.02,0.0,4.177,-0.2523333333333333,-2.6014444444444442,-139.5296826736907,0.3302222222222216,[0. 0.],[0. 0.],[2.78 2.4 ],[1.5 1.5]
4.0,0.25,5,,4.69,7.29,0.0,0.05,,,,,,[0. 0.],[0. 0.],[6.69 6.36],[1.5 1.5]
4.0,0.5,0,,2.78,6.76,0.01,0.0,,,,,,[0. 0.],[0. 0.],[1.67 6.38],[1.5 1.5]
4.0,0.5,1,,1.85,4.12,0.01,0.21,,,,,,[0. 0.],[0. 0.],[1.94 1.84],[1.5 1.5]
4.0,0.5,2,0.523809552192688,3.83,2.45,0.01,0.03,4.128,-0.49536363636363634,-2.437090909090909,-162.1912137006602,0.3321818181818169,[0. 0.],[0. 0.],[4.01 6.03],[1.5 1.5]
4.0,0.5,3,,4.64,7.13,0.0,0.04,,,,,,[0. 0.],[0. 0.],[2.81 3.13],[1.5 1.5]
4.0,0.5,4,,2.91,8.42,0.03,0.42,,,,,,[0. 0.],[0. 0.],[1.51 5.23],[1.5 1.5]
4.0,0.5,5,0.3181818127632141,4.87,7.11,0.03,0.18,5.352714285714286,-0.6372857142857143,-7.138428571428571,-116.77919931754532,0.20914285714286254,[0. 0.],[0. 0.],[3.68 4.88],[1.5 1.5]
4.0,0.75,0,0.0,3.64,0.3,0.0,0.0,,,,,,[0. 0.],[0. 0.],[3.92 1.22],[1.5 1.5]
4.0,0.75,1,,5.31,7.35,0.0,0.0,,,,,,[0. 0.],[0. 0.],[3.17 6.28],[1.5 1.5]
4.0,0.75,2,0.47826087474823,4.32,5.32,0.01,0.0,4.773636363636364,-0.8528181818181818,-5.316363636363636,-160.18465895095784,0.2258181818181849,[0. 0.],[0. 0.],[3.89 4.65],[1.5 1.5]
4.0,0.75,3,0.27272728085517883,4.05,3.1,0.01,0.0,4.409,-0.7883333333333334,-3.1010000000000004,-165.92547032119248,0.2786666666666804,[0. 0.],[0. 0.],[2.86 3.47],[1.5 1.5]
4.0,0.75,4,0.4583333432674408,5.0,7.62,0.0,0.12,5.470545454545454,-0.9741818181818183,-7.671181818181818,-165.20287311506786,0.19963636363636408,[0. 0.],[0. 0.],[6.78 1.94],[1.5 1.5]
4.0,0.75,5,0.0,4.41,5.45,0.02,0.01,,,,,,[0. 0.],[0. 0.],[4.34 6.34],[1.5 1.5]
4.0,1.0,0,,5.76,4.21,0.01,0.0,,,,,,[0. 0.],[0. 0.],[1.2  4.54],[1.5 1.5]
4.0,1.0,1,0.0,7.85,1.36,0.01,0.0,,,,,,[0. 0.],[0. 0.],[6.62 3.37],[1.5 1.5]
4.0,1.0,2,,1.71,3.55,0.0,0.0,,,,,,[0. 0.],[0. 0.],[1.23 3.35],[1.5 1.5]
4.0,1.0,4,0.3888888955116272,4.44,3.41,0.0,0.04,4.589714285714286,-1.0935714285714286,-3.406714285714286,-153.12640871213208,0.2585714285714286,[0. 0.],[0. 0.],[5.94 1.73],[1.5 1.5]
4.0,1.0,5,0.0,3.32,0.37,0.0,0.0,,,,,,[0. 0.],[0. 0.],[3.83 2.78],[1.5 1.5]
4.0,1.25,0,0.5263158082962036,3.66,1.42,0.0,0.0,3.9055,-1.1616,-1.4213999999999998,-148.59682742983463,0.3939999999999998,[0. 0.],[0. 0.],[4.41 1.75],[1.5 1.5]
4.0,1.25,1,0.4761904776096344,3.84,2.54,0.0,0.0,4.188199999999999,-1.2409999999999999,-2.5431999999999997,-86.64191249091475,0.3109999999999983,[0. 0.],[0. 0.],[4.   2.16],[1.5 1.5]
4.0,1.25,2,,1.05,4.45,0.02,0.0,,,,,,[0. 0.],[0. 0.],[1.53 4.44],[1.5 1.5]
4.0,1.25,3,0.761904776096344,4.2,4.31,0.02,0.02,4.623875,-1.3726249999999998,-4.3178125000000005,-132.49754470470853,0.2486250000000002,[0. 0.],[0. 0.],[4.85 5.33],[1.5 1.5]
4.0,1.25,4,0.5454545617103577,4.21,4.02,0.0,0.0,4.658499999999999,-1.3855000000000002,-4.016333333333332,-157.66016581019542,0.25883333333333436,[0. 0.],[0. 0.],[6.   5.05],[1.5 1.5]
4.0,1.25,5,0.4375,5.1,5.56,0.01,0.0,5.307142857142857,-1.5751428571428572,-5.562428571428571,-147.4047610096898,0.2039999999999986,[0. 0.],[0. 0.],[6.8  4.17],[1.5 1.5]
4.0,1.5,0,0.2142857164144516,4.32,7.55,0.0,0.02,4.9976666666666665,-1.7706666666666668,-7.540666666666667,-143.68083027158767,0.19066666666666757,[0. 0.],[0. 0.],[3.53 6.26],[1.5 1.5]
4.0,1.5,1,0.5333333611488342,4.32,4.21,0.0,0.1,4.752125,-1.6946249999999998,-4.200125,-166.4310966493441,0.2574999999999994,[0. 0.],[0. 0.],[3.73 4.66],[1.5 1.5]
4.0,1.5,2,0.0,7.49,1.02,0.01,0.0,,,,,,[0. 0.],[0. 0.],[6.84 1.4 ],[1.5 1.5]
4.0,1.5,3,0.0,4.82,12.18,0.01,0.01,,,,,,[0. 0.],[0. 0.],[3.13 6.25],[1.5 1.5]
4.0,1.5,4,0.0,4.9,5.35,0.35,0.0,,,,,,[0. 0.],[0. 0.],[4.8  2.61],[1.5 1.5]
4.0,1.5,5,0.6666666865348816,4.75,5.11,0.02,0.03,4.9863,-1.7795999999999998,-5.144299999999999,-153.99922716746158,0.2245999999999974,[0. 0.],[0. 0.],[2.91 5.7 ],[1.5 1.5]
4.0,1.75,0,,4.73,5.5,0.0,0.0,,,,,,[0. 0.],[0. 0.],[3.9 5.7],[1.5 1.5]
4.0,1.75,1,0.8125,4.43,6.49,0.27,1.44,5.065846153846154,-2.1053076923076923,-7.19076923076923,-85.43645918423387,0.21676923076922788,[0. 0.],[0. 0.],[1.35 5.51],[1.5 1.5]
4.0,1.75,2,0.5384615659713745,3.59,2.12,0.0,0.0,4.02342857142857,-1.6732857142857143,-2.115142857142857,-119.22455946672594,0.34885714285714187,[0. 0.],[0. 0.],[2.44 1.86],[1.5 1.5]
4.0,1.75,3,0.0,4.51,4.55,0.0,0.01,,,,,,[0. 0.],[0. 0.],[5.76 4.08],[1.5 1.5]
4.0,1.75,4,0.25,3.67,2.62,0.01,0.09,4.00175,-1.6639999999999997,-2.637,-1.0419069152767264,0.34350000000000414,[0. 0.],[0. 0.],[2.   1.93],[1.5 1.5]
4.0,1.75,5,0.625,4.42,4.43,0.07,0.06,4.742666666666667,-1.9675333333333331,-4.438666666666667,-109.65221248461357,0.25413333333333327,[0. 0.],[0. 0.],[6.47 3.09],[1.5 1.5]
4.0,2.0,0,,2.77,2.85,0.07,0.01,,,,,,[0. 0.],[0. 0.],[6.75 5.46],[1.5 1.5]
4.0,2.0,1,,3.96,2.37,0.05,0.0,,,,,,[0. 0.],[0. 0.],[4.26 1.65],[1.5 1.5]
4.0,2.0,2,0.0,3.65,0.28,0.01,0.0,,,,,,[0. 0.],[0. 0.],[1.64 1.08],[1.5 1.5]
4.0,2.0,3,,4.58,5.75,0.0,0.02,,,,,,[0. 0.],[0. 0.],[4.66 5.99],[1.5 1.5]
4.0,2.0,4,,2.63,6.62,0.0,0.22,,,,,,[0. 0.],[0. 0.],[2.02 6.45],[1.5 1.5]
4.0,2.25,0,0.3636363744735718,4.15,2.0,0.0,0.02,4.25825,-2.281,-2.004,-74.97990233623574,0.3180000000000024,[0. 0.],[0. 0.],[6.06 2.74],[1.5 1.5]
4.0,2.25,1,0.375,3.69,4.0,0.0,0.03,4.174666666666666,-2.2406666666666664,-3.9773333333333336,-68.69567318475617,0.30999999999999917,[0. 0.],[0. 0.],[2.16 4.15],[1.5 1.5]
4.0,2.25,2,0.0,2.4,0.28,0.0,0.01,,,,,,[0. 0.],[0. 0.],[3.25 1.2 ],[1.5 1.5]
4.0,2.25,3,,4.87,4.0,0.11,0.01,,,,,,[0. 0.],[0. 0.],[6.05 4.  ],[1.5 1.5]
4.0,2.25,4,0.0,3.33,0.38,0.02,0.0,,,,,,[0. 0.],[0. 0.],[5.4  2.09],[1.5 1.5]
4.0,2.25,5,,2.66,3.04,0.0,0.0,,,,,,[0. 0.],[0. 0.],[4.08 3.19],[1.5 1.5]
4.0,2.5,0,,4.33,3.56,0.01,0.0,,,,,,[0. 0.],[0. 0.],[6.07 4.03],[1.5 1.5]
4.0,2.5,1,,4.8,5.84,0.0,0.0,,,,,,[0. 0.],[0. 0.],[2.31 3.64],[1.5 1.5]
4.0,2.5,2,,4.01,2.62,0.0,0.0,,,,,,[0. 0.],[0. 0.],[6.64 3.28],[1.5 1.5]
4.0,2.5,4,0.6818181872367859,4.59,5.72,0.0,0.0,4.924200000000001,-2.9199333333333333,-5.718066666666668,-51.719035153978076,0.23586666666666714,[0. 0.],[0. 0.],[5.93 5.89],[1.5 1.5]
4.0,2.5,5,0.6315789222717285,3.74,1.66,0.0,0.0,4.0222500000000005,-2.3869166666666666,-1.658916666666667,-148.37888963828263,0.35450000000000087,[0. 0.],[0. 0.],[4.44 1.78],[1.5 1.5]
4.0,2.75,0,,5.33,6.15,0.01,0.0,,,,,,[0. 0.],[0. 0.],[7.   6.73],[1.5 1.5]
4.0,2.75,1,0.5,4.86,6.88,0.0,0.03,5.102666666666667,-3.343,-6.878666666666667,-166.13608719588433,0.21399999999999922,[0. 0.],[0. 0.],[2.54 4.52],[1.5 1.5]
4.0,2.75,2,0.6499999761581421,3.69,2.05,0.06,0.08,4.045538461538462,-2.6420769230769228,-2.089769230769231,-62.51891218467869,0.33784615384615463,[0. 0.],[0. 0.],[1.61 1.26],[1.5 1.5]
4.0,2.75,3,,4.78,7.33,0.06,0.05,,,,,,[0. 0.],[0. 0.],[2.7  3.85],[1.5 1.5]
4.0,2.75,4,,3.68,7.18,0.0,0.04,,,,,,[0. 0.],[0. 0.],[3.2  3.37],[1.5 1.5]
4.0,2.75,5,,4.79,6.06,0.0,0.0,,,,,,[0. 0.],[0. 0.],[4.48 3.8 ],[1.5 1.5]
