vel_IC,phi_IC,trial_num,vx,vz,mu_0,sigma_0,RREV_threshold,RREV_sig,My_d,My_d_sig,landing_rate_4_leg,landing_rate_2_leg,RREV_flip_mean,RREV_flip_std,dRREV_flip_mean,dRREV_flip_std,OF_y_flip_mean,OF_y_flip_std,flip_height_mean,flip_height_std,flip_d_mean,flip_vz_mean,flip_vz_std,impact_force_x_mean,impact_force_x_std,impact_force_z_mean,impact_force_z_std,impact_vx_mean,impact_vx_std,impact_vz_mean,impact_vz_std,impact_eul_mean,impact_eul_std,t_delta_mean,t_delta_std
1.0,22.4,0,0.92,0.38,[4.81 3.43],[2. 2.],3.99,0.01,5.07,0.0,0.0,0.0,,,,,,,,,,,,,,,,,,,,,,,
1.0,22.4,1,0.92,0.38,[2.69 5.04],[2. 2.],3.23,0.01,7.58,0.11,0.0,0.0,,,,,,,,,,,,,,,,,,,,,,,
1.0,22.4,2,0.92,0.38,[2.6  3.55],[2. 2.],3.86,0.0,5.39,0.01,0.0,0.0,,,,,,,,,,,,,,,,,,,,,,,
1.0,22.4,3,0.92,0.38,[3.03 4.53],[2. 2.],3.27,0.02,7.63,0.08,0.0,0.0,,,,,,,,,,,,,,,,,,,,,,,
1.0,22.4,4,0.92,0.38,[5.89 4.65],[2. 2.],3.22,0.01,8.02,0.01,0.0,0.0,,,,,,,,,,,,,,,,,,,,,,,
1.0,29.9,0,0.87,0.5,[5.95 6.22],[2. 2.],3.7,0.0,7.9,0.0,0.0,0.0,,,,,,,,,,,,,,,,,,,,,,,
1.0,29.9,1,0.87,0.5,[6.09 3.51],[2. 2.],4.64,0.0,4.73,0.04,0.0,0.0,,,,,,,,,,,,,,,,,,,,,,,
1.0,29.9,2,0.87,0.5,[5.83 7.49],[2. 2.],3.79,0.02,7.26,0.05,0.0,0.0,,,,,,,,,,,,,,,,,,,,,,,
1.0,29.9,3,0.87,0.5,[4.94 5.14],[2. 2.],3.53,0.01,9.21,0.02,0.0,0.0,,,,,,,,,,,,,,,,,,,,,,,
1.0,29.9,4,0.87,0.5,[4.36 7.3 ],[2. 2.],4.08,0.0,6.11,0.08,0.0,0.0,,,,,,,,,,,,,,,,,,,,,,,
1.0,37.7,0,0.79,0.61,[6.02 3.89],[2. 2.],4.71,0.01,5.39,0.01,0.0,0.0,,,,,,,,,,,,,,,,,,,,,,,
1.0,37.7,1,0.79,0.61,[2.81 4.84],[2. 2.],4.96,0.02,4.79,0.0,0.0,0.0,,,,,,,,,,,,,,,,,,,,,,,
1.0,37.7,2,0.79,0.61,[4.87 5.37],[2. 2.],4.2,0.0,7.12,0.03,0.0,0.0,,,,,,,,,,,,,,,,,,,,,,,
1.0,37.7,3,0.79,0.61,[5.2  3.64],[2. 2.],5.53,0.0,3.72,0.0,0.0,0.0,,,,,,,,,,,,,,,,,,,,,,,
1.0,37.7,4,0.79,0.61,[2.76 7.72],[2. 2.],3.97,0.0,8.15,0.0,0.0,0.0,,,,,,,,,,,,,,,,,,,,,,,
1.0,45.0,0,0.71,0.71,[5.97 3.58],[2. 2.],5.48,0.0,4.2,0.0,0.0,0.0,,,,,,,,,,,,,,,,,,,,,,,
1.0,45.0,1,0.71,0.71,[3.93 4.96],[2. 2.],4.28,0.0,8.62,0.03,0.0417,0.0,4.2855,0.0055,17.4605,0.0,-4.2145,0.0015,1.932,0.0,0.168,0.702,0.0,0.847,0.0,0.485,0.0,0.444,0.0,0.278,0.0,56.4618,0.0,0.136,0.0
1.0,45.0,2,0.71,0.71,[3.11 5.74],[2. 2.],4.36,0.0,8.45,0.08,0.0,0.0,,,,,,,,,,,,,,,,,,,,,,,
1.0,45.0,3,0.71,0.71,[3.34 7.16],[2. 2.],3.98,0.01,9.57,0.02,0.4583,0.0,4.1167,0.0296,16.9101,0.2604,-4.0442,0.0301,1.9293,0.0013,0.1707,0.702,0.0,1.0072,0.0401,0.304,0.1637,0.2584,0.0743,0.0795,0.1039,113.4341,32.7712,0.0365,0.6386
1.0,45.0,4,0.71,0.71,[5.47 7.29],[2. 2.],4.65,0.0,6.37,0.03,0.0,0.0,,,,,,,,,,,,,,,,,,,,,,,
1.0,52.3,1,0.61,0.79,[3.79 5.37],[2. 2.],4.66,0.01,6.57,0.0,0.0,0.0,,,,,,,,,,,,,,,,,,,,,,,
1.0,52.3,2,0.61,0.79,[2.52 3.92],[2. 2.],4.47,0.01,8.25,0.01,0.2292,0.0,4.5034,0.023,19.992,0.7004,-3.3882,0.0168,1.9235,0.0032,0.1765,0.789,0.0,0.9116,0.029,0.2462,0.0773,0.1508,0.0274,0.0766,0.0431,93.6304,5.4556,0.1709,0.002
1.0,52.3,3,0.61,0.79,[6.07 3.09],[2. 2.],6.98,0.02,5.33,0.03,0.0,0.0,,,,,,,,,,,,,,,,,,,,,,,
1.0,52.3,4,0.61,0.79,[3.59 7.83],[2. 2.],4.53,0.0,7.94,0.0,0.0417,0.0,4.5505,0.0015,19.2136,0.0,-3.4265,0.0025,1.92,0.0,0.18,0.789,0.0,0.891,0.0,0.151,0.0,0.139,0.0,0.02,0.0,96.7329,0.0,0.174,0.0
1.5,22.3,0,1.39,0.57,[3.83 6.58],[2. 2.],4.33,0.0,6.27,0.0,0.0,0.0,,,,,,,,,,,,,,,,,,,,,,,
1.5,22.3,1,1.39,0.57,[3.41 5.03],[2. 2.],6.12,0.0,2.71,0.0,0.0,0.0,,,,,,,,,,,,,,,,,,,,,,,
1.5,22.3,2,1.39,0.57,[6.12 3.19],[2. 2.],4.42,0.0,5.9,0.0,0.0,0.0,,,,,,,,,,,,,,,,,,,,,,,
1.5,22.3,3,1.39,0.57,[5.38 4.13],[2. 2.],4.11,0.01,6.94,0.01,0.0,0.0,,,,,,,,,,,,,,,,,,,,,,,
1.5,22.3,4,1.39,0.57,[5.53 4.71],[2. 2.],4.59,0.0,5.19,0.0,0.0,0.0,,,,,,,,,,,,,,,,,,,,,,,
1.5,30.0,0,1.3,0.75,[4.5  7.04],[2. 2.],6.95,0.0,3.52,0.25,0.0,0.0,,,,,,,,,,,,,,,,,,,,,,,
1.5,30.0,1,1.3,0.75,[3.01 5.07],[2. 2.],4.77,0.0,6.03,0.06,0.0,0.0,,,,,,,,,,,,,,,,,,,,,,,
1.5,30.0,2,1.3,0.75,[3.82 7.18],[2. 2.],6.94,0.02,5.93,0.25,0.0,0.0,,,,,,,,,,,,,,,,,,,,,,,
1.5,30.0,3,1.3,0.75,[3.29 5.67],[2. 2.],4.42,0.01,7.58,0.01,0.0,0.0,,,,,,,,,,,,,,,,,,,,,,,
1.5,30.0,4,1.3,0.75,[3.83 4.89],[2. 2.],4.77,0.03,5.96,0.0,0.0,0.0,,,,,,,,,,,,,,,,,,,,,,,
1.5,37.4,0,1.19,0.91,[6.31 4.57],[2. 2.],4.54,0.0,7.76,0.01,0.3333,0.0,4.6528,0.0511,21.6486,0.4832,-6.0129,0.0672,1.9048,0.0022,0.1952,0.908,0.0,1.3099,0.2023,5.0752,0.7912,0.7746,0.0395,0.1445,0.0582,95.5622,19.27,0.184,0.0192
1.5,37.4,1,1.19,0.91,[3.59 3.97],[2. 2.],4.56,0.0,7.52,0.0,0.4792,0.0,4.6912,0.0471,22.0118,0.4556,-6.0505,0.0577,1.9064,0.002,0.1936,0.908,0.0,,,,,,,,,,,,
1.5,37.4,2,1.19,0.91,[3.74 5.09],[2. 2.],5.6,0.0,4.1,0.0,0.0,0.0,,,,,,,,,,,,,,,,,,,,,,,
1.5,37.4,3,1.19,0.91,[6.18 4.13],[2. 2.],4.45,0.0,8.65,0.02,0.875,0.0,4.5792,0.0479,20.018,0.4141,-5.9174,0.0619,1.897,0.0021,0.203,0.908,0.0,1.266,0.2039,4.8073,1.1375,0.7535,0.0333,0.2246,0.0615,94.6129,13.5613,0.1714,0.0127
1.5,37.4,4,1.19,0.91,[6.31 3.62],[2. 2.],5.27,0.0,5.31,0.01,0.0,0.0,,,,,,,,,,,,,,,,,,,,,,,
1.5,45.0,0,1.06,1.06,[3.95 6.63],[2. 2.],4.62,0.0,8.57,0.0,0.9375,0.0,4.7421,0.046,22.0465,0.423,-4.6926,0.0451,1.8751,0.0022,0.2249,1.056,0.0,1.1677,0.2101,3.0295,1.0414,0.6216,0.0425,0.3482,0.0698,95.8233,12.8844,0.1732,0.0128
1.5,45.0,1,1.06,1.06,[4.66 6.69],[2. 2.],4.68,0.0,7.93,0.0,0.7083,0.0,4.8136,0.0711,22.9468,0.8386,-4.7624,0.0704,1.8794,0.0041,0.2206,1.056,0.0,1.1808,0.1958,3.2853,1.2012,0.6397,0.0507,0.2851,0.0777,96.1268,16.5608,0.1781,0.0147
1.5,45.0,2,1.06,1.06,[3.79 5.31],[2. 2.],4.74,0.05,8.31,0.0,0.7083,0.0,4.799,0.0657,22.8095,1.0622,-4.7494,0.0668,1.8787,0.0053,0.2213,1.056,0.0,1.2305,0.2046,3.0841,1.6744,0.6447,0.0485,0.3645,0.0877,88.814,10.1285,0.1694,0.0078
1.5,45.0,3,1.06,1.06,[6.08 3.05],[2. 2.],5.71,0.02,4.1,0.0,0.0,0.0,,,,,,,,,,,,,,,,,,,,,,,
1.5,45.0,4,1.06,1.06,[5.6  6.67],[2. 2.],4.74,0.0,7.1,0.03,0.3542,0.0,4.8992,0.0359,22.7261,0.3033,-4.8488,0.0356,1.8785,0.0015,0.2215,1.056,0.0,1.0528,0.1369,3.9031,0.9351,0.6319,0.0505,0.1536,0.0467,107.1404,23.7929,0.1961,0.0271
1.5,52.6,0,0.91,1.19,[4.64 7.85],[2. 2.],4.73,0.04,8.23,0.05,0.8958,0.0,4.8368,0.0717,23.2857,0.786,-3.6659,0.0545,1.8543,0.0042,0.2457,1.185,0.0,1.1005,0.1143,1.6329,0.6827,0.4807,0.028,0.4263,0.0704,95.9777,7.9711,0.1761,0.006
1.5,52.6,1,0.91,1.19,[5.15 3.36],[2. 2.],5.45,0.0,4.64,0.0,0.0,0.0,,,,,,,,,,,,,,,,,,,,,,,
1.5,52.6,2,0.91,1.19,[2.98 7.44],[2. 2.],4.88,0.0,7.24,0.06,0.9583,0.0,5.0067,0.0721,24.9048,0.9556,-3.7952,0.0547,1.8624,0.0047,0.2376,1.185,0.0,1.0135,0.1746,1.7156,0.5645,0.5178,0.042,0.3247,0.0951,95.1397,18.6606,0.1857,0.0214
1.5,52.6,3,0.91,1.19,[5.27 6.41],[2. 2.],4.73,0.01,7.6,0.0,0.625,0.0,4.8915,0.0511,23.8442,0.5906,-3.7045,0.0404,1.8573,0.0031,0.2427,1.185,0.0,1.1478,0.1132,1.6781,0.6196,0.4894,0.0669,0.3358,0.0875,101.4817,19.8293,0.1869,0.0216
1.5,52.6,4,0.91,1.19,[3.26 4.31],[2. 2.],4.63,0.0,9.21,0.0,1.0,0.0,4.74,0.0507,22.3579,0.5348,-3.5913,0.0391,1.8493,0.003,0.2507,1.185,0.0,1.2713,0.0972,1.9639,0.8547,0.4426,0.0963,0.5079,0.1209,100.4108,17.3335,0.1121,0.4044
1.5,60.0,0,0.75,1.3,[4.65 7.38],[2. 2.],4.77,0.0,8.75,0.02,0.8125,0.1667,4.8692,0.0403,22.2116,0.5019,-2.7661,0.0237,1.8254,0.003,0.2746,1.294,0.0,1.2875,0.0529,0.938,0.2738,0.2947,0.0184,0.5888,0.0646,96.4951,6.4422,0.1725,0.0039
1.5,60.0,1,0.75,1.3,[2.67 6.43],[2. 2.],4.88,0.01,7.56,0.06,1.0,0.0,5.0131,0.0669,24.9489,0.9965,-2.8484,0.0388,1.8408,0.0055,0.2592,1.294,0.0,1.0422,0.0803,0.7809,0.2451,0.3354,0.037,0.4608,0.0882,95.1014,13.7667,0.1819,0.0155
1.5,60.0,2,0.75,1.3,[2.63 3.26],[2. 2.],5.7,0.04,3.24,0.04,0.0,0.0,,,,,,,,,,,,,,,,,,,,,,,
1.5,60.0,3,0.75,1.3,[4.   4.36],[2. 2.],5.22,0.0,5.56,0.0,0.3958,0.0,5.2975,0.0345,28.0566,0.4069,-3.0143,0.0186,1.8557,0.0018,0.2443,1.294,0.0,0.6304,0.0515,0.5849,0.336,0.4045,0.0402,0.1392,0.0292,126.1546,41.0041,0.2522,0.0642
1.5,60.0,4,0.75,1.3,[3.26 5.75],[2. 2.],5.17,0.0,5.46,0.0,0.3333,0.0,5.3109,0.0432,27.3124,0.4278,-3.0218,0.0251,1.8524,0.0019,0.2476,1.294,0.0,0.617,0.0313,0.5131,0.3763,0.4107,0.0385,0.0991,0.0246,140.2483,39.6791,0.2734,0.0649
1.5,67.7,0,0.57,1.39,[3.44 3.33],[2. 2.],4.7,0.0,7.8,0.03,0.0833,0.4375,4.8568,0.0286,22.3851,0.7303,-1.9672,0.0137,1.808,0.0046,0.292,1.381,0.0,1.226,0.0689,0.2785,0.0986,0.1308,0.0234,0.4138,0.0747,117.2466,6.6689,0.196,0.0076
1.5,67.7,1,0.57,1.39,[5.98 6.39],[2. 2.],5.01,0.0,9.58,0.06,0.25,0.625,5.2049,0.0249,26.8508,0.7027,-2.1127,0.009,1.8334,0.0037,0.2666,1.381,0.0,0.8803,0.2966,17.4095,5.1643,0.2508,0.0166,0.9826,0.0162,65.6637,1.4905,0.1436,0.0015
1.5,67.7,2,0.57,1.39,[3.81 4.89],[2. 2.],4.58,0.04,9.6,0.24,0.3333,0.4583,4.708,0.0281,22.1418,0.2495,-1.9066,0.0113,1.8065,0.0017,0.2935,1.381,0.0,1.4641,0.2268,0.7861,0.357,0.0884,0.024,0.6263,0.09,116.3882,12.825,0.1814,0.0091
1.5,67.7,3,0.57,1.39,[3.92 3.7 ],[2. 2.],5.18,0.0,5.66,0.0,0.1042,0.2917,5.3326,0.0579,27.7226,0.938,-2.1622,0.0268,1.8376,0.0045,0.2624,1.381,0.0,0.5276,0.1502,2.6158,2.6662,0.2612,0.0479,0.3408,0.1411,83.0642,13.4881,-229.4908,459.3566
1.5,67.7,4,0.57,1.39,[6.19 7.35],[2. 2.],4.62,0.01,9.73,0.0,0.3542,0.6458,4.7225,0.018,22.2969,0.1834,-1.9124,0.0081,1.8075,0.0012,0.2925,1.381,0.0,1.4354,0.28,1.0356,0.7072,0.0882,0.0181,0.6582,0.0971,115.3708,15.6586,0.1798,0.0095
1.5,74.9,0,0.39,1.45,[5.58 5.43],[2. 2.],5.07,0.0,9.73,0.04,0.1042,0.7292,5.2502,0.0103,27.5322,0.0798,-1.361,0.0051,1.8248,0.0004,0.2752,1.444,0.0,0.4348,0.1291,12.7306,0.9803,0.067,0.0109,1.0428,0.0162,66.3893,0.437,0.145,0.0021
1.5,74.9,1,0.39,1.45,[5.37 6.96],[2. 2.],4.98,0.0,6.93,0.0,0.0,1.0,,,,,,,,,,,,,,,,,,,,,,,
1.5,74.9,2,0.39,1.45,[5.37 6.46],[2. 2.],4.88,0.0,7.73,0.0,0.0,0.9583,,,,,,,,,,,,,,,,,,,,,,,
1.5,74.9,3,0.39,1.45,[3.32 7.31],[2. 2.],5.64,0.0,9.29,0.01,0.0,0.0,,,,,,,,,,,,,,,,,,,,,,,
1.5,82.4,0,0.2,1.49,[2.84 3.88],[2. 2.],4.9,0.0,8.88,0.03,0.0,1.0,,,,,,,,,,,,,,,,,,,,,,,
1.5,82.4,1,0.2,1.49,[5.6  6.97],[2. 2.],4.93,0.0,8.25,0.02,0.0,1.0,,,,,,,,,,,,,,,,,,,,,,,
1.5,82.4,2,0.2,1.49,[4.6  6.04],[2. 2.],5.11,0.0,7.15,0.02,0.0,0.8125,,,,,,,,,,,,,,,,,,,,,,,
1.5,82.4,3,0.2,1.49,[6.31 3.42],[2. 2.],5.59,0.01,4.06,0.0,0.0,0.0,,,,,,,,,,,,,,,,,,,,,,,
1.5,82.4,4,0.2,1.49,[3.21 4.73],[2. 2.],5.18,0.01,5.23,0.01,0.0,0.6875,,,,,,,,,,,,,,,,,,,,,,,
1.5,90.0,0,0.0,1.5,[5.6  6.71],[2. 2.],5.04,0.04,7.08,0.01,0.0,0.9792,,,,,,,,,,,,,,,,,,,,,,,
1.5,90.0,1,0.0,1.5,[3.6  5.88],[2. 2.],4.82,0.0,8.85,0.06,0.0,1.0,,,,,,,,,,,,,,,,,,,,,,,
1.5,90.0,2,0.0,1.5,[6.08 5.49],[2. 2.],4.97,0.0,7.22,0.0,0.0,0.9792,,,,,,,,,,,,,,,,,,,,,,,
1.5,90.0,3,0.0,1.5,[2.74 3.72],[2. 2.],4.92,0.01,8.16,0.0,0.0,1.0,,,,,,,,,,,,,,,,,,,,,,,
1.5,90.0,4,0.0,1.5,[2.92 6.94],[2. 2.],4.98,0.0,7.93,0.0,0.0,1.0,,,,,,,,,,,,,,,,,,,,,,,
2.0,22.6,0,1.85,0.77,[3.24 7.66],[2. 2.],4.22,0.0,9.27,0.0,0.625,0.1458,4.2977,0.056,17.3425,0.5169,-10.3245,0.1402,1.9173,0.0027,0.1827,0.7607,0.0004,3.2397,0.4008,8.6067,1.7347,1.4113,0.0888,0.1767,0.1119,87.6629,16.2692,0.1604,0.013
2.0,22.6,1,1.85,0.77,[3.62 7.79],[2. 2.],4.18,0.0,9.45,0.02,0.7083,0.0,4.2861,0.048,17.3301,0.3805,-10.3,0.1153,1.9172,0.002,0.1828,0.7608,0.0004,3.2402,0.4243,8.8191,1.7182,1.4088,0.0733,0.2032,0.1083,88.1247,18.2864,0.1596,0.014
2.0,22.6,2,1.85,0.77,[4.  3.1],[2. 2.],4.68,0.02,6.19,0.01,0.0,0.0,,,,,,,,,,,,,,,,,,,,,,,
2.0,22.6,3,1.85,0.77,[3.47 4.53],[2. 2.],4.82,0.0,5.76,0.08,0.0,0.0,,,,,,,,,,,,,,,,,,,,,,,
2.0,22.6,4,1.85,0.77,[4.26 3.08],[2. 2.],6.97,0.01,3.23,0.02,0.0,0.0,,,,,,,,,,,,,,,,,,,,,,,
2.0,30.0,0,1.73,1.0,[4.17 5.07],[2. 2.],4.49,0.01,8.5,0.18,0.6042,0.0,4.6256,0.0423,21.3432,0.4691,-7.9679,0.0786,1.8846,0.0024,0.2154,0.995,0.0,3.2102,0.53,8.356,1.543,1.2721,0.0326,0.2892,0.074,98.1541,14.5638,0.1742,0.0119
2.0,30.0,1,1.73,1.0,[4.45 7.97],[2. 2.],4.63,0.0,8.22,0.03,0.8542,0.0417,4.7631,0.0675,21.4896,0.6225,-8.2125,0.1152,1.8853,0.0031,0.2147,0.995,0.0,2.5824,0.5737,7.604,1.548,1.286,0.2122,0.2817,0.0947,91.1132,16.8369,0.1009,0.4401
2.0,30.0,2,1.73,1.0,[4.25 5.54],[2. 2.],4.44,0.02,9.23,0.01,0.6667,0.0208,4.5436,0.049,20.614,0.4385,-7.8279,0.0844,1.8808,0.0023,0.2192,0.995,0.0,3.4059,0.5584,8.0601,1.6247,1.2474,0.0259,0.3348,0.0772,100.2976,13.2471,0.1706,0.0091
2.0,30.0,3,1.73,1.0,[5.83 4.55],[2. 2.],4.59,0.01,9.24,0.04,0.9792,0.0,4.6917,0.0586,21.2437,1.1341,-8.0856,0.0992,1.8839,0.0057,0.2161,0.995,0.0,2.5264,0.5408,7.5591,1.5981,1.2941,0.2007,0.4102,0.1214,87.6024,21.1678,0.0998,0.4158
2.0,30.0,4,1.73,1.0,[5.36 3.14],[2. 2.],5.36,0.05,5.12,0.23,0.0,0.0,,,,,,,,,,,,,,,,,,,,,,,
2.0,37.5,0,1.59,1.22,[4.95 3.99],[2. 2.],4.78,0.01,8.09,0.19,0.9375,0.0,4.9165,0.0569,23.3228,1.2029,-6.3671,0.0739,1.8486,0.0065,0.2514,1.213,0.0,2.4184,0.4612,6.3752,1.2815,1.1302,0.1781,0.4527,0.1148,94.8045,15.4996,0.1107,0.4211
2.0,37.5,1,1.59,1.22,[5.08 4.95],[2. 2.],4.85,0.0,8.0,0.01,0.9792,0.0,4.9818,0.0762,23.9007,0.9248,-6.4547,0.0983,1.8517,0.0048,0.2483,1.213,0.0,2.3227,0.565,6.1042,1.2126,1.1801,0.0411,0.4789,0.0745,88.9286,8.7323,0.1718,0.0068
2.0,37.5,2,1.59,1.22,[3.5  3.87],[2. 2.],5.6,0.0,3.9,0.0,0.0,0.0,,,,,,,,,,,,,,,,,,,,,,,
2.0,37.5,3,1.59,1.22,[6.19 3.7 ],[2. 2.],5.59,0.03,3.98,0.0,0.0,0.0,,,,,,,,,,,,,,,,,,,,,,,
2.0,37.5,4,1.59,1.22,[4.08 7.43],[2. 2.],4.83,0.0,8.11,0.0,0.9792,0.0208,4.9277,0.0719,23.0089,1.0999,-6.3837,0.0931,1.8469,0.0058,0.2531,1.213,0.0,2.3044,0.5442,6.0108,1.3021,1.1722,0.0445,0.4831,0.0744,90.1628,8.9785,0.1725,0.007
2.0,45.0,0,1.41,1.41,[5.94 4.2 ],[2. 2.],4.94,0.0,6.72,0.0,0.875,0.0208,5.0813,0.0686,25.635,0.9283,-5.045,0.0699,1.8214,0.0051,0.2786,1.4097,0.0004,2.0002,0.5256,5.3242,1.0053,1.005,0.028,0.418,0.0758,99.8533,8.1604,0.1923,0.0062
2.0,45.0,1,1.41,1.41,[3.29 4.49],[2. 2.],4.83,0.01,7.34,0.01,0.875,0.0,4.9832,0.0612,24.3583,0.5854,-4.9465,0.0603,1.8143,0.0035,0.2857,1.4097,0.0005,2.0531,0.5627,5.4111,0.8091,0.995,0.0231,0.4833,0.0871,102.9114,11.7215,0.189,0.0101
2.0,45.0,2,1.41,1.41,[3.62 7.97],[2. 2.],4.8,0.0,7.46,0.01,0.7083,0.0,4.9581,0.0486,24.4576,0.68,-4.92,0.051,1.8149,0.004,0.2851,1.4096,0.0005,2.0984,0.5889,4.9686,1.1911,0.9715,0.0293,0.5009,0.0577,103.0732,6.3455,0.1875,0.0053
2.0,45.0,3,1.41,1.41,[5.77 3.69],[2. 2.],5.39,0.0,4.82,0.01,0.1458,0.0417,5.4333,0.0309,27.4135,0.3059,-5.3986,0.0338,1.8307,0.0015,0.2693,1.4099,0.0003,1.8939,0.1755,5.4986,0.6021,1.075,0.0537,0.1266,0.1405,92.9033,14.4758,0.2137,0.0142
2.0,45.0,4,1.41,1.41,[3.82 7.37],[2. 2.],4.88,0.0,7.83,0.03,0.9792,0.0,5.0023,0.0764,23.633,0.8605,-4.9654,0.077,1.8099,0.0051,0.2901,1.4095,0.0005,2.1317,0.4764,4.8748,0.7115,0.9881,0.0276,0.5988,0.0711,96.266,7.1763,0.1793,0.0058
2.0,52.5,0,1.22,1.59,[4.66 6.67],[2. 2.],4.95,0.01,7.43,0.01,1.0,0.0,5.0738,0.0876,25.6242,0.9584,-3.8581,0.0674,1.7873,0.0059,0.3127,1.582,0.0,1.8472,0.5587,4.126,0.9105,0.7865,0.1193,0.6859,0.1365,99.1317,14.6365,0.1249,0.4064
2.0,52.5,1,1.22,1.59,[6.1  6.72],[2. 2.],4.89,0.0,9.32,0.02,1.0,0.0,5.019,0.0697,24.484,0.885,-3.8168,0.0538,1.7801,0.0058,0.3199,1.582,0.0,2.1905,0.4953,4.8985,0.6155,0.6908,0.2155,0.8557,0.3038,102.7131,25.1335,-0.0763,0.8004
2.0,52.5,2,1.22,1.59,[5.09 6.72],[2. 2.],5.08,0.01,7.04,0.04,1.0,0.0,5.2037,0.0731,26.8566,1.0773,-3.9575,0.0576,1.7945,0.0063,0.3055,1.582,0.0,2.0729,0.688,4.2717,3.0554,0.762,0.234,0.639,0.2246,102.0419,43.9783,-0.0557,0.786
2.0,52.5,3,1.22,1.59,[4.85 4.51],[2. 2.],5.04,0.01,5.69,0.0,0.8333,0.0,5.1713,0.0687,25.1514,0.6532,-3.9324,0.0517,1.7845,0.0041,0.3155,1.582,0.0,1.5888,0.3139,4.3486,1.2491,0.8496,0.0279,0.4078,0.0958,99.5123,10.3093,0.2072,0.008
2.0,52.5,4,1.22,1.59,[4.4  5.38],[2. 2.],5.01,0.01,5.9,0.0,0.9375,0.0,5.1863,0.0803,26.6841,0.793,-3.9424,0.0635,1.7936,0.0046,0.3064,1.582,0.0,1.5541,0.3635,3.703,1.2401,0.8094,0.1781,0.4545,0.1459,100.8769,21.9781,0.0739,0.5904
2.0,60.0,0,1.0,1.73,[3.58 5.71],[2. 2.],4.71,0.0,7.95,0.0,0.5417,0.4583,4.8967,0.0296,23.4077,1.1341,-2.7927,0.0177,1.7427,0.0087,0.3573,1.727,0.0,1.8059,0.4832,3.8656,0.9001,0.5383,0.112,0.7521,0.185,117.3134,14.9423,0.085,0.5424
2.0,60.0,1,1.0,1.73,[5.34 3.07],[2. 2.],5.29,0.0,7.17,0.01,0.7292,0.0,5.3848,0.0706,27.5713,0.7949,-3.0744,0.0414,1.771,0.0046,0.329,1.727,0.0,1.8544,0.5916,9.5896,6.4668,0.6772,0.05,0.9987,0.0835,75.2633,10.5194,0.1662,0.0083
2.0,60.0,2,1.0,1.73,[5.03 4.69],[2. 2.],5.02,0.0,6.16,0.0,1.0,0.0,5.1474,0.0679,24.9286,0.6399,-2.9383,0.0393,1.754,0.0044,0.346,1.727,0.0,1.2991,0.3496,2.6514,0.7458,0.6143,0.0233,0.6601,0.0706,97.5999,7.4233,0.1983,0.0063
2.0,60.0,3,1.0,1.73,[4.92 4.57],[2. 2.],4.96,0.0,7.94,0.01,1.0,0.0,5.1075,0.0665,24.3653,0.7053,-2.9144,0.0392,1.75,0.005,0.35,1.727,0.0,1.9063,0.4716,3.9983,0.5546,0.5632,0.0867,0.9119,0.1593,97.4093,13.5924,0.1187,0.41
2.0,60.0,4,1.0,1.73,[3.06 6.41],[2. 2.],5.09,0.0,5.07,0.03,0.8333,0.0,5.243,0.0635,27.2771,1.0222,-2.992,0.0377,1.7692,0.0064,0.3308,1.727,0.0,1.0788,0.2671,2.2426,0.7137,0.6546,0.0304,0.4217,0.0957,98.5895,14.4896,0.2188,0.0193
2.0,67.4,0,0.77,1.85,[3.95 5.58],[2. 2.],4.86,0.0,7.11,1.27,0.6667,0.2292,5.0127,0.0608,24.2335,0.7993,-2.0433,0.0256,1.7255,0.006,0.3745,1.843,0.0,1.3772,0.316,3.7534,2.9184,0.3453,0.0513,0.8406,0.2248,109.4104,12.3641,0.1956,0.0167
2.0,67.4,1,0.77,1.85,[5.99 4.01],[2. 2.],6.71,0.0,0.98,0.0,0.0,0.0,,,,,,,,,,,,,,,,,,,,,,,
2.0,67.4,2,0.77,1.85,[3.79 5.37],[2. 2.],4.85,0.0,6.34,0.07,0.625,0.3542,4.9958,0.0466,23.295,0.4308,-2.0365,0.0192,1.7181,0.0035,0.3819,1.843,0.0,1.1775,0.0727,1.9004,0.5245,0.3588,0.0156,0.6944,0.056,111.5219,6.1849,0.2067,0.0053
2.0,67.4,3,0.77,1.85,[5.85 6.1 ],[2. 2.],4.92,0.0,6.39,0.05,0.7083,0.2917,5.0049,0.053,24.9726,0.6002,-2.04,0.0216,1.7311,0.0045,0.3689,1.843,0.0,1.188,0.0734,2.3794,0.7093,0.3614,0.0186,0.7225,0.0643,109.5547,7.2625,0.2046,0.0057
2.0,67.4,4,0.77,1.85,[4.68 6.34],[2. 2.],4.81,0.02,6.88,0.0,0.6667,0.3333,4.9502,0.0527,24.3777,0.8134,-2.0178,0.0218,1.7266,0.0065,0.3734,1.843,0.0,1.292,0.1138,2.7287,0.7378,0.3537,0.0215,0.7535,0.0632,114.5727,6.995,0.2027,0.0053
2.0,74.9,0,0.52,1.93,[5.39 3.8 ],[2. 2.],5.15,0.0,6.57,0.12,0.1042,0.875,5.3982,0.0185,28.7809,0.1866,-1.415,0.0058,1.7408,0.0012,0.3592,1.927,0.0,0.7262,0.4469,17.094,5.2422,0.2114,0.0045,1.1384,0.0066,74.1186,1.3757,0.1708,0.0019
2.0,74.9,1,0.52,1.93,[3.53 4.33],[2. 2.],6.87,0.0,0.56,0.01,0.0,0.0,,,,,,,,,,,,,,,,,,,,,,,
2.0,74.9,2,0.52,1.93,[6.36 3.7 ],[2. 2.],4.85,0.0,9.64,0.16,0.3542,0.6458,4.9211,0.0364,23.7396,0.3407,-1.2855,0.0098,1.7045,0.0029,0.3955,1.927,0.0,1.9241,0.1877,6.6754,1.1492,0.0121,0.0379,1.1458,0.054,121.1728,4.9077,0.1829,0.0049
2.0,74.9,3,0.52,1.93,[4.96 3.89],[2. 2.],5.28,0.0,3.62,0.0,0.0,0.25,,,,,,,,,,,,,,,,,,,,,,,
2.0,74.9,4,0.52,1.93,[4.68 5.  ],[2. 2.],4.77,0.0,7.42,0.03,0.4167,0.5833,4.8882,0.0391,23.3379,0.8736,-1.2772,0.0108,1.7009,0.0075,0.3991,1.927,0.0,1.4438,0.215,2.8321,0.9402,0.0824,0.0124,0.848,0.0344,123.9496,5.5926,0.2044,0.0039
2.0,82.5,0,0.26,1.98,[4.71 6.65],[2. 2.],5.01,0.0,6.3,0.55,0.0,1.0,,,,,,,,,,,,,,,,,,,,,,,
2.0,82.5,1,0.26,1.98,[4.64 3.77],[2. 2.],5.13,0.0,4.52,0.0,0.0,0.8542,,,,,,,,,,,,,,,,,,,,,,,
2.0,82.5,2,0.26,1.98,[5.25 3.42],[2. 2.],5.33,0.11,9.82,0.09,0.1875,0.7708,5.5821,0.0392,29.497,0.3936,-0.701,0.0054,1.7358,0.0024,0.3642,1.978,0.0,,,,,,,,,,,,
2.0,82.5,3,0.26,1.98,[4.39 5.45],[2. 2.],4.82,0.0,9.9,0.01,0.4375,0.5625,4.8726,0.0338,23.6416,0.5874,-0.608,0.0048,1.6931,0.0053,0.4069,1.978,0.0,,,,,,,,,,,,
2.0,82.5,4,0.26,1.98,[6.47 4.74],[2. 2.],5.01,0.0,5.79,0.03,0.0,1.0,,,,,,,,,,,,,,,,,,,,,,,
2.0,90.0,0,0.0,2.0,[5.75 6.67],[2. 2.],4.81,0.0,7.96,0.0,0.1458,0.8542,4.8363,0.0201,22.5176,0.1803,0.032,0.0005,1.6796,0.0017,0.4204,1.995,0.0,1.6661,0.1843,4.0036,1.5005,-0.4374,0.028,0.8167,0.0803,147.6227,10.4661,0.2171,0.0072
2.0,90.0,1,0.0,2.0,[3.86 7.42],[2. 2.],4.69,0.0,8.7,0.0,0.4167,0.5833,4.8009,0.0485,22.94,0.7334,0.0319,0.0007,1.6833,0.0071,0.4167,1.995,0.0,1.7094,0.2819,5.492,1.2624,-0.4627,0.0236,0.9336,0.0661,147.3074,9.5447,0.2097,0.0071
2.0,90.0,2,0.0,2.0,[6.17 4.28],[2. 2.],6.92,0.0,0.44,0.0,0.0,0.0,,,,,,,,,,,,,,,,,,,,,,,
2.0,90.0,3,0.0,2.0,[4.79 7.14],[2. 2.],4.76,0.0,8.5,0.0,0.3125,0.6875,4.8102,0.0305,22.7849,0.6179,0.0321,0.0006,1.6819,0.0059,0.4181,1.995,0.0,1.7999,0.297,5.6451,1.5333,-0.4517,0.0307,0.9109,0.0777,147.9897,10.7191,0.2111,0.0067
2.0,90.0,4,0.0,2.0,[4.66 6.44],[2. 2.],6.95,0.0,9.17,0.01,0.0,0.0,,,,,,,,,,,,,,,,,,,,,,,
2.5,22.6,0,2.31,0.96,[4.48 3.12],[2. 2.],4.64,0.0,8.17,0.0,0.5833,0.0833,4.7177,0.0419,22.1877,0.4789,-11.3473,0.103,1.8979,0.0022,0.2021,0.952,0.0,3.569,0.3947,9.9499,1.7046,1.8162,0.3546,0.2224,0.1042,93.5316,19.7035,0.0709,0.5154
2.5,22.6,1,2.31,0.96,[2.59 6.74],[2. 2.],4.54,0.0,8.58,0.0,0.9792,0.0,4.6572,0.053,20.3876,0.5334,-11.2021,0.1262,1.8891,0.0027,0.2109,0.952,0.0,3.8771,0.4905,10.4948,2.289,1.8706,0.0264,0.2672,0.0557,91.5059,6.2499,0.1692,0.0047
2.5,22.6,3,2.31,0.96,[3.26 5.16],[2. 2.],6.97,0.01,3.41,0.02,0.0,0.0,,,,,,,,,,,,,,,,,,,,,,,
2.5,22.6,4,2.31,0.96,[4.85 6.05],[2. 2.],4.45,0.02,8.55,0.02,0.5833,0.0,4.6208,0.0375,20.1262,0.6537,-11.1201,0.0897,1.8877,0.0033,0.2123,0.952,0.0,4.2165,0.535,11.847,2.0939,1.8475,0.0323,0.25,0.0576,94.972,6.4291,0.1711,0.0036
2.5,29.9,0,2.17,1.25,[3.66 6.24],[2. 2.],4.64,0.0,9.49,0.01,0.8958,0.0417,4.7973,0.0609,21.7447,0.5178,-8.2657,0.1024,1.833,0.0032,0.267,1.245,0.0,4.2175,0.4295,8.952,1.6701,1.3739,0.6641,0.4831,0.298,111.5289,33.6069,-0.3552,1.0912
2.5,29.9,1,2.17,1.25,[3.43 5.15],[2. 2.],4.66,0.0,8.75,0.0,0.7292,0.0417,4.7766,0.0649,22.7489,0.6704,-8.2305,0.1118,1.8389,0.0038,0.2611,1.245,0.0,4.686,1.0529,10.9155,2.6297,1.6793,0.0372,0.4626,0.175,110.8071,32.8036,0.1814,0.022
2.5,29.9,2,2.17,1.25,[5.03 3.16],[2. 2.],5.52,0.01,4.41,0.03,0.0,0.0,,,,,,,,,,,,,,,,,,,,,,,
2.5,29.9,3,2.17,1.25,[5.21 4.07],[2. 2.],4.86,0.0,6.94,0.01,0.3958,0.0,4.9992,0.0624,24.9803,0.6305,-8.6146,0.1096,1.8508,0.0031,0.2492,1.245,0.0,3.6949,0.5399,9.8681,2.0346,1.7556,0.0202,0.307,0.0693,97.9981,7.959,0.1892,0.006
2.5,29.9,4,2.17,1.25,[4.2  5.14],[2. 2.],4.85,0.02,8.45,0.0,1.0,0.0,4.9635,0.0564,24.5985,0.7056,-8.5572,0.0978,1.8489,0.0037,0.2511,1.245,0.0,3.9997,0.7487,8.2954,1.8195,1.5623,0.5378,0.5006,0.2153,97.7472,28.7845,-0.1256,0.86
2.5,37.5,0,1.98,1.52,[4.78 7.3 ],[2. 2.],6.89,0.0,5.01,0.0,0.0,0.0,,,,,,,,,,,,,,,,,,,,,,,
2.5,37.5,1,1.98,1.52,[5.11 4.8 ],[2. 2.],5.03,0.0,7.94,0.05,0.9792,0.0208,5.1678,0.0666,24.9233,0.6173,-6.6957,0.0872,1.7961,0.0037,0.3039,1.517,0.0,4.8504,0.9046,7.3943,1.2355,1.5785,0.0385,0.7868,0.062,87.5783,7.1989,0.1708,0.0043
2.5,37.5,2,1.98,1.52,[5.73 6.56],[2. 2.],5.0,0.0,8.03,0.01,1.0,0.0,5.1394,0.0716,26.3593,0.7423,-6.6571,0.0911,1.8044,0.0042,0.2956,1.517,0.0,4.5264,0.7544,7.2435,1.2952,1.5421,0.2308,0.7764,0.1441,90.1145,14.9984,0.1087,0.4246
2.5,37.5,3,1.98,1.52,[2.95 3.5 ],[2. 2.],4.81,0.0,8.54,0.0,0.9792,0.0208,4.9315,0.0654,23.0043,1.2384,-6.3877,0.0852,1.7834,0.0082,0.3166,1.517,0.0,4.4451,0.8664,9.5331,2.3899,1.4787,0.2208,0.7115,0.1439,105.9716,14.1773,0.1181,0.412
2.5,37.5,4,1.98,1.52,[4.89 7.71],[2. 2.],4.86,0.01,8.49,0.0,1.0,0.0,4.9592,0.0719,24.0885,1.4634,-6.4252,0.0932,1.7905,0.0095,0.3095,1.517,0.0,4.2644,0.4921,8.6875,1.5869,1.4592,0.3072,0.7161,0.1881,104.1604,18.1954,0.0577,0.5717
2.5,45.0,0,1.77,1.77,[3.85 3.73],[2. 2.],5.08,0.0,5.28,0.01,1.0,0.0,5.2059,0.0609,26.9917,0.8062,-5.1682,0.0629,1.7605,0.0052,0.3395,1.763,0.0,3.1598,0.6476,6.5681,1.4063,1.4043,0.0165,0.4966,0.0592,99.289,5.9356,0.2127,0.0062
2.5,45.0,1,1.77,1.77,[4.24 6.  ],[2. 2.],4.96,0.0,6.5,0.03,0.9792,0.0208,5.0687,0.0841,25.1813,0.8232,-5.0328,0.0825,1.7485,0.0057,0.3515,1.763,0.0,3.626,0.6614,7.6781,1.7776,1.3643,0.0218,0.6898,0.0846,104.8176,9.778,0.2,0.0079
2.5,45.0,2,1.77,1.77,[4.24 6.78],[2. 2.],4.94,0.0,7.45,0.03,1.0,0.0,5.0766,0.072,24.8978,1.5141,-5.0384,0.0702,1.7462,0.0107,0.3538,1.763,0.0,3.8994,0.5498,7.317,0.9121,1.2245,0.373,0.8048,0.2874,105.4443,24.2762,-0.0519,0.7831
2.5,45.0,3,1.77,1.77,[6.39 6.87],[2. 2.],5.11,0.0,6.4,0.0,1.0,0.0,5.2335,0.0862,25.9247,1.4063,-5.1961,0.0845,1.7534,0.0091,0.3466,1.763,0.0,4.0964,0.9597,6.0155,0.9057,1.3322,0.2817,0.7546,0.1894,94.6468,19.2193,0.0693,0.5702
2.5,45.0,4,1.77,1.77,[5.03 3.92],[2. 2.],5.09,0.0,5.19,0.0,0.9375,0.0417,5.2084,0.0633,25.8492,1.4899,-5.1728,0.0613,1.7528,0.0097,0.3472,1.763,0.0,3.0387,0.5936,6.4864,1.4511,1.4197,0.0127,0.4688,0.0757,100.12,7.9374,0.2158,0.0076
2.5,52.5,0,1.52,1.98,[5.67 3.73],[2. 2.],4.77,0.02,8.13,0.9,0.6458,0.3125,4.9206,0.0444,24.0734,0.7125,-3.7409,0.0347,1.6965,0.0062,0.4035,1.979,0.0,3.2812,0.4039,7.4742,1.5229,1.0461,0.1895,0.913,0.2263,122.5608,15.5535,0.1107,0.5019
2.5,52.5,1,1.52,1.98,[5.17 6.97],[2. 2.],5.03,0.0,7.31,0.0,1.0,0.0,5.1516,0.0568,24.7953,0.6951,-3.9206,0.0444,1.7025,0.0053,0.3975,1.979,0.0,3.9711,0.6873,7.2217,0.5732,1.0967,0.0349,1.0923,0.0501,97.1317,6.2425,0.1836,0.0037
2.5,52.5,2,1.52,1.98,[3.69 3.62],[2. 2.],4.86,0.0,7.0,0.03,0.9375,0.0625,4.9534,0.0638,23.5255,1.1225,-3.7677,0.0474,1.6916,0.0095,0.4084,1.979,0.0,3.2626,0.4106,6.8764,1.2084,1.084,0.1656,0.8722,0.1631,117.1715,12.2663,0.1411,0.4136
2.5,52.5,3,1.52,1.98,[4.97 5.14],[2. 2.],4.92,0.0,6.02,0.03,0.9792,0.0208,5.0449,0.0662,24.2262,0.6215,-3.8376,0.0522,1.6978,0.0051,0.4022,1.979,0.0,3.0098,0.5837,6.1703,0.8385,1.1281,0.015,0.7931,0.0761,108.6777,9.1562,0.2081,0.007
2.5,52.5,4,1.52,1.98,[3.35 4.5 ],[2. 2.],5.12,0.0,7.41,0.52,1.0,0.0,5.234,0.0672,27.0237,1.3201,-3.9824,0.0525,1.719,0.0095,0.381,1.979,0.0,4.5005,0.5898,6.6612,0.8446,1.0749,0.227,1.0609,0.2849,95.3251,18.6347,0.0643,0.562
2.5,60.1,0,1.25,2.17,[4.12 7.7 ],[2. 2.],4.93,0.01,6.88,0.0,1.0,0.0,5.0199,0.0748,25.1464,0.7846,-2.8669,0.0431,1.6691,0.0067,0.4309,2.16,0.0,3.0396,0.6022,7.8788,0.8752,0.7356,0.2804,0.968,0.4147,117.012,25.2016,-0.1534,0.931
2.5,60.1,1,1.25,2.17,[2.98 3.86],[2. 2.],4.88,0.02,5.81,0.24,0.8333,0.125,5.052,0.1394,24.8656,1.6947,-2.8864,0.0806,1.6661,0.0149,0.4339,2.16,0.0,2.7471,0.7294,6.222,2.5148,0.888,0.0342,0.9149,0.1493,104.6754,14.5541,0.2135,0.0139
2.5,60.1,2,1.25,2.17,[5.74 5.06],[2. 2.],4.75,0.01,6.75,0.11,0.75,0.25,4.8997,0.052,23.6209,1.1431,-2.798,0.0314,1.6552,0.011,0.4448,2.16,0.0,2.5839,0.3777,6.5923,1.3513,0.7038,0.3138,0.7933,0.4061,134.5062,23.9056,-0.2641,1.0671
2.5,60.1,3,1.25,2.17,[6.11 7.02],[2. 2.],4.83,0.05,6.91,0.0,1.0,0.0,4.9496,0.0616,24.4869,0.6135,-2.8266,0.0368,1.6634,0.0054,0.4366,2.16,0.0,2.835,0.428,7.2274,1.2238,0.8079,0.1701,1.0113,0.2467,118.8417,15.7444,0.0874,0.5628
2.5,60.1,4,1.25,2.17,[4.91 3.26],[2. 2.],4.87,0.0,5.22,0.02,0.9792,0.0208,4.9953,0.0678,24.8005,0.8247,-2.8545,0.0391,1.6661,0.0073,0.4339,2.16,0.0,2.439,0.5234,5.312,0.6494,0.8853,0.0172,0.7769,0.0839,111.0443,9.0122,0.2244,0.0086
2.5,67.4,0,0.96,2.31,[4.09 8.  ],[2. 2.],4.78,0.01,5.84,0.05,0.9583,0.0417,4.9038,0.0516,22.4871,0.4631,-2.0025,0.0222,1.6138,0.005,0.4862,2.305,0.0,1.8937,0.4721,5.5134,1.2838,0.5844,0.0142,0.9797,0.073,118.2275,7.581,0.2215,0.006
2.5,67.4,1,0.96,2.31,[6.17 7.43],[2. 2.],4.9,0.03,4.56,0.25,0.875,0.125,4.9865,0.0719,24.1744,1.2924,-2.0372,0.0295,1.6307,0.0126,0.4693,2.305,0.0,1.6718,0.6244,4.0602,0.9436,0.6139,0.0222,0.8253,0.1425,108.7292,8.7037,0.2319,0.0121
2.5,67.4,2,0.96,2.31,[6.04 5.78],[2. 2.],4.76,0.0,5.34,0.06,0.8333,0.1667,4.9087,0.0508,23.5032,1.1345,-2.0044,0.0223,1.6241,0.0116,0.4759,2.305,0.0,1.7975,0.3932,4.7778,1.1963,0.5973,0.0193,0.8864,0.0957,117.2594,9.3721,0.229,0.008
2.5,67.4,3,0.96,2.31,[3.44 7.07],[2. 2.],5.15,0.0,6.63,0.0,0.0833,0.9167,5.419,0.0126,27.2577,0.1381,-2.2152,0.0069,1.6585,0.0011,0.4415,2.305,0.0,,,,,,,,,,,,
2.5,67.4,4,0.96,2.31,[2.81 5.03],[2. 2.],4.8,0.01,6.81,0.01,1.0,0.0,4.9144,0.0649,23.1683,1.2007,-2.0066,0.0276,1.6206,0.0123,0.4794,2.305,0.0,2.2752,0.4733,7.8322,1.2453,0.4942,0.1713,1.0418,0.4024,124.4323,21.1375,-0.0886,0.8686
2.5,74.9,0,0.65,2.41,[4.81 6.79],[2. 2.],4.8,0.0,8.05,0.23,0.9375,0.0625,4.9122,0.0609,24.0779,0.7175,-1.2888,0.0167,1.6087,0.0075,0.4913,2.41,0.0,2.0343,0.5306,9.9886,2.008,0.18,0.0755,1.19,0.5258,134.1767,20.9384,-0.1871,0.9775
2.5,74.9,1,0.65,2.41,[4.68 4.19],[2. 2.],4.77,0.0,7.68,0.03,0.9792,0.0208,4.882,0.0603,22.286,0.5362,-1.2806,0.0171,1.5894,0.0061,0.5106,2.41,0.0,1.9911,0.4458,8.776,2.0345,0.1775,0.086,1.0565,0.5665,139.49,24.1423,-0.3458,1.1341
2.5,74.9,2,0.65,2.41,[5.63 6.95],[2. 2.],4.91,0.0,7.8,0.01,0.6042,0.3958,4.9697,0.043,24.0627,1.2348,-1.3039,0.0123,1.6082,0.0128,0.4918,2.41,0.0,2.0999,0.3182,10.357,1.6731,0.1828,0.0683,1.2622,0.4748,125.0224,19.6024,-0.0971,0.8642
2.5,74.9,3,0.65,2.41,[5.01 3.87],[2. 2.],5.29,0.0,6.3,0.0,0.6458,0.2292,5.4837,0.044,29.9604,0.6921,-1.4408,0.0125,1.6596,0.0053,0.4404,2.41,0.0,1.0923,0.7527,26.1524,7.8182,0.3459,0.0144,1.5643,0.0288,74.8212,3.1571,0.175,0.0031
2.5,74.9,4,0.65,2.41,[5.07 6.85],[2. 2.],4.88,0.0,7.37,0.22,0.5417,0.4583,4.9524,0.0441,24.5142,0.4271,-1.2994,0.0127,1.6132,0.0042,0.4868,2.41,0.0,2.1335,0.3751,9.8987,1.6789,0.2068,0.0532,1.3148,0.2954,119.7437,13.3407,0.0919,0.5422
2.5,82.4,0,0.33,2.48,[6.17 4.38],[2. 2.],4.71,0.0,9.73,0.01,0.6667,0.3333,4.8634,0.0514,23.6468,0.4932,-0.6137,0.0063,1.5912,0.0053,0.5088,2.474,0.0,,,,,,,,,,,,
2.5,82.4,1,0.33,2.48,[4.68 3.86],[2. 2.],5.4,0.0,7.62,0.12,0.25,0.6667,5.6338,0.0496,29.9165,1.6797,-0.7145,0.006,1.6472,0.0123,0.4528,2.474,0.0,1.273,0.7901,48.9808,3.8272,0.0089,0.0346,1.8032,0.0551,73.5369,6.7564,0.1618,0.0034
2.5,82.4,2,0.33,2.48,[3.15 7.93],[2. 2.],4.63,0.0,7.24,0.02,0.375,0.625,4.7958,0.0422,22.7643,0.964,-0.6052,0.005,1.5811,0.0113,0.5189,2.474,0.0,2.0453,0.6974,7.7302,1.8881,-0.0883,0.0223,1.2454,0.0835,139.6944,9.94,0.2189,0.0074
2.5,82.4,3,0.33,2.48,[3.07 6.91],[2. 2.],4.85,0.0,8.51,0.0,0.6667,0.3333,4.9117,0.0463,23.4549,1.0823,-0.6202,0.0064,1.5888,0.0119,0.5112,2.474,0.0,2.1618,0.4668,10.5282,2.1583,-0.1389,0.0304,1.4952,0.0547,131.0648,8.1324,0.1994,0.0055
2.5,82.4,4,0.33,2.48,[3.49 6.48],[2. 2.],4.97,0.0,7.32,0.0,0.0,1.0,,,,,,,,,,,,,,,,,,,,,,,
2.5,90.0,0,0.0,2.5,[4.08 6.99],[2. 2.],4.66,0.0,6.66,0.01,0.7917,0.2083,4.7394,0.038,22.4632,0.3628,0.0256,0.0005,1.5735,0.0042,0.5265,2.495,0.0,1.9857,0.397,6.6433,1.5623,-0.4007,0.067,1.0561,0.2047,151.6594,11.0141,0.1608,0.4515
2.5,90.0,1,0.0,2.5,[2.66 7.06],[2. 2.],4.72,0.02,8.18,0.07,0.75,0.25,4.8147,0.0625,23.1188,0.6401,0.0257,0.0005,1.5809,0.0072,0.5191,2.495,0.0,2.3079,0.4577,9.4767,1.6214,-0.3916,0.1403,1.2098,0.4732,148.1863,15.6414,-0.1005,0.8865
2.5,90.0,2,0.0,2.5,[2.52 3.99],[2. 2.],4.78,0.02,8.78,0.0,0.7083,0.2917,4.8913,0.0635,23.7894,0.8058,0.0259,0.0004,1.5882,0.0088,0.5118,2.495,0.0,2.535,0.7178,11.1766,2.5712,-0.4586,0.1168,1.4081,0.3853,142.0628,13.9096,0.0339,0.6697
2.5,90.0,3,0.0,2.5,[5.18 3.76],[2. 2.],4.67,0.02,7.39,0.04,0.7083,0.2917,4.7746,0.0644,21.9324,0.9767,0.0257,0.0005,1.5669,0.0117,0.5331,2.495,0.0,2.3215,0.4413,9.1867,2.0071,-0.4412,0.0276,1.2493,0.0897,146.8739,11.9084,0.2219,0.008
2.5,90.0,4,0.0,2.5,[3.73 3.08],[2. 2.],4.59,0.02,6.49,0.01,0.625,0.375,4.7188,0.0379,21.4024,0.9462,0.0256,0.0007,1.5603,0.0118,0.5397,2.495,0.0,2.1218,0.4284,7.7155,1.7857,-0.4019,0.0201,1.036,0.076,152.9992,9.617,0.2393,0.0073
3.0,22.5,0,2.77,1.15,[6.06 7.52],[2. 2.],4.86,0.01,7.79,0.03,0.9792,0.0208,4.9751,0.0813,23.6406,1.3468,-11.9739,0.1957,1.8646,0.0066,0.2354,1.143,0.0,4.9043,0.9006,11.2337,2.2037,1.934,0.9493,0.3135,0.2397,102.6618,40.6145,-0.3716,1.1119
3.0,22.5,1,2.77,1.15,[5.06 3.93],[2. 2.],5.88,0.03,3.18,0.06,0.0,0.0,,,,,,,,,,,,,,,,,,,,,,,
3.0,22.5,2,2.77,1.15,[3.89 3.02],[2. 2.],6.99,0.01,6.47,0.24,0.0,0.0,,,,,,,,,,,,,,,,,,,,,,,
3.0,22.5,3,2.77,1.15,[3.09 4.42],[2. 2.],5.35,0.01,4.54,0.0,0.0,0.0,,,,,,,,,,,,,,,,,,,,,,,
3.0,22.5,4,2.77,1.15,[4.34 4.16],[2. 2.],5.43,0.01,4.62,0.0,0.0,0.0,,,,,,,,,,,,,,,,,,,,,,,
3.0,30.0,0,2.6,1.5,[4.01 7.46],[2. 2.],4.85,0.0,8.84,0.35,1.0,0.0,4.9503,0.068,24.4994,0.6758,-8.5394,0.1199,1.7979,0.0041,0.3021,1.495,0.0,5.5588,0.7506,12.1607,2.3183,1.1976,1.0677,0.3783,0.4534,134.5923,41.1165,-1.0648,1.4052
3.0,30.0,1,2.6,1.5,[2.62 6.07],[2. 2.],4.83,0.05,7.73,0.08,0.8333,0.0,4.9572,0.0544,24.321,0.5381,-8.5484,0.0971,1.7968,0.0033,0.3032,1.495,0.0,5.5888,0.743,13.0728,2.3693,1.6549,0.9019,0.4256,0.316,123.84,32.8741,-0.4467,1.1793
3.0,30.0,2,2.6,1.5,[6.13 5.14],[2. 2.],5.25,0.01,5.13,0.0,0.7292,0.0625,5.3698,0.0645,27.1307,0.6812,-9.2613,0.1157,1.8129,0.0036,0.2871,1.495,0.0,4.8637,2.0505,12.0973,2.0857,2.2629,0.0494,0.2709,0.1457,92.1755,14.6954,0.2079,0.0148
3.0,30.0,3,2.6,1.5,[6.08 6.99],[2. 2.],4.95,0.03,7.18,0.13,0.9167,0.0208,5.098,0.0885,24.2853,0.905,-8.7933,0.1541,1.7965,0.0055,0.3035,1.495,0.0,5.5233,1.2366,11.7628,2.078,1.8866,0.7534,0.5223,0.2698,106.1457,30.6167,-0.2058,0.9764
3.0,30.0,4,2.6,1.5,[4.18 4.18],[2. 2.],4.83,0.0,8.9,0.02,1.0,0.0,4.93,0.0725,22.7034,0.6504,-8.5024,0.1246,1.7861,0.0044,0.3139,1.495,0.0,5.8271,0.9232,12.7809,2.1214,1.7334,0.8412,0.6106,0.36,115.1413,32.1855,-0.3536,1.099
3.0,37.6,0,2.38,1.83,[6.19 7.56],[2. 2.],4.83,0.0,8.43,0.13,0.9792,0.0208,4.9541,0.0596,24.3263,0.5783,-6.4245,0.0796,1.7306,0.0044,0.3694,1.8218,0.0004,6.5879,2.2342,13.5719,2.4005,1.7164,0.5972,0.8308,0.3404,122.0588,24.5449,-0.117,0.8864
3.0,37.6,1,2.38,1.83,[2.55 4.18],[2. 2.],5.28,0.0,4.44,0.01,0.8958,0.0208,5.4263,0.0814,29.3814,0.9202,-7.0378,0.1064,1.7638,0.0053,0.3362,1.8219,0.0003,7.4705,3.2417,11.4703,3.4947,1.7667,0.786,0.4591,0.2979,94.3452,40.3516,-0.2649,1.0673
3.0,37.6,2,2.38,1.83,[5.35 7.04],[2. 2.],4.96,0.0,8.74,0.0,1.0,0.0,5.0971,0.0837,25.9409,0.9636,-6.609,0.1069,1.7421,0.0068,0.3579,1.8218,0.0004,5.6068,0.7207,11.0112,1.1756,0.9977,0.9603,0.5028,0.6198,138.4087,41.2888,-1.181,1.4135
3.0,37.6,3,2.38,1.83,[2.69 4.23],[2. 2.],5.02,0.0,6.07,0.01,1.0,0.0,5.1638,0.0686,25.5902,1.3713,-6.697,0.0919,1.7395,0.0095,0.3605,1.8218,0.0004,5.6524,1.1525,10.7608,1.9227,1.9166,0.402,0.7046,0.1824,100.5101,17.9256,0.0839,0.5472
3.0,37.6,4,2.38,1.83,[3.17 6.13],[2. 2.],5.0,0.01,6.9,0.02,1.0,0.0,5.143,0.0666,25.8207,1.3768,-6.6698,0.0867,1.7411,0.0098,0.3589,1.8218,0.0004,5.7698,0.8087,10.6696,1.625,1.2776,0.9489,0.5248,0.4865,126.1322,40.7256,-0.8082,1.3461
3.0,45.0,0,2.12,2.12,[2.51 7.21],[2. 2.],5.31,0.0,7.36,0.0,1.0,0.0,5.4287,0.0953,27.9558,0.9496,-5.3976,0.0932,1.6994,0.0067,0.4006,2.117,0.0,6.5123,2.2157,10.6932,2.9604,1.7622,0.0427,1.3636,0.0702,81.343,8.8116,0.1702,0.0066
3.0,45.0,1,2.12,2.12,[5.29 3.92],[2. 2.],4.87,0.0,5.52,0.0,0.9792,0.0208,4.9993,0.0995,25.0207,1.021,-4.9684,0.1001,1.6765,0.008,0.4235,2.117,0.0,4.9832,1.3122,10.8515,2.0949,1.7207,0.2563,0.7759,0.177,112.8436,16.4012,0.158,0.4205
3.0,45.0,2,2.12,2.12,[2.59 6.78],[2. 2.],5.2,0.01,8.46,0.01,1.0,0.0,5.3342,0.0858,27.8892,0.8883,-5.3033,0.0853,1.699,0.0064,0.401,2.117,0.0,7.1712,0.8855,10.1834,1.231,1.2386,0.7586,1.015,0.7015,113.5321,41.3649,-0.5945,1.252
3.0,45.0,3,2.12,2.12,[3.52 3.  ],[2. 2.],4.91,0.02,4.71,0.06,0.8542,0.0,5.0429,0.0696,25.4525,0.6975,-5.0135,0.0673,1.6803,0.0057,0.4197,2.117,0.0002,4.549,0.8505,9.7116,2.1066,1.7336,0.276,0.6133,0.1562,110.4916,14.7188,0.1621,0.4451
3.0,45.0,4,2.12,2.12,[5.98 3.32],[2. 2.],4.88,0.0,9.08,0.17,1.0,0.0,4.9854,0.0739,24.2387,1.3205,-4.9547,0.0732,1.6695,0.0119,0.4305,2.117,0.0001,5.5863,0.8488,13.0502,1.4619,1.4974,0.4484,1.1698,0.395,123.6822,20.9248,-0.0475,0.7737
3.0,52.4,0,1.83,2.38,[3.47 5.73],[2. 2.],4.83,0.0,5.92,0.04,1.0,0.0,4.9539,0.0561,24.4612,0.6506,-3.7735,0.046,1.6197,0.0065,0.4803,2.375,0.0,4.3857,0.5786,10.7111,0.879,1.1886,0.5413,0.9245,0.4772,122.8578,26.9928,-0.2744,1.077
3.0,52.4,1,1.83,2.38,[2.76 6.18],[2. 2.],4.96,0.01,6.2,0.0,1.0,0.0,5.115,0.0724,25.0547,1.417,-3.8967,0.0561,1.625,0.0132,0.475,2.375,0.0,5.926,0.8149,10.4077,1.079,1.2825,0.4409,1.1506,0.4366,107.8197,25.4037,-0.0949,0.8609
3.0,52.4,2,1.83,2.38,[4.91 5.89],[2. 2.],4.87,0.0,4.83,0.0,1.0,0.0,4.9719,0.0744,24.2849,1.1121,-3.7877,0.0574,1.6177,0.0113,0.4823,2.375,0.0,4.3928,1.0458,8.6881,0.8794,1.4251,0.299,0.8817,0.2197,110.0841,16.6176,0.1079,0.5824
3.0,52.4,3,1.83,2.38,[4.96 3.27],[2. 2.],4.88,0.0,8.29,0.01,1.0,0.0,4.9824,0.0699,24.3339,1.1044,-3.7955,0.0538,1.6182,0.0111,0.4818,2.375,0.0,4.6528,0.8736,13.6543,1.9026,1.3115,0.2789,1.3782,0.3223,122.9439,14.7763,0.0735,0.5712
3.0,52.4,4,1.83,2.38,[3.   3.62],[2. 2.],4.98,0.0,6.66,0.04,1.0,0.0,5.1198,0.0785,26.2112,0.8094,-3.9003,0.0592,1.6359,0.0072,0.4641,2.375,0.0,5.7333,1.0738,11.0949,1.123,0.9724,0.66,0.9038,0.6982,125.5239,37.5685,-0.698,1.3215
3.0,60.0,0,1.5,2.6,[5.89 5.27],[2. 2.],4.67,0.0,5.6,0.0,0.8125,0.1875,4.7839,0.0709,22.2537,1.1326,-2.7365,0.0398,1.5498,0.014,0.5502,2.593,0.0,4.103,0.7771,10.6753,1.7847,1.0101,0.3428,1.0026,0.3871,135.3818,20.067,-0.0608,0.8759
3.0,60.0,1,1.5,2.6,[2.9  5.07],[2. 2.],4.96,0.0,4.84,0.02,1.0,0.0,5.0735,0.0792,24.5385,1.1741,-2.9034,0.0446,1.5761,0.0124,0.5239,2.593,0.0,5.7443,0.6186,7.892,1.4093,1.1401,0.1681,1.2319,0.2052,97.3446,13.6649,0.1578,0.4048
3.0,60.0,2,1.5,2.6,[3.27 7.56],[2. 2.],4.63,0.0,5.62,0.0,0.6875,0.3125,4.7642,0.0445,21.8019,0.9542,-2.7258,0.0247,1.5443,0.012,0.5557,2.593,0.0,3.8126,0.7942,9.3594,1.8004,1.1245,0.0189,1.1266,0.0652,130.2253,8.0895,0.2356,0.0063
3.0,60.0,3,1.5,2.6,[5.51 4.48],[2. 2.],4.7,0.02,4.73,0.03,0.9583,0.0417,4.8526,0.0602,22.1145,0.4925,-2.7758,0.0347,1.5485,0.0062,0.5515,2.593,0.0,3.7264,0.622,8.8478,1.1785,1.086,0.2894,0.9918,0.3022,117.3098,18.6158,0.0475,0.7156
3.0,60.0,4,1.5,2.6,[5.41 4.52],[2. 2.],4.71,0.0,5.29,0.08,1.0,0.0,4.8629,0.0547,22.1173,0.476,-2.7815,0.0323,1.5485,0.006,0.5515,2.593,0.0,3.6877,0.5419,10.1105,1.5149,1.0194,0.3506,1.0446,0.4021,122.4669,21.2972,-0.0701,0.8743
3.0,67.5,0,1.15,2.77,[2.88 4.33],[2. 2.],4.75,0.01,6.89,0.04,1.0,0.0,4.8935,0.0675,23.9518,0.659,-2.0028,0.0277,1.5345,0.0079,0.5655,2.767,0.0,3.1364,0.8345,13.719,2.3994,0.4718,0.3505,1.0064,0.8429,141.8326,30.0206,-0.7836,1.3396
3.0,67.5,1,1.15,2.77,[4.47 3.85],[2. 2.],4.72,0.01,6.42,0.0,0.9375,0.0625,4.8342,0.0664,22.4822,1.1978,-1.9782,0.0264,1.5158,0.0153,0.5842,2.767,0.0,3.1466,0.7508,13.2798,2.3594,0.5269,0.3385,1.0361,0.7438,141.343,26.5051,-0.6024,1.2867
3.0,67.5,2,1.15,2.77,[3.19 5.49],[2. 2.],4.75,0.05,6.26,0.09,0.9792,0.0208,4.8844,0.0866,22.3674,0.9329,-1.9987,0.0356,1.5146,0.0117,0.5854,2.767,0.0,3.3327,0.9431,12.3064,2.4392,0.5858,0.3076,1.1796,0.6822,131.9656,26.9894,-0.3882,1.1594
3.0,67.5,3,1.15,2.77,[2.72 5.55],[2. 2.],4.87,0.01,8.97,0.0,0.9792,0.0208,4.9738,0.0762,23.6421,1.2973,-2.0357,0.0316,1.5303,0.0154,0.5697,2.767,0.0,3.3606,1.167,15.3582,2.7377,0.6644,0.0257,1.8581,0.0661,129.1114,9.4096,0.1937,0.0069
3.0,67.5,4,1.15,2.77,[3.87 6.63],[2. 2.],4.81,0.01,7.34,0.0,1.0,0.0,4.913,0.0666,24.11,0.716,-2.0101,0.0276,1.5363,0.0084,0.5637,2.767,0.0,2.8464,0.9475,14.992,2.6946,0.5879,0.2687,1.3756,0.6862,132.9279,23.0557,-0.2792,1.0676
3.0,74.9,0,0.78,2.9,[4.81 7.85],[2. 2.],4.55,0.0,5.23,0.0,0.9167,0.0625,4.6836,0.0539,21.8929,0.5666,-1.2321,0.0144,1.4815,0.0082,0.6185,2.893,0.0,2.0569,0.4695,10.3707,2.3844,0.3733,0.1204,1.1974,0.4261,135.4107,17.3702,-0.0132,0.8106
3.0,74.9,1,0.78,2.9,[3.09 7.02],[2. 2.],4.58,0.04,6.03,0.1,0.8125,0.1875,4.7089,0.0522,21.3054,1.0329,-1.2392,0.0145,1.4727,0.015,0.6273,2.893,0.0,2.1645,0.6687,10.6304,2.671,0.3802,0.0638,1.4424,0.265,135.797,10.6014,0.1571,0.4642
3.0,74.9,2,0.78,2.9,[6.39 3.01],[2. 2.],4.69,0.0,7.08,0.19,0.9375,0.0625,4.8183,0.0747,21.9978,1.0244,-1.2684,0.02,1.4827,0.0141,0.6173,2.893,0.0,2.5494,0.8724,14.3722,2.6635,0.3393,0.0794,1.6046,0.3828,132.9891,14.5596,0.0884,0.5917
3.0,74.9,3,0.78,2.9,[2.72 4.08],[2. 2.],4.93,0.0,8.48,0.2,0.875,0.125,5.0642,0.083,24.6453,1.5239,-1.3334,0.021,1.5164,0.0178,0.5836,2.893,0.0,3.2702,1.1739,16.3315,2.6695,0.2955,0.0495,1.9546,0.3341,118.3039,11.948,0.1216,0.4318
3.0,74.9,4,0.78,2.9,[3.4  6.17],[2. 2.],4.84,0.0,7.71,0.02,1.0,0.0,4.9473,0.0579,23.2798,1.1464,-1.3031,0.0157,1.4999,0.0144,0.6001,2.893,0.0,2.4714,0.7755,16.77,2.0959,0.2854,0.12,1.5712,0.7083,131.258,21.3817,-0.2153,1.0073
3.0,82.5,0,0.39,2.97,[6.38 4.7 ],[2. 2.],4.6,0.0,5.74,0.01,0.7083,0.2917,4.6684,0.0482,21.1853,0.463,-0.5929,0.0058,1.4546,0.0071,0.6454,2.97,0.0,1.8113,0.3537,11.659,3.0761,0.0178,0.0197,1.4678,0.0707,137.5496,8.3838,0.2397,0.0076
3.0,82.5,1,0.39,2.97,[6.49 3.01],[2. 2.],4.5,0.0,5.53,0.0,0.9583,0.0417,4.6291,0.0538,20.1888,0.5423,-0.5878,0.0073,1.4388,0.0087,0.6612,2.97,0.0,1.9915,0.5518,9.8303,1.955,0.0138,0.0144,1.3997,0.0911,140.2306,10.5007,0.2459,0.0089
3.0,82.5,2,0.39,2.97,[3.51 3.95],[2. 2.],4.43,0.0,5.46,0.02,0.3333,0.6667,4.5719,0.0353,20.7218,0.3152,-0.5807,0.0047,1.4475,0.005,0.6525,2.97,0.0,2.2284,0.8401,9.4867,2.1581,0.0402,0.0121,1.2929,0.0779,148.9423,8.3936,0.2561,0.007
3.0,82.5,3,0.39,2.97,[5.53 6.77],[2. 2.],4.58,0.0,7.95,0.23,0.5833,0.4167,4.7298,0.0396,21.7998,1.0246,-0.6011,0.0057,1.4634,0.0152,0.6366,2.97,0.0,4.9572,1.1006,17.9459,2.8613,-0.046,0.031,1.7758,0.0645,152.5274,5.9904,0.2206,0.0045
3.0,82.5,4,0.39,2.97,[5.35 3.8 ],[2. 2.],4.39,0.01,4.28,0.0,0.4583,0.5417,4.53,0.0265,20.4439,0.3897,-0.5749,0.0038,1.443,0.0064,0.657,2.97,0.0,1.2613,0.1022,4.8869,1.3216,0.0698,0.0111,1.0188,0.0622,141.2568,6.1799,0.2775,0.006
3.0,90.0,0,0.0,3.0,[5.29 4.56],[2. 2.],4.6,0.0,8.36,0.15,0.8958,0.1042,4.72,0.0625,22.1878,0.6666,0.0212,0.0004,1.464,0.0097,0.636,2.995,0.0,3.5737,0.8991,15.6157,3.5418,-0.355,0.181,1.4325,0.8046,159.3586,11.8259,-0.3744,1.1511
3.0,90.0,1,0.0,3.0,[4.95 4.14],[2. 2.],3.9,0.0,8.57,0.02,0.0,0.0,,,,,,,,,,,,,,,,,,,,,,,
3.0,90.0,2,0.0,3.0,[5.22 7.11],[2. 2.],4.61,0.05,8.35,0.05,0.8958,0.0833,4.7326,0.0442,22.3507,0.5404,0.0214,0.0005,1.4663,0.0079,0.6337,2.995,0.0,3.773,1.0097,15.2295,3.3439,-0.3411,0.1847,1.3792,0.8316,160.0939,12.2471,-0.4469,1.2071
3.0,90.0,3,0.0,3.0,[4.96 4.02],[2. 2.],4.41,0.0,5.63,0.03,0.7083,0.2917,4.5392,0.0428,20.5469,0.4552,0.0211,0.0003,1.4391,0.0074,0.6609,2.995,0.0,2.6853,0.7569,11.0512,2.1974,-0.3227,0.122,1.1527,0.4733,157.5836,11.8714,-0.0927,0.9436
3.0,90.0,4,0.0,3.0,[3.55 5.78],[2. 2.],4.74,0.01,7.97,0.05,0.9583,0.0417,4.8573,0.0688,22.1272,0.5888,0.0213,0.0005,1.4631,0.0086,0.6369,2.995,0.0,2.4192,0.8128,16.9104,2.4228,-0.4346,0.0734,1.8647,0.3117,137.2639,11.0074,0.1432,0.4276
3.5,22.5,0,3.23,1.34,[5.64 7.09],[2. 2.],4.88,0.08,9.01,0.13,0.9792,0.0208,5.0281,0.1097,25.3009,1.1061,-12.1088,0.2641,1.8344,0.0058,0.2656,1.335,0.0,7.7054,1.4784,14.2251,2.2327,0.3533,0.9484,-0.0331,0.316,168.0095,33.5529,-2.2771,0.933
3.5,22.5,1,3.23,1.34,[2.81 7.11],[2. 2.],4.86,0.01,7.68,0.0,1.0,0.0,4.9669,0.0555,24.5845,0.7283,-11.9661,0.1355,1.8307,0.0041,0.2693,1.335,0.0001,6.0275,1.1364,13.9621,2.9952,0.3964,0.9843,-0.0544,0.2253,169.0275,28.9885,-2.2267,0.9963
3.5,22.5,2,3.23,1.34,[6.42 6.52],[2. 2.],6.94,0.0,1.8,0.02,0.0,0.0,,,,,,,,,,,,,,,,,,,,,,,
3.5,22.5,3,3.23,1.34,[6.25 3.13],[2. 2.],4.9,0.0,8.96,0.05,1.0,0.0,5.002,0.0772,24.9577,0.8895,-12.0468,0.1845,1.8326,0.0048,0.2674,1.335,0.0,6.7694,1.0911,12.3283,2.7229,0.4,0.988,-0.0221,0.3011,167.6655,32.3192,-2.2286,0.9902
3.5,22.5,4,3.23,1.34,[5.6  4.17],[2. 2.],4.99,0.0,6.89,0.01,0.9583,0.0,5.1363,0.0699,26.4148,0.7288,-12.3716,0.1682,1.8402,0.0036,0.2598,1.335,0.0,6.5563,1.3385,12.5947,2.9245,1.6113,1.4246,0.2078,0.3032,128.0085,46.8552,-1.0479,1.4003
3.5,30.0,0,3.03,1.75,[4.69 5.61],[2. 2.],5.03,0.0,5.75,0.0,1.0,0.0,5.1713,0.0663,26.6803,0.7652,-8.9266,0.1175,1.7621,0.0049,0.3379,1.745,0.0,6.2463,1.3962,12.818,2.4823,1.5414,1.3097,0.2828,0.3643,133.1546,40.9567,-0.9855,1.4082
3.5,30.0,1,3.03,1.75,[3.42 4.45],[2. 2.],5.05,0.0,8.02,0.0,1.0,0.0,5.1765,0.0801,25.3697,1.3649,-8.9361,0.1396,1.7532,0.0091,0.3468,1.745,0.0,7.575,1.3391,12.7186,2.0094,0.5448,1.0641,0.0891,0.4661,162.0755,36.8477,-2.051,1.1421
3.5,30.0,2,3.03,1.75,[3.06 3.19],[2. 2.],5.73,0.02,2.7,0.04,0.0,0.0,,,,,,,,,,,,,,,,,,,,,,,
3.5,30.0,3,3.03,1.75,[4.4  5.72],[2. 2.],5.07,0.08,8.25,0.02,1.0,0.0,5.216,0.1169,26.3596,1.6384,-9.0052,0.203,1.7596,0.0106,0.3404,1.745,0.0,7.5682,1.2566,12.0027,2.0077,0.1071,0.5247,-0.1055,0.2493,176.9803,19.1209,-2.5234,0.5639
3.5,30.0,4,3.03,1.75,[4.15 6.07],[2. 2.],4.96,0.0,8.21,0.23,1.0,0.0,5.0935,0.0608,24.4236,0.5717,-8.7925,0.1076,1.7468,0.0041,0.3532,1.745,0.0,6.7392,0.8321,13.879,1.9395,0.5305,1.0472,0.0922,0.4626,163.6422,33.6311,-2.0501,1.1421
3.5,37.5,0,2.78,2.13,[5.66 6.03],[2. 2.],5.34,0.02,8.02,0.0,1.0,0.0,5.4909,0.0743,30.0255,1.0352,-7.1258,0.0992,1.7118,0.0069,0.3882,2.126,0.0,8.4907,1.9404,10.6794,2.3104,1.1513,1.2083,0.6268,0.8105,132.1791,50.8654,-1.2977,1.4027
3.5,37.5,1,2.78,2.13,[2.51 5.71],[2. 2.],4.86,0.0,6.27,0.0,1.0,0.0,4.9642,0.08,23.1747,1.0255,-6.4412,0.1019,1.6581,0.0094,0.4419,2.126,0.0,7.2845,1.2276,14.0282,1.9521,0.6844,1.082,0.168,0.494,161.6745,30.8388,-1.8018,1.2927
3.5,37.5,2,2.78,2.13,[2.6  4.31],[2. 2.],5.15,0.0,6.99,0.0,1.0,0.0,5.2869,0.0715,26.8151,0.7149,-6.8597,0.0954,1.6893,0.0055,0.4107,2.126,0.0,8.294,1.1504,10.8875,1.0726,0.3533,0.8443,0.0532,0.498,167.6324,32.7053,-2.2358,0.9999
3.5,37.5,3,2.78,2.13,[3.67 3.37],[2. 2.],5.08,0.0,4.53,0.01,1.0,0.0,5.2258,0.0623,27.3197,0.6452,-6.7825,0.084,1.6932,0.0048,0.4068,2.126,0.0,7.6734,1.5441,10.3844,1.6567,2.1026,0.8712,0.631,0.3276,103.7618,32.9936,-0.1948,1.0024
3.5,37.5,4,2.78,2.13,[4.98 7.16],[2. 2.],5.07,0.0,9.66,0.05,1.0,0.0,5.1651,0.0682,25.6517,1.3729,-6.7028,0.0906,1.6798,0.0111,0.4202,2.126,0.0,7.0317,0.9312,16.2775,1.1173,1.8547,0.8941,1.1824,0.6328,116.3807,31.4259,-0.356,1.0936
3.5,45.0,0,2.47,2.47,[4.02 3.95],[2. 2.],4.91,0.01,6.61,0.01,1.0,0.0,5.04,0.0849,24.1975,1.4613,-5.0129,0.0836,1.5972,0.0148,0.5028,2.47,0.0,6.6934,0.9616,14.4409,1.5461,1.1186,1.0301,0.6878,0.7645,140.9603,36.9715,-1.1068,1.4213
3.5,45.0,1,2.47,2.47,[3.61 5.35],[2. 2.],5.06,0.0,5.78,0.14,1.0,0.0,5.1898,0.0611,25.2821,1.2853,-5.163,0.0629,1.6083,0.0119,0.4917,2.47,0.0,8.7134,0.9698,11.5847,1.4273,1.4493,0.9774,0.9016,0.7015,121.0012,40.6281,-0.697,1.3287
3.5,45.0,2,2.47,2.47,[5.85 4.01],[2. 2.],4.86,0.0,6.04,0.0,1.0,0.0,4.9629,0.0616,24.6319,0.6138,-4.9365,0.0634,1.6022,0.0061,0.4978,2.47,0.0,6.1378,0.749,13.8795,1.4691,1.1757,1.0387,0.6567,0.6951,141.1847,35.3432,-1.0233,1.3992
3.5,45.0,3,2.47,2.47,[5.26 4.59],[2. 2.],4.87,0.01,7.78,0.0,1.0,0.0,5.0097,0.0793,23.4325,0.7201,-4.9836,0.0784,1.5896,0.0079,0.5104,2.47,0.0,6.7467,1.0519,16.3794,2.0543,1.7001,0.7675,1.2394,0.6137,125.3542,26.0554,-0.2694,1.0363
3.5,45.0,4,2.47,2.47,[4.97 3.86],[2. 2.],5.07,0.04,5.58,0.01,1.0,0.0,5.2317,0.0924,25.5324,0.9706,-5.2037,0.0921,1.6109,0.0092,0.4891,2.47,0.0,8.5955,1.6763,11.0257,1.5599,1.995,0.5174,1.2776,0.3726,94.5089,23.6429,0.0233,0.6756
3.5,52.5,0,2.13,2.78,[6.27 6.96],[2. 2.],4.99,0.0,9.35,0.02,1.0,0.0,5.1301,0.0717,24.5323,0.6603,-3.9114,0.0561,1.5402,0.0076,0.5598,2.772,0.0,5.4318,1.3514,19.1255,3.4213,1.6365,0.0142,2.0033,0.0528,115.5059,7.7477,0.1811,0.0048
3.5,52.5,1,2.13,2.78,[4.6  6.17],[2. 2.],4.83,0.0,4.82,0.0,1.0,0.0,4.9496,0.0688,22.9345,0.732,-3.7745,0.0528,1.521,0.009,0.579,2.772,0.0,7.3309,1.1719,12.0156,1.2533,1.453,0.6978,1.0973,0.5873,115.8301,31.6873,-0.3113,1.1138
3.5,52.5,2,2.13,2.78,[6.13 6.61],[2. 2.],5.28,0.0,6.36,0.0,1.0,0.0,5.4055,0.0886,28.3049,0.9078,-4.1242,0.0664,1.5788,0.0083,0.5212,2.772,0.0,,,,,,,,,,,,
3.5,52.5,3,2.13,2.78,[3.48 6.38],[2. 2.],4.68,0.0,4.35,0.03,1.0,0.0,4.769,0.0677,22.1038,1.1356,-3.6358,0.0517,1.5098,0.0152,0.5902,2.772,0.0,5.4711,0.9454,11.8195,1.0118,1.2401,0.8411,0.7267,0.5737,135.1839,31.0936,-0.6504,1.3337
3.5,52.5,4,2.13,2.78,[5.98 7.71],[2. 2.],4.87,0.0,7.06,0.01,1.0,0.0,4.9754,0.0764,23.1713,0.8242,-3.7946,0.0562,1.5239,0.0099,0.5761,2.772,0.0,5.8863,0.8873,17.6044,1.4477,1.5607,0.4701,1.5501,0.5118,121.0277,19.3776,-0.0371,0.7924
3.5,60.0,0,1.75,3.03,[3.45 6.34],[2. 2.],4.66,0.2,7.48,0.34,0.7917,0.1875,5.0069,0.1886,24.608,1.8511,-2.8683,0.1088,1.4887,0.0225,0.6113,3.026,0.0,5.9368,1.8708,18.3669,4.7696,1.1791,0.4076,1.7976,0.6798,123.6235,26.0419,-0.1023,0.874
3.5,60.0,1,1.75,3.03,[5.65 7.04],[2. 2.],4.75,0.04,5.68,0.23,0.9792,0.0208,4.8703,0.1034,22.9363,1.6521,-2.7894,0.0599,1.467,0.0223,0.633,3.026,0.0,5.7675,1.3725,15.8243,2.3459,0.9007,0.6465,1.1107,0.9007,135.8737,33.8657,-0.7489,1.3432
3.5,60.0,2,1.75,3.03,[4.63 7.7 ],[2. 2.],4.71,0.01,8.05,0.15,0.6458,0.3542,4.843,0.07,23.4538,0.6851,-2.7734,0.0393,1.475,0.0092,0.625,3.026,0.0,6.7305,1.2791,18.4026,3.1165,1.3033,0.0352,1.9313,0.0813,138.4179,10.2207,0.2088,0.0076
3.5,60.0,3,1.75,3.03,[5.65 4.52],[2. 2.],4.46,0.0,5.08,0.06,0.9167,0.0833,4.5766,0.0599,20.9394,0.5513,-2.6211,0.0343,1.4385,0.0087,0.6615,3.026,0.0,5.225,1.1138,12.4345,1.8852,1.3004,0.3465,1.234,0.3662,143.1373,16.1836,0.0618,0.7174
3.5,60.0,4,1.75,3.03,[4.37 4.57],[2. 2.],4.53,0.01,3.59,0.0,1.0,0.0,4.6631,0.0595,20.6136,0.9654,-2.6713,0.0351,1.433,0.0152,0.667,3.026,0.0,5.3716,1.1253,10.4851,1.0479,1.4226,0.2096,1.1193,0.1981,112.1117,12.5781,0.2068,0.4054
3.5,67.5,0,1.34,3.23,[5.47 4.05],[2. 2.],4.52,0.0,4.99,0.03,1.0,0.0,4.6303,0.068,20.8956,1.0181,-1.8978,0.0276,1.393,0.0174,0.707,3.229,0.0,3.6736,0.9552,15.5897,2.3683,0.818,0.3663,1.3505,0.6643,135.3136,21.6013,-0.2389,1.0799
3.5,67.5,1,1.34,3.23,[4.78 5.09],[2. 2.],4.38,0.0,3.7,0.07,1.0,0.0,4.4668,0.0503,18.765,0.4134,-1.8299,0.0214,1.3545,0.0081,0.7455,3.229,0.0,3.2449,0.76,10.0981,2.2235,1.0169,0.1503,1.1749,0.2043,127.0407,11.4069,0.2191,0.4225
3.5,67.5,2,1.34,3.23,[4.37 4.39],[2. 2.],4.65,0.0,7.27,0.0,0.9583,0.0417,4.7613,0.0556,22.4642,0.5218,-1.9517,0.0235,1.4186,0.0079,0.6814,3.229,0.0,5.0762,1.5412,16.2929,2.4027,0.9023,0.1325,1.9619,0.3095,140.4863,10.35,0.1557,0.4177
3.5,67.5,3,1.34,3.23,[3.23 7.44],[2. 2.],4.77,0.0,8.61,0.0,0.9792,0.0208,4.9084,0.0568,22.5274,0.5057,-2.0118,0.0244,1.4196,0.0076,0.6804,3.229,0.0,5.5997,1.4818,18.6162,3.4028,0.8531,0.02,2.2203,0.0495,137.3897,7.4795,0.2016,0.005
3.5,67.5,4,1.34,3.23,[6.26 5.74],[2. 2.],4.63,0.0,7.66,0.1,0.5208,0.4792,4.7597,0.0614,21.2278,0.5319,-1.9511,0.0246,1.399,0.0088,0.701,3.229,0.0,6.1305,1.3083,19.2542,2.2987,0.9133,0.0238,2.0411,0.0853,141.6611,8.7005,0.217,0.0076
3.5,74.9,0,0.91,3.38,[5.04 5.57],[2. 2.],4.8,0.0,8.24,0.28,1.0,0.0,4.906,0.0569,22.5452,0.5901,-1.2947,0.0157,1.3888,0.0091,0.7112,3.376,0.0,3.541,1.3988,22.3984,4.5739,0.4444,0.0714,2.2823,0.3664,135.019,10.4107,0.1456,0.3944
3.5,74.9,1,0.91,3.38,[4.81 5.81],[2. 2.],4.59,0.0,6.16,0.0,1.0,0.0,4.709,0.0621,21.1844,1.0778,-1.2421,0.0172,1.3658,0.0183,0.7342,3.376,0.0,2.8526,1.0762,17.6165,3.0521,0.4523,0.17,1.7625,0.7207,136.4704,18.9111,-0.1248,0.9307
3.5,74.9,2,0.91,3.38,[5.78 4.39],[2. 2.],5.38,0.0,6.54,0.03,0.8542,0.1458,5.5229,0.0757,29.6697,1.4362,-1.4599,0.0208,1.4797,0.0151,0.6203,3.376,0.0,3.5017,2.5176,48.773,15.7369,0.5318,0.1551,2.3277,0.6831,87.4234,26.1154,-0.0315,0.7402
3.5,74.9,3,0.91,3.38,[2.65 4.87],[2. 2.],4.73,0.02,8.05,0.48,0.8958,0.1042,4.8823,0.0749,23.7975,0.8548,-1.2887,0.02,1.4076,0.0128,0.6924,3.376,0.0,4.1166,1.6527,19.7392,3.2834,0.418,0.116,2.1623,0.6303,138.9122,15.8994,-0.0013,0.7441
3.5,74.9,4,0.91,3.38,[3.08 5.23],[2. 2.],4.62,0.01,7.53,0.05,0.9375,0.0625,4.753,0.0569,21.9651,0.5197,-1.2538,0.0154,1.3795,0.0086,0.7205,3.376,0.0,4.2099,1.673,18.5775,3.5186,0.4609,0.0974,2.0903,0.4705,142.7418,12.7414,0.0913,0.5812
3.5,82.4,0,0.46,3.47,[5.3  7.14],[2. 2.],4.41,0.0,6.47,0.07,0.6042,0.3958,4.549,0.0474,19.6083,0.3978,-0.5803,0.0061,1.3174,0.008,0.7826,3.465,0.0,4.4497,1.4776,17.8266,3.1268,0.0693,0.0192,1.996,0.0553,153.1146,6.6209,0.2402,0.0047
3.5,82.4,1,0.46,3.47,[2.7  3.87],[2. 2.],4.56,0.01,7.85,0.19,0.8542,0.1458,4.6796,0.0512,20.9167,0.9679,-0.5972,0.0068,1.3418,0.0171,0.7582,3.465,0.0,4.8401,1.4711,20.2599,4.3535,0.0274,0.0165,2.0056,0.6856,156.2995,11.3957,-0.0475,0.8214
3.5,82.4,2,0.46,3.47,[4.77 4.75],[2. 2.],4.4,0.0,5.71,0.06,0.9375,0.0625,4.4853,0.0537,18.9456,0.4946,-0.5718,0.0072,1.3037,0.0102,0.7963,3.465,0.0,3.7475,1.2825,14.8239,2.8389,0.0782,0.021,1.7616,0.4021,152.6391,9.9323,0.1254,0.5892
3.5,82.4,3,0.46,3.47,[3.07 3.26],[2. 2.],4.31,0.0,4.63,0.03,0.9375,0.0625,4.4013,0.0628,19.3076,0.6516,-0.5611,0.0078,1.3111,0.0135,0.7889,3.465,0.0,2.5516,1.3274,13.129,2.9584,0.1155,0.0212,1.5769,0.2775,144.3738,12.0583,0.2062,0.4253
3.5,82.4,4,0.46,3.47,[4.63 7.78],[2. 2.],4.68,0.0,9.02,0.11,0.9167,0.0833,4.8221,0.0584,21.7942,0.6404,-0.6158,0.0073,1.3575,0.0107,0.7425,3.465,0.0,5.5414,2.006,23.3466,3.774,-0.0072,0.0231,2.3575,0.3826,150.4904,8.4891,0.1408,0.4367
3.5,90.0,0,0.0,3.5,[5.65 6.68],[2. 2.],4.64,0.06,8.52,0.01,1.0,0.0,4.7283,0.071,22.3165,0.7496,0.0183,0.0005,1.3599,0.0124,0.7401,3.495,0.0,5.3102,1.7561,23.0608,5.2036,-0.2852,0.2187,1.4324,1.2154,162.6184,14.8241,-0.8441,1.3682
3.5,90.0,1,0.0,3.5,[2.8  5.29],[2. 2.],4.43,0.0,5.75,0.01,0.9583,0.0417,4.5239,0.0638,19.2711,0.6014,0.018,0.0002,1.3036,0.0123,0.7964,3.495,0.0,2.8036,1.2001,16.3763,3.3906,-0.346,0.093,1.7913,0.5077,148.5246,12.5949,0.0605,0.7072
3.5,90.0,2,0.0,3.5,[3.98 6.57],[2. 2.],4.57,0.0,7.9,0.0,1.0,0.0,4.6737,0.063,20.9894,1.078,0.0182,0.0004,1.3364,0.0193,0.7636,3.495,0.0,4.5415,1.6228,21.1723,4.3863,-0.3815,0.1303,2.0212,0.7346,156.0204,9.9858,-0.0739,0.8697
3.5,90.0,3,0.0,3.5,[3.23 4.1 ],[2. 2.],4.2,0.01,3.87,0.0,0.5208,0.4792,4.253,0.0475,17.8004,0.6727,0.018,0.0003,1.2712,0.016,0.8288,3.495,0.0,1.9249,0.4211,8.4802,1.6709,-0.2975,0.0089,1.238,0.1052,155.2956,9.3905,0.3066,0.0099
3.5,90.0,4,0.0,3.5,[4.81 7.06],[2. 2.],4.43,0.01,6.37,0.07,1.0,0.0,4.5187,0.0489,20.3795,0.5305,0.018,0.0001,1.3256,0.0102,0.7744,3.495,0.0,4.0113,1.3706,17.5601,2.7642,-0.3574,0.1081,1.8093,0.5828,157.2898,8.6324,0.0112,0.7748
4.0,22.5,0,3.7,1.53,[5.27 4.56],[2. 2.],4.97,0.0,7.73,0.01,1.0,0.0,5.1199,0.0701,24.4857,0.7674,-12.3334,0.1731,1.7915,0.0047,0.3085,1.526,0.0,8.3031,1.2902,14.0768,3.4285,0.204,0.8009,-0.097,0.2285,175.0156,22.9365,-2.4544,0.6818
4.0,22.5,1,3.7,1.53,[2.62 7.45],[2. 2.],5.17,0.01,8.48,0.0,1.0,0.0,5.3353,0.1084,26.4567,1.0465,-12.8582,0.2633,1.8031,0.0059,0.2969,1.526,0.0,,,,,,,,,,,,
4.0,22.5,2,3.7,1.53,[2.77 4.31],[2. 2.],5.22,0.03,5.53,0.0,0.8542,0.0,5.3487,0.0922,27.0931,1.6287,-12.8894,0.2224,1.8064,0.0086,0.2936,1.526,0.0,8.1978,2.5596,15.0596,3.328,1.4736,1.6773,0.1124,0.31,139.5386,48.7744,-1.4074,1.4191
4.0,22.5,3,3.7,1.53,[4.61 5.74],[2. 2.],5.14,0.0,5.51,0.0,0.9375,0.0,5.2721,0.0715,27.8109,0.751,-12.702,0.1708,1.8106,0.0039,0.2894,1.526,0.0,7.0117,1.4134,14.1242,2.8379,0.879,1.4788,-0.0268,0.2203,158.6546,37.1466,-1.881,1.2609
4.0,22.5,4,3.7,1.53,[3.01 4.34],[2. 2.],5.0,0.0,6.36,0.14,0.9375,0.0,5.1489,0.0638,25.4519,1.5467,-12.4072,0.1571,1.7971,0.009,0.3029,1.526,0.0,7.4343,1.6011,14.8337,3.1896,0.576,1.2674,-0.0483,0.2587,165.7109,32.5926,-2.1343,1.0837
4.0,30.0,0,3.46,2.0,[2.52 3.92],[2. 2.],5.31,0.0,8.24,0.03,1.0,0.0,5.45,0.0883,28.7602,0.9206,-9.415,0.1518,1.7279,0.0059,0.3721,1.995,0.0,,,,,,,,,,,,
4.0,30.0,1,3.46,2.0,[4.96 6.48],[2. 2.],4.82,0.0,7.75,0.0,0.9792,0.0,4.9349,0.0756,22.9667,0.6841,-8.5211,0.1285,1.6836,0.0062,0.4164,1.995,0.0,9.2212,2.0238,17.2626,3.0939,0.7607,1.3242,0.1128,0.5212,165.4799,27.2888,-1.9101,1.235
4.0,30.0,2,3.46,2.0,[5.76 3.38],[2. 2.],4.94,0.0,5.65,0.04,1.0,0.0,5.078,0.0855,24.882,1.5691,-8.768,0.1441,1.6995,0.0126,0.4005,1.995,0.0,8.1306,1.3429,15.3232,2.5737,0.1805,0.7485,-0.1249,0.2166,176.4359,16.7979,-2.4654,0.6941
4.0,30.0,3,3.46,2.0,[4.24 3.71],[2. 2.],4.91,0.0,4.8,0.02,0.6875,0.0,5.1023,0.0424,24.3491,0.6276,-8.8061,0.0756,1.6956,0.005,0.4044,1.995,0.0,6.7074,1.3723,15.0237,3.1,1.5956,1.5631,0.2112,0.3614,142.1356,37.7018,-1.1725,1.4438
4.0,30.0,4,3.46,2.0,[5.59 3.8 ],[2. 2.],5.25,0.01,8.97,0.2,1.0,0.0,5.4034,0.0826,29.1394,0.9018,-9.3327,0.1428,1.7303,0.0057,0.3697,1.995,0.0,10.0456,1.4579,12.5777,2.0296,0.0004,0.0098,-0.1823,0.0241,181.1956,0.4035,-2.6565,0.0568
4.0,37.6,0,3.17,2.44,[3.67 7.92],[2. 2.],5.29,0.0,6.04,0.0,1.0,0.0,5.4424,0.0831,29.3051,0.8931,-7.0671,0.1075,1.651,0.0069,0.449,2.43,0.0,11.4937,2.9215,16.4347,7.996,0.2925,0.8788,-0.0133,0.5232,170.1731,31.8953,-2.3401,0.8607
4.0,37.6,1,3.17,2.44,[4.36 6.55],[2. 2.],5.04,0.0,8.05,0.0,1.0,0.0,5.1428,0.0701,24.8956,0.6632,-6.6755,0.092,1.6129,0.0064,0.4871,2.43,0.0,8.2168,1.1298,18.1301,1.4867,1.1274,1.3448,0.5708,0.8556,148.9789,37.5932,-1.4641,1.3923
4.0,37.6,2,3.17,2.44,[3.54 4.16],[2. 2.],4.8,0.0,6.07,0.11,0.9792,0.0,4.9434,0.0561,24.3892,0.5692,-6.419,0.075,1.6079,0.0058,0.4921,2.43,0.0,8.1829,1.1243,16.456,1.1422,0.4044,0.9961,0.0418,0.4988,170.5673,24.3041,-2.2031,1.0111
4.0,37.6,3,3.17,2.44,[3.62 7.37],[2. 2.],4.99,0.02,6.64,0.0,1.0,0.0,5.1111,0.0904,26.0076,0.9838,-6.6357,0.1166,1.6232,0.0091,0.4768,2.43,0.0,8.518,1.2295,15.546,1.2546,0.1719,0.6693,-0.0632,0.3753,176.0914,18.8075,-2.466,0.6899
4.0,37.6,4,3.17,2.44,[4.9  6.58],[2. 2.],6.64,0.0,0.29,0.0,0.0,0.0,,,,,,,,,,,,,,,,,,,,,,,
4.0,45.0,0,2.83,2.83,[3.94 7.25],[2. 2.],5.23,0.0,7.97,0.03,1.0,0.0,5.3872,0.0894,28.8647,1.229,-5.3638,0.0869,1.574,0.0115,0.526,2.824,0.0,10.8037,1.4598,16.2688,2.1683,0.6079,1.0403,0.3899,0.9641,159.3432,38.4482,-1.9393,1.2214
4.0,45.0,1,2.83,2.83,[5.35 7.74],[2. 2.],5.5,0.03,7.73,0.0,1.0,0.0,5.6745,0.109,30.9415,2.1115,-5.6529,0.1096,1.5914,0.0172,0.5086,2.824,0.0,,,,,,,,,,,,
4.0,45.0,2,2.83,2.83,[5.85 4.81],[2. 2.],4.89,0.0,4.92,0.02,0.9792,0.0208,4.9915,0.0739,23.5458,1.2553,-4.9686,0.0731,1.5174,0.0149,0.5826,2.824,0.0,9.3385,1.5014,13.9908,1.4779,0.5327,1.008,0.1919,0.6574,164.3267,32.5305,-2.0368,1.1742
4.0,45.0,3,2.83,2.83,[5.37 7.87],[2. 2.],4.84,0.0,8.87,0.01,0.8958,0.1042,4.9772,0.0658,24.789,0.6568,-4.954,0.0674,1.5327,0.0075,0.5673,2.824,0.0,9.897,1.3893,20.6852,2.6935,1.6645,1.059,1.3348,0.916,143.1138,23.9177,-0.6,1.2771
4.0,45.0,4,2.83,2.83,[5.41 7.89],[2. 2.],5.07,0.01,7.21,0.0,1.0,0.0,5.1915,0.0736,26.6878,0.753,-5.168,0.0743,1.5532,0.0077,0.5468,2.824,0.0,9.3377,1.237,17.5434,1.7294,0.0628,0.3438,-0.1222,0.305,179.4719,12.6993,-2.5875,0.4077
4.0,52.4,0,2.44,3.17,[3.04 5.9 ],[2. 2.],4.91,0.01,8.68,0.09,0.9792,0.0,5.0093,0.0715,24.5125,1.0685,-3.8221,0.0555,1.4595,0.0141,0.6405,3.169,0.0,7.8548,1.9893,22.5161,3.2525,1.9072,0.2888,2.1966,0.3467,128.0272,12.7767,0.1325,0.4109
4.0,52.4,1,2.44,3.17,[4.69 3.09],[2. 2.],4.68,0.0,5.63,0.01,1.0,0.0,4.7771,0.0678,22.2345,1.1905,-3.6444,0.0521,1.4272,0.0182,0.6728,3.169,0.0,7.0844,1.0094,19.5619,2.1466,1.5317,0.8902,1.3205,0.8426,134.3563,27.5199,-0.4885,1.2358
4.0,52.4,2,2.44,3.17,[6.28 3.87],[2. 2.],4.91,0.0,8.53,0.0,1.0,0.0,5.0067,0.0736,23.8815,1.2917,-3.8213,0.0544,1.4508,0.0172,0.6492,3.169,0.0,7.9322,2.149,22.3367,3.0859,1.7744,0.5495,2.0317,0.658,130.7627,17.2967,-0.0386,0.7737
4.0,52.4,3,2.44,3.17,[4.01 4.48],[2. 2.],4.96,0.0,9.56,0.02,0.9792,0.0208,5.1101,0.0883,26.1254,0.9003,-3.8997,0.0664,1.4797,0.0107,0.6203,3.169,0.0,7.327,2.1028,23.9703,3.9457,1.8979,0.2887,2.3169,0.3671,123.223,12.5132,0.1246,0.4068
4.0,52.4,4,2.44,3.17,[4.44 5.11],[2. 2.],4.54,0.01,6.62,0.15,0.8542,0.1458,4.6973,0.045,22.0729,0.4216,-3.5833,0.0352,1.4254,0.0065,0.6746,3.169,0.0,9.5768,0.8084,19.4077,2.4646,1.818,0.6136,1.6423,0.5941,144.732,12.9696,-0.049,0.8416
4.0,60.0,0,2.0,3.46,[3.66 4.88],[2. 2.],5.38,0.0,8.62,0.01,0.9583,0.0417,5.5196,0.0701,30.3977,0.8489,-3.1663,0.0414,1.4724,0.0089,0.6276,3.459,0.0,11.6602,1.1003,18.6227,2.6696,1.3911,0.4863,2.4591,0.9077,101.746,28.4538,-0.1348,0.8706
4.0,60.0,1,2.0,3.46,[3.01 3.94],[2. 2.],4.45,0.0,3.53,0.01,1.0,0.0,4.5351,0.054,19.7114,0.9717,-2.5999,0.0309,1.3202,0.0188,0.7798,3.459,0.0,7.4206,1.1661,14.1835,1.767,1.3878,0.6676,1.2535,0.6617,122.6059,28.2776,-0.277,1.1317
4.0,60.0,2,2.0,3.46,[5.86 3.31],[2. 2.],4.54,0.01,6.15,0.04,0.9792,0.0208,4.6536,0.0689,21.6563,0.6356,-2.667,0.0383,1.3565,0.011,0.7435,3.459,0.0,6.7522,1.6942,19.5604,3.7966,1.5484,0.3315,1.9806,0.4451,137.1726,13.4942,0.1108,0.5663
4.0,60.0,3,2.0,3.46,[2.91 7.13],[2. 2.],4.63,0.01,6.07,0.0,1.0,0.0,4.7363,0.0573,22.3876,0.6304,-2.7151,0.0337,1.3687,0.0105,0.7313,3.459,0.0,5.3834,1.2163,20.7923,3.3746,1.5515,0.3271,2.0506,0.4515,126.5485,12.6406,0.103,0.5754
4.0,60.0,4,2.0,3.46,[6.25 4.78],[2. 2.],4.81,0.0,7.63,0.07,1.0,0.0,4.9601,0.0672,24.6023,0.6656,-2.8445,0.0396,1.4024,0.0095,0.6976,3.459,0.0,5.8119,1.5891,25.2446,3.4985,1.5408,0.0288,2.4351,0.0593,121.0687,8.7641,0.2001,0.0051
4.0,67.5,0,1.53,3.7,[4.24 3.53],[2. 2.],4.45,0.0,5.2,0.01,1.0,0.0,4.5546,0.0734,19.701,0.6341,-1.8688,0.0292,1.2681,0.0134,0.8319,3.691,0.0,4.601,1.3501,21.6393,3.1255,1.1294,0.2377,2.0276,0.4584,132.5385,13.2354,0.1276,0.554
4.0,67.5,1,1.53,3.7,[4.54 4.31],[2. 2.],4.36,0.07,4.93,0.01,1.0,0.0,4.4754,0.0751,19.5142,1.1287,-1.8359,0.0312,1.2634,0.0245,0.8366,3.691,0.0,4.5234,1.3763,18.7225,3.5564,1.1357,0.2388,1.9252,0.4373,136.1544,13.0739,0.1337,0.5715
4.0,67.5,2,1.53,3.7,[5.18 5.16],[2. 2.],4.3,0.01,2.99,0.12,1.0,0.0,4.3915,0.061,18.3467,0.8633,-1.8015,0.0246,1.2376,0.0198,0.8624,3.691,0.0,7.0692,1.2398,11.1146,2.1546,1.2629,0.0087,1.5539,0.0785,105.1149,7.2282,0.2873,0.0076
4.0,67.5,3,1.53,3.7,[6.46 3.53],[2. 2.],4.62,0.0,7.89,0.01,0.7708,0.2292,4.748,0.0478,22.4978,0.6243,-1.9488,0.0204,1.3216,0.0113,0.7784,3.691,0.0,7.4215,1.2509,23.9737,4.5337,1.0871,0.024,2.5177,0.0482,145.8855,6.3033,0.2165,0.005
4.0,67.5,4,1.53,3.7,[2.79 5.  ],[2. 2.],4.63,0.0,5.67,0.0,1.0,0.0,4.7286,0.0573,22.3651,0.5433,-1.9406,0.0243,1.3194,0.0094,0.7806,3.691,0.0,5.3078,1.891,23.4932,2.7103,0.7862,0.5302,1.5679,1.1556,137.9824,29.8233,-0.6602,1.3121
4.0,74.9,0,1.04,3.86,[5.95 5.19],[2. 2.],4.51,0.01,6.78,0.05,0.9375,0.0625,4.618,0.0516,20.6065,0.5285,-1.2204,0.014,1.2497,0.0107,0.8503,3.859,0.0,5.5598,1.3015,22.1196,4.3168,0.6239,0.0119,2.5238,0.0562,144.396,6.7392,0.229,0.0054
4.0,74.9,1,1.04,3.86,[2.61 4.14],[2. 2.],4.32,0.01,5.11,0.03,1.0,0.0,4.4048,0.065,19.3753,0.6057,-1.1634,0.0174,1.223,0.0137,0.877,3.859,0.0,4.119,1.5544,18.3754,3.9105,0.6781,0.0144,2.1538,0.0871,142.7439,9.5492,0.2578,0.0081
4.0,74.9,2,1.04,3.86,[3.25 3.82],[2. 2.],4.48,0.0,5.96,0.03,1.0,0.0,4.5917,0.0582,21.0861,0.5329,-1.2136,0.0149,1.2594,0.0106,0.8406,3.859,0.0,3.475,1.4826,21.3082,4.2372,0.6509,0.0159,2.4292,0.0681,135.0481,8.4447,0.2341,0.0059
4.0,74.9,3,1.04,3.86,[6.44 6.37],[2. 2.],4.24,0.0,5.03,0.14,0.7292,0.2708,4.3428,0.0418,18.5351,0.7711,-1.1472,0.0113,1.2031,0.019,0.8969,3.859,0.0,4.9975,1.6939,19.6285,3.2238,0.6694,0.1135,1.9957,0.3635,150.9025,9.6365,0.1831,0.4878
4.0,74.9,4,1.04,3.86,[4.9  4.77],[2. 2.],4.33,0.0,5.96,0.06,0.625,0.375,4.454,0.0372,18.7956,0.298,-1.177,0.0104,1.2098,0.0071,0.8902,3.859,0.0,5.2908,0.344,21.0572,2.6464,0.6675,0.0184,2.3128,0.0088,148.9106,3.508,0.2455,0.0021
4.0,82.5,0,0.52,3.97,[5.92 6.48],[2. 2.],4.67,0.0,7.87,0.01,1.0,0.0,4.7795,0.0586,22.6522,0.5665,-0.6128,0.0077,1.2676,0.0104,0.8324,3.961,0.0,5.038,2.0802,26.4987,4.906,0.0707,0.0252,2.8124,0.0653,142.991,9.0418,0.2145,0.0055
4.0,82.5,1,0.52,3.97,[5.5  7.86],[2. 2.],4.4,0.0,7.0,0.0,0.8958,0.1042,4.5112,0.0554,19.8581,0.9353,-0.5776,0.0074,1.2104,0.0209,0.8896,3.961,0.0,5.6048,1.5534,23.9991,3.9957,0.1152,0.0307,2.3732,0.6729,159.1597,9.8219,0.0435,0.7058
4.0,82.5,2,0.52,3.97,[6.42 3.11],[2. 2.],4.6,0.0,7.61,0.0,1.0,0.0,4.7004,0.0688,22.0986,0.6497,-0.6026,0.0092,1.2571,0.0124,0.8429,3.961,0.0,5.6922,2.2164,25.7682,4.3037,0.0736,0.0151,2.7376,0.0529,147.7527,7.069,0.2208,0.0056
4.0,82.5,3,0.52,3.97,[4.81 6.23],[2. 2.],4.58,0.0,8.18,0.01,0.9375,0.0625,4.6979,0.0636,21.9867,0.7159,-0.6022,0.0085,1.2549,0.0141,0.8451,3.961,0.0,5.8493,1.7271,26.1995,5.2189,0.0792,0.0285,2.5354,0.8195,154.8876,12.1088,-0.0379,0.8208
4.0,82.5,4,0.52,3.97,[3.53 4.21],[2. 2.],4.23,0.01,4.91,0.32,1.0,0.0,4.329,0.0532,18.7112,0.511,-0.5538,0.007,1.184,0.0126,0.916,3.961,0.0,2.885,1.413,19.971,3.2692,0.1821,0.0209,2.151,0.0854,142.9637,9.5808,0.2668,0.0075
4.0,90.0,0,0.0,4.0,[3.66 7.12],[2. 2.],4.62,0.05,7.9,0.49,0.9792,0.0208,4.7584,0.0931,21.2946,0.8404,0.016,0.0001,1.2338,0.0171,0.8662,3.995,0.0,3.7639,1.9889,28.5225,5.6373,-0.4324,0.0673,2.7662,0.4359,144.333,12.5935,0.1553,0.4029
4.0,90.0,1,0.0,4.0,[5.57 3.74],[2. 2.],4.63,0.0,8.42,0.04,1.0,0.0,4.7392,0.0639,21.364,1.068,0.016,0.0,1.2349,0.021,0.8651,3.995,0.0,5.8233,2.3406,28.8238,5.5746,-0.3598,0.1947,2.1802,1.2586,158.599,13.6617,-0.4396,1.2015
4.0,90.0,2,0.0,4.0,[5.23 3.3 ],[2. 2.],4.2,0.0,5.89,0.23,0.8958,0.1042,4.3081,0.044,18.2255,0.8095,0.016,0.0002,1.1635,0.021,0.9365,3.995,0.0,4.8511,1.4267,20.9157,4.4243,-0.3351,0.1023,2.0391,0.6963,163.0839,8.1961,-0.0006,0.8234
4.0,90.0,3,0.0,4.0,[5.78 7.89],[2. 2.],4.77,0.0,9.35,0.21,1.0,0.0,4.8697,0.0562,22.1765,0.4961,0.016,0.0002,1.2515,0.0095,0.8485,3.995,0.0,6.4529,2.499,30.3074,5.513,-0.3611,0.2066,2.2265,1.3671,156.5161,15.2808,-0.5107,1.2374
4.0,90.0,4,0.0,4.0,[4.36 3.29],[2. 2.],4.37,0.0,6.17,0.0,1.0,0.0,4.4844,0.0598,19.9313,0.5256,0.016,0.0001,1.2049,0.0119,0.8951,3.995,0.0,4.0398,2.1627,22.5269,4.998,-0.3513,0.091,2.3223,0.6333,152.4279,10.9366,0.0679,0.6803
