k_ep,k_run,t,NN_flip,NN_policy,mu,sigma,policy,x,y,z,vx,vy,vz,qx,qy,qz,qw,wx,wy,wz,eul_x,eul_y,eul_z,flip_flag,impact_flag,Tau,OF_x,OF_y,RREV,d_ceil,F_thrust[N],Mx[Nmm],My[Nmm],Mz[Nmm],M1_pwm,M2_pwm,M3_pwm,M4_pwm,x_d.x,x_d.y,x_d.z,v_d.x,v_d.y,v_d.z,a_d.x,a_d.y,a_d.z,Volts,Error
0,0,345.2022,0.0,0.0,,,,-0.015,0.671,-0.722,-0.085,3.631,-3.906,0.004,-0.122,0.008,0.993,0.023,-0.428,0.026,0.588,-13.994,0.886,False,False,0.0,-1.287,0.03,nan,2.862,3.102,1.583,1.66,-0.226,0.0,0.0,0.0,0.0,0.0,0.0,0.4,0.0,0.0,0.0,0.0,0.0,0.0,0.0,
0,0,345.2692,0.0,0.0,,,,-0.022,0.95,-1.022,-0.107,4.317,-4.644,0.004,-0.133,0.01,0.991,0.016,-0.291,0.018,0.619,-15.274,1.037,False,False,0.0,-1.383,0.034,nan,3.122,3.603,1.628,1.525,-0.238,0.0,0.0,0.0,0.0,0.0,0.0,0.4,0.0,0.0,0.0,0.0,0.0,0.0,0.0,
0,0,345.3092,0.0,0.0,,,,-0.026,1.135,-1.221,-0.121,4.72,-5.077,0.006,-0.138,0.01,0.99,0.011,-0.202,0.015,0.782,-15.916,1.012,False,False,0.0,-1.422,0.036,nan,3.321,3.971,1.643,1.413,-0.243,0.0,0.0,0.0,0.0,0.0,0.0,0.4,0.0,0.0,0.0,0.0,0.0,0.0,3.906,
0,0,345.3291,0.0,0.0,,,,-0.029,1.231,-1.325,-0.129,4.917,-5.287,0.006,-0.14,0.01,0.99,0.008,-0.166,0.009,0.783,-16.076,1.01,False,False,0.0,-1.436,0.037,nan,3.425,4.159,1.657,1.365,-0.24,0.0,0.0,0.0,0.0,0.0,0.0,0.4,0.0,0.0,0.0,0.0,0.0,0.0,3.906,
0,0,345.4512,0.0,0.0,,,,-0.047,1.892,-2.035,-0.178,6.093,-6.551,0.006,-0.14,0.01,0.99,0.002,0.102,-0.012,0.783,-16.076,1.01,False,False,0.0,-1.474,0.042,nan,4.135,5.405,1.7,0.908,-0.221,0.0,0.0,0.0,0.0,0.0,0.0,0.4,0.0,0.0,0.0,0.0,0.0,0.0,3.906,
0,0,345.4892,0.0,0.0,,,,-0.054,2.144,-2.305,-0.196,6.485,-6.971,0.006,-0.137,0.01,0.991,0.004,0.189,-0.013,0.78,-15.756,1.013,False,False,0.0,-1.473,0.044,nan,4.405,5.871,1.695,0.742,-0.215,0.0,0.0,0.0,0.0,0.0,0.0,0.4,0.0,0.0,0.0,0.0,0.0,0.0,3.906,
0,0,345.5193,0.0,0.0,,,,-0.06,2.343,-2.519,-0.209,6.78,-7.287,0.006,-0.133,0.01,0.991,0.001,0.257,-0.018,0.776,-15.276,1.016,False,False,0.0,-1.468,0.045,nan,4.619,6.238,1.706,0.596,-0.204,0.0,0.0,0.0,0.0,0.0,0.0,0.4,0.0,0.0,0.0,0.0,0.0,0.0,3.906,
0,0,345.5514,0.0,0.0,,,,-0.067,2.55,-2.743,-0.223,7.075,-7.603,0.006,-0.129,0.01,0.992,0.002,0.317,-0.024,0.772,-14.796,1.019,False,False,0.0,-1.461,0.045,nan,4.843,6.621,1.711,0.467,-0.19,0.0,0.0,0.0,0.0,0.0,0.0,0.4,0.0,0.0,0.0,0.0,0.0,0.0,3.906,
0,0,345.5812,0.0,0.0,,,,-0.074,2.767,-2.976,-0.236,7.369,-7.919,0.006,-0.123,0.008,0.992,-0.009,0.377,-0.029,0.747,-14.155,0.866,False,False,0.0,-1.452,0.046,nan,5.076,7.019,1.727,0.322,-0.176,0.0,0.0,0.0,0.0,0.0,0.0,0.4,0.0,0.0,0.0,0.0,0.0,0.0,3.906,
0,0,345.5983,0.0,0.0,,,,-0.078,2.916,-3.136,-0.246,7.566,-8.129,0.006,-0.119,0.008,0.993,-0.005,0.423,-0.031,0.743,-13.676,0.869,False,False,0.0,-1.445,0.046,nan,5.236,7.292,1.731,0.214,-0.166,0.0,0.0,0.0,0.0,0.0,0.0,0.4,0.0,0.0,0.0,0.0,0.0,0.0,3.906,
0,0,345.6382,0.0,0.0,,,,-0.089,3.227,-3.47,-0.265,7.958,-8.551,0.006,-0.109,0.008,0.994,-0.015,0.483,-0.034,0.735,-12.558,0.876,False,False,0.0,-1.429,0.047,nan,5.57,7.859,1.749,0.041,-0.146,0.0,0.0,0.0,0.0,0.0,0.0,0.4,0.0,0.0,0.0,0.0,0.0,0.0,3.906,
0,0,345.6892,0.0,0.0,,,,-0.102,3.637,-3.91,-0.289,8.449,-9.077,0.004,-0.095,0.007,0.995,-0.019,0.576,-0.042,0.549,-10.962,0.744,False,False,0.0,-1.406,0.047,nan,6.01,8.603,1.764,-0.208,-0.115,0.0,0.0,0.0,0.0,0.0,0.0,0.4,0.0,0.0,0.0,0.0,0.0,0.0,3.906,
0,0,345.7402,0.0,0.0,,,,-0.117,4.072,-4.377,-0.312,8.939,-9.604,0.004,-0.08,0.006,0.997,-0.018,0.638,-0.047,0.525,-9.21,0.594,False,False,0.0,-1.381,0.048,nan,6.477,9.386,1.772,-0.432,-0.084,0.0,0.0,0.0,0.0,0.0,0.0,0.4,0.0,0.0,0.0,0.0,0.0,0.0,3.906,
0,0,345.7743,0.0,0.0,,,,-0.127,4.344,-4.67,-0.325,9.233,-9.919,0.004,-0.071,0.006,0.997,-0.023,0.672,-0.047,0.519,-8.097,0.599,False,False,0.0,-1.364,0.047,nan,6.77,9.872,1.781,-0.566,-0.066,0.0,0.0,0.0,0.0,0.0,0.0,0.4,0.0,0.0,0.0,0.0,0.0,0.0,3.906,
0,0,345.7844,0.0,0.0,,,,-0.13,4.437,-4.77,-0.33,9.331,-10.025,0.004,-0.066,0.004,0.998,-0.02,0.687,-0.05,0.506,-7.619,0.443,False,False,0.0,-1.359,0.047,nan,6.87,10.036,1.775,-0.61,-0.057,0.0,0.0,0.0,0.0,0.0,0.0,0.4,0.0,0.0,0.0,0.0,0.0,0.0,3.906,
0,0,345.8232,0.0,0.0,,,,-0.001,0.004,-0.004,-0.01,0.294,-0.317,-0.0,0.011,-0.001,1.0,-0.028,0.72,-0.055,0.002,1.269,-0.159,False,False,0.0,-0.14,0.004,nan,2.108,1.031,0.513,-1.335,0.067,0.0,0.0,0.0,0.0,0.0,0.0,0.4,0.0,0.0,0.0,0.0,0.0,0.0,3.906,
0,0,345.9412,0.0,0.0,,,,-0.004,0.11,-0.118,-0.05,1.472,-1.585,-0.001,0.055,-0.004,0.998,-0.03,0.771,-0.056,-0.132,6.345,-0.484,False,False,0.0,-0.664,0.022,nan,2.218,1.562,1.266,-1.7,0.134,0.0,0.0,0.0,0.0,0.0,0.0,0.4,0.0,0.0,0.0,0.0,0.0,0.0,3.906,
0,0,345.9822,0.0,0.0,,,,-0.006,0.177,-0.19,-0.063,1.864,-2.008,-0.003,0.071,-0.006,0.997,-0.024,0.763,-0.054,-0.272,8.092,-0.655,False,False,0.0,-0.814,0.027,nan,2.311,1.847,1.437,-1.807,0.168,0.0,0.0,0.0,0.0,0.0,0.0,0.4,0.0,0.0,0.0,0.0,0.0,0.0,3.906,
0,0,346.0112,0.0,0.0,,,,-0.008,0.237,-0.255,-0.072,2.159,-2.326,-0.003,0.082,-0.006,0.997,-0.026,0.754,-0.054,-0.264,9.365,-0.658,False,False,0.0,-0.917,0.03,nan,2.355,1.969,1.489,-1.859,0.183,0.0,0.0,0.0,0.0,0.0,0.0,0.4,0.0,0.0,0.0,0.0,0.0,0.0,3.906,
0,0,346.0772,0.0,0.0,,,,-0.014,0.412,-0.444,-0.093,2.845,-3.067,-0.004,0.107,-0.008,0.994,-0.03,0.708,-0.056,-0.372,12.23,-0.997,False,False,0.0,-1.119,0.036,nan,2.544,2.425,1.63,-1.962,0.234,0.0,0.0,0.0,0.0,0.0,0.0,0.4,0.0,0.0,0.0,0.0,0.0,0.0,3.906,
0,0,346.1172,0.0,0.0,,,,-0.018,0.534,-0.575,-0.103,3.238,-3.49,-0.004,0.119,-0.008,0.993,-0.031,0.663,-0.045,-0.359,13.667,-1.001,False,False,0.0,-1.211,0.038,nan,2.675,2.707,1.683,-1.977,0.249,0.0,0.0,0.0,0.0,0.0,0.0,0.4,0.0,0.0,0.0,0.0,0.0,0.0,3.906,
0,0,346.1302,0.0,0.0,,,,-0.019,0.567,-0.611,-0.106,3.336,-3.596,-0.004,0.123,-0.01,0.992,-0.03,0.652,-0.052,-0.335,14.146,-1.16,False,False,0.0,-1.231,0.038,nan,2.711,2.78,1.69,-1.987,0.262,0.0,0.0,0.0,0.0,0.0,0.0,0.4,0.0,0.0,0.0,0.0,0.0,0.0,3.906,
0,0,346.1412,0.0,0.0,,,,-0.02,0.601,-0.647,-0.108,3.434,-3.702,-0.004,0.126,-0.01,0.992,-0.026,0.644,-0.049,-0.332,14.466,-1.161,False,False,0.0,-1.25,0.039,nan,2.747,2.854,1.699,-1.989,0.265,0.0,0.0,0.0,0.0,0.0,0.0,0.4,0.0,0.0,0.0,0.0,0.0,0.0,3.906,
0,0,346.1721,0.0,0.0,,,,-0.023,0.708,-0.763,-0.115,3.714,-4.019,-0.006,0.134,-0.01,0.991,-0.036,0.61,-0.053,-0.48,15.424,-1.185,False,False,0.0,-1.298,0.04,nan,2.904,3.159,1.738,-1.992,0.291,0.0,0.0,0.0,0.0,0.0,0.0,0.4,0.0,0.0,0.0,0.0,0.0,0.0,3.906,
0,0,346.1822,0.0,0.0,,,,-0.025,0.746,-0.804,-0.117,3.802,-4.124,-0.006,0.138,-0.01,0.99,-0.036,0.595,-0.053,-0.475,15.904,-1.187,False,False,0.0,-1.31,0.04,nan,2.904,3.159,1.738,-1.992,0.291,0.0,0.0,0.0,0.0,0.0,0.0,0.4,0.0,0.0,0.0,0.0,0.0,0.0,3.906,
0,0,346.2061,0.0,0.0,,,,-0.027,0.824,-0.888,-0.122,4.048,-4.339,-0.006,0.143,-0.011,0.99,0.017,0.545,-0.087,-0.447,16.384,-1.346,False,False,0.0,-1.355,0.04,nan,3.032,3.4,1.717,-1.971,0.347,0.0,0.0,0.0,0.0,0.0,0.0,0.4,0.0,0.0,0.0,0.0,0.0,0.0,3.906,
0,0,346.2686,0.0,0.0,,,,-0.035,1.083,-1.168,-0.133,4.594,-4.972,-0.006,0.158,-0.012,0.987,-0.001,0.456,-0.066,-0.401,18.149,-1.509,False,False,0.0,-1.406,0.04,nan,3.268,3.82,1.721,-1.903,0.344,0.0,0.0,0.0,0.0,0.0,0.0,0.4,0.0,0.0,0.0,0.0,0.0,0.0,3.906,
0,0,346.2873,0.0,0.0,,,,-0.037,1.177,-1.269,-0.137,4.816,-5.186,-0.006,0.162,-0.012,0.987,-0.007,0.428,-0.068,-0.395,18.631,-1.511,False,False,0.0,-1.43,0.04,nan,3.369,3.997,1.74,-1.876,0.359,0.0,0.0,0.0,0.0,0.0,0.0,0.4,0.0,0.0,0.0,0.0,0.0,0.0,3.906,
0,0,346.3122,0.0,0.0,,,,-0.042,1.326,-1.43,-0.142,5.108,-5.505,-0.006,0.167,-0.014,0.986,-0.022,0.379,-0.029,-0.36,19.274,-1.67,False,False,0.0,-1.448,0.04,nan,3.585,4.361,1.746,-1.814,0.331,0.0,0.0,0.0,0.0,0.0,0.0,0.4,0.0,0.0,0.0,0.0,0.0,0.0,3.906,
0,0,346.3372,0.0,0.0,,,,-0.044,1.43,-1.542,-0.145,5.292,-5.715,-0.006,0.17,-0.014,0.985,-0.018,0.335,-0.051,-0.355,19.596,-1.671,False,False,0.0,-1.454,0.039,nan,3.642,4.455,1.762,-1.784,0.356,0.0,0.0,0.0,0.0,0.0,0.0,0.4,0.0,0.0,0.0,0.0,0.0,0.0,3.906,
0,0,346.3893,0.0,0.0,,,,-0.052,1.707,-1.841,-0.15,5.792,-6.246,-0.007,0.177,-0.014,0.984,-0.009,0.238,-0.034,-0.5,20.399,-1.701,False,False,0.0,-1.47,0.037,nan,3.941,4.943,1.769,-1.665,0.351,0.0,0.0,0.0,0.0,0.0,0.0,0.4,0.0,0.0,0.0,0.0,0.0,0.0,3.906,
0,0,346.4112,0.0,0.0,,,,-0.056,1.885,-2.033,-0.153,6.083,-6.564,-0.007,0.18,-0.014,0.984,-0.016,0.171,-0.012,-0.495,20.722,-1.702,False,False,0.0,-1.472,0.036,nan,4.133,5.253,1.785,-1.576,0.334,0.0,0.0,0.0,0.0,0.0,0.0,0.4,0.0,0.0,0.0,0.0,0.0,0.0,3.906,
0,0,346.4327,0.0,0.0,,,,0.0,0.0,0.0,0.0,0.0,0.0,0.0,0.0,0.0,1.0,-0.026,0.152,-0.001,-0.0,-0.0,0.0,False,False,0.0,0.0,0.0,nan,2.1,0.873,0.039,-0.269,0.001,0.0,0.0,0.0,0.0,0.0,0.0,0.4,0.0,0.0,0.0,0.0,0.0,0.0,3.906,
0,0,346.4854,0.0,0.0,,,,-0.001,0.012,-0.013,-0.015,0.486,-0.528,-0.0,0.003,-0.0,1.0,0.008,0.044,0.004,-0.0,0.317,-0.0,False,False,0.0,-0.231,0.006,nan,2.119,1.118,0.636,-0.042,-0.002,0.0,0.0,0.0,0.0,0.0,0.0,0.4,0.0,0.0,0.0,0.0,0.0,0.0,3.906,
0,0,346.5313,0.0,0.0,,,,-0.002,0.048,-0.052,-0.028,0.976,-1.056,0.0,0.003,-0.0,1.0,0.037,-0.057,-0.01,0.0,0.317,0.0,False,False,0.0,-0.454,0.012,nan,2.152,1.307,0.876,0.097,0.015,0.0,0.0,0.0,0.0,0.0,0.0,0.4,0.0,0.0,0.0,0.0,0.0,0.0,3.906,
0,0,346.5533,0.0,0.0,,,,-0.003,0.07,-0.076,-0.033,1.171,-1.267,0.001,0.001,-0.0,1.0,0.027,-0.106,0.008,0.159,0.159,0.0,False,False,0.0,-0.539,0.015,nan,2.176,1.409,1.001,0.186,-0.003,0.0,0.0,0.0,0.0,0.0,0.0,0.4,0.0,0.0,0.0,0.0,0.0,0.0,3.906,
0,0,346.6562,0.0,0.0,,,,-0.007,0.236,-0.255,-0.058,2.155,-2.324,0.001,-0.008,0.001,1.0,-0.002,-0.318,0.021,0.16,-0.952,0.157,False,False,0.0,-0.915,0.024,nan,2.355,1.995,1.426,0.631,-0.031,0.0,0.0,0.0,0.0,0.0,0.0,0.4,0.0,0.0,0.0,0.0,0.0,0.0,3.906,
0,0,346.6673,0.0,0.0,,,,-0.008,0.258,-0.279,-0.061,2.253,-2.429,0.001,-0.01,0.001,1.0,-0.003,-0.331,0.021,0.16,-1.11,0.157,False,False,0.0,-0.948,0.025,nan,2.379,2.06,1.447,0.669,-0.032,0.0,0.0,0.0,0.0,0.0,0.0,0.4,0.0,0.0,0.0,0.0,0.0,0.0,3.906,
0,0,346.7242,0.0,0.0,,,,-0.012,0.411,-0.444,-0.076,2.843,-3.063,0.001,-0.021,0.001,1.0,0.018,-0.445,0.036,0.162,-2.379,0.155,False,False,0.0,-1.118,0.029,nan,2.575,2.552,1.536,1.005,-0.07,0.0,0.0,0.0,0.0,0.0,0.0,0.4,0.0,0.0,0.0,0.0,0.0,0.0,3.906,
0,0,346.7592,0.0,0.0,,,,-0.015,0.532,-0.575,-0.085,3.236,-3.485,0.001,-0.03,0.003,1.0,0.041,-0.506,0.046,0.168,-3.49,0.312,False,False,0.0,-1.21,0.031,nan,2.675,2.781,1.537,1.129,-0.092,0.0,0.0,0.0,0.0,0.0,0.0,0.4,0.0,0.0,0.0,0.0,0.0,0.0,3.906,
0,0,346.7844,0.0,0.0,,,,-0.017,0.599,-0.646,-0.09,3.433,-3.696,0.003,-0.036,0.003,0.999,0.048,-0.541,0.045,0.328,-4.125,0.306,False,False,0.0,-1.25,0.032,nan,2.784,3.021,1.548,1.28,-0.104,0.0,0.0,0.0,0.0,0.0,0.0,0.4,0.0,0.0,0.0,0.0,0.0,0.0,3.9,
0,0,346.8594,0.0,0.0,,,,-0.025,0.905,-0.976,-0.109,4.217,-4.539,0.004,-0.058,0.004,0.998,0.037,-0.64,0.052,0.503,-6.666,0.447,False,False,0.0,-1.371,0.035,nan,3.076,3.619,1.608,1.568,-0.148,0.0,0.0,0.0,0.0,0.0,0.0,0.4,0.0,0.0,0.0,0.0,0.0,0.0,3.906,
0,0,346.8972,0.0,0.0,,,,-0.029,1.082,-1.166,-0.119,4.61,-4.96,0.006,-0.072,0.006,0.997,0.014,-0.685,0.051,0.678,-8.256,0.587,False,False,0.0,-1.412,0.036,nan,3.316,4.074,1.676,1.793,-0.176,0.0,0.0,0.0,0.0,0.0,0.0,0.4,0.0,0.0,0.0,0.0,0.0,0.0,3.906,
0,0,346.9873,0.0,0.0,,,,-0.041,1.536,-1.655,-0.145,5.493,-5.909,0.006,-0.102,0.008,0.995,0.004,-0.736,0.054,0.728,-11.761,0.881,False,False,0.0,-1.463,0.038,nan,3.755,4.838,1.698,2.057,-0.227,0.0,0.0,0.0,0.0,0.0,0.0,0.4,0.0,0.0,0.0,0.0,0.0,0.0,3.906,
0,0,347.0356,0.0,0.0,,,,-0.048,1.823,-1.964,-0.161,5.984,-6.436,0.006,-0.12,0.01,0.993,0.032,-0.757,0.055,0.763,-13.837,1.026,False,False,0.0,-1.473,0.039,nan,4.129,5.443,1.651,2.232,-0.266,0.0,0.0,0.0,0.0,0.0,0.0,0.4,0.0,0.0,0.0,0.0,0.0,0.0,3.906,
0,0,347.0813,0.0,0.0,,,,-0.057,2.135,-2.299,-0.179,6.475,-6.963,0.007,-0.138,0.011,0.99,0.037,-0.747,0.051,0.961,-15.919,1.147,False,False,0.0,-1.473,0.04,nan,4.399,5.86,1.634,2.337,-0.286,0.0,0.0,0.0,0.0,0.0,0.0,0.4,0.0,0.0,0.0,0.0,0.0,0.0,3.906,
0,0,347.1529,0.0,0.0,,,,-0.07,2.612,-2.812,-0.207,7.162,-7.701,0.007,-0.163,0.012,0.986,0.023,-0.709,0.058,1.015,-18.808,1.278,False,False,0.0,-1.459,0.041,nan,4.912,6.608,1.641,2.447,-0.334,0.0,0.0,0.0,0.0,0.0,0.0,0.4,0.0,0.0,0.0,0.0,0.0,0.0,3.906,
0,0,347.2196,0.0,0.0,,,,-0.086,3.138,-3.377,-0.239,7.848,-8.439,0.008,-0.185,0.014,0.983,-0.001,-0.642,0.05,1.229,-21.389,1.382,False,False,0.0,-1.433,0.043,nan,5.477,7.378,1.667,2.492,-0.363,0.0,0.0,0.0,0.0,0.0,0.0,0.4,0.0,0.0,0.0,0.0,0.0,0.0,3.906,
0,0,347.2383,0.0,0.0,,,,-0.091,3.297,-3.548,-0.249,8.045,-8.65,0.008,-0.191,0.014,0.981,0.001,-0.621,0.048,1.237,-22.035,1.375,False,False,0.0,-1.425,0.044,nan,5.648,7.603,1.66,2.497,-0.371,0.0,0.0,0.0,0.0,0.0,0.0,0.4,0.0,0.0,0.0,0.0,0.0,0.0,3.906,
0,0,347.2683,0.0,0.0,,,,-0.098,3.542,-3.812,-0.264,8.339,-8.967,0.008,-0.199,0.015,0.98,0.007,-0.586,0.042,1.28,-23.008,1.52,False,False,0.0,-1.411,0.044,nan,5.912,7.945,1.643,2.498,-0.377,0.0,0.0,0.0,0.0,0.0,0.0,0.4,0.0,0.0,0.0,0.0,0.0,0.0,3.906,
0,0,347.2893,0.0,0.0,,,,-0.104,3.711,-3.993,-0.276,8.535,-9.177,0.008,-0.205,0.015,0.979,0.007,-0.548,0.041,1.289,-23.656,1.512,False,False,0.0,-1.401,0.045,nan,6.093,8.177,1.64,2.469,-0.384,0.0,0.0,0.0,0.0,0.0,0.0,0.4,0.0,0.0,0.0,0.0,0.0,0.0,3.906,
0,0,347.3163,0.0,0.0,,,,-0.112,3.972,-4.274,-0.293,8.828,-9.493,0.008,-0.212,0.015,0.977,0.017,-0.516,0.035,1.3,-24.467,1.503,False,False,0.0,-1.386,0.045,nan,6.374,8.533,1.614,2.466,-0.39,0.0,0.0,0.0,0.0,0.0,0.0,0.4,0.0,0.0,0.0,0.0,0.0,0.0,3.906,
0,0,347.4913,0.0,0.0,,,,-0.002,0.039,-0.042,-0.023,0.882,-0.952,-0.0,-0.012,0.001,1.0,-0.017,-0.19,0.016,0.002,-1.427,0.159,False,False,0.0,-0.412,0.01,nan,2.142,1.257,0.912,0.443,-0.03,0.0,0.0,0.0,0.0,0.0,0.0,0.4,0.0,0.0,0.0,0.0,0.0,0.0,3.906,
0,0,347.6003,0.0,0.0,,,,-0.006,0.196,-0.211,-0.054,1.963,-2.117,-0.0,-0.017,0.001,1.0,0.0,0.05,-0.002,0.003,-1.903,0.159,False,False,0.0,-0.85,0.023,nan,2.311,1.866,1.384,0.076,-0.018,0.0,0.0,0.0,0.0,0.0,0.0,0.4,0.0,0.0,0.0,0.0,0.0,0.0,3.906,
0,0,347.6776,0.0,0.0,,,,-0.011,0.384,-0.414,-0.078,2.747,-2.964,-0.0,-0.011,0.001,1.0,-0.011,0.203,-0.019,0.002,-1.269,0.159,False,False,0.0,-1.093,0.03,nan,2.514,2.407,1.576,-0.218,0.006,0.0,0.0,0.0,0.0,0.0,0.0,0.4,0.0,0.0,0.0,0.0,0.0,0.0,3.906,
0,0,347.7083,0.0,0.0,,,,-0.013,0.471,-0.508,-0.088,3.04,-3.282,-0.001,-0.008,0.001,1.0,-0.018,0.276,-0.017,-0.157,-0.951,0.16,False,False,0.0,-1.166,0.033,nan,2.608,2.63,1.634,-0.369,0.01,0.0,0.0,0.0,0.0,0.0,0.0,0.4,0.0,0.0,0.0,0.0,0.0,0.0,3.906,
0,0,347.8103,0.0,0.0,,,,-0.024,0.824,-0.889,-0.12,4.02,-4.342,-0.003,0.011,-0.0,1.0,-0.017,0.454,-0.037,-0.317,1.269,-0.004,False,False,0.0,-1.345,0.039,nan,2.989,3.454,1.736,-0.805,0.061,0.0,0.0,0.0,0.0,0.0,0.0,0.4,0.0,0.0,0.0,0.0,0.0,0.0,3.906,
0,0,347.8293,0.0,0.0,,,,-0.026,0.907,-0.978,-0.127,4.218,-4.554,-0.003,0.015,-0.001,1.0,-0.01,0.493,-0.033,-0.315,1.744,-0.163,False,False,0.0,-1.371,0.04,nan,3.078,3.634,1.738,-0.906,0.066,0.0,0.0,0.0,0.0,0.0,0.0,0.4,0.0,0.0,0.0,0.0,0.0,0.0,3.906,
0,0,347.8563,0.0,0.0,,,,-0.03,1.038,-1.12,-0.136,4.512,-4.872,-0.003,0.022,-0.001,1.0,-0.012,0.532,-0.038,-0.314,2.537,-0.166,False,False,0.0,-1.402,0.042,nan,3.22,3.913,1.758,-1.028,0.084,0.0,0.0,0.0,0.0,0.0,0.0,0.4,0.0,0.0,0.0,0.0,0.0,0.0,3.906,
0,0,347.8674,0.0,0.0,,,,-0.031,1.083,-1.169,-0.14,4.61,-4.978,-0.003,0.025,-0.001,1.0,-0.006,0.546,-0.047,-0.313,2.854,-0.166,False,False,0.0,-1.411,0.042,nan,3.269,4.008,1.753,-1.072,0.098,0.0,0.0,0.0,0.0,0.0,0.0,0.4,0.0,0.0,0.0,0.0,0.0,0.0,3.906,
0,0,347.9273,0.0,0.0,,,,-0.04,1.377,-1.487,-0.158,5.199,-5.615,-0.003,0.043,-0.003,0.999,-0.011,0.626,-0.051,-0.303,4.916,-0.33,False,False,0.0,-1.45,0.043,nan,3.587,4.601,1.781,-1.336,0.134,0.0,0.0,0.0,0.0,0.0,0.0,0.4,0.0,0.0,0.0,0.0,0.0,0.0,3.906,
0,0,347.9603,0.0,0.0,,,,-0.045,1.538,-1.66,-0.167,5.492,-5.933,-0.003,0.053,-0.004,0.999,-0.013,0.655,-0.049,-0.292,6.027,-0.492,False,False,0.0,-1.461,0.044,nan,3.76,4.911,1.791,-1.455,0.149,0.0,0.0,0.0,0.0,0.0,0.0,0.4,0.0,0.0,0.0,0.0,0.0,0.0,3.906,
0,0,348.0176,0.0,0.0,,,,-0.056,1.885,-2.035,-0.184,6.081,-6.57,-0.003,0.072,-0.006,0.997,-0.028,0.711,-0.049,-0.271,8.251,-0.655,False,False,0.0,-1.471,0.044,nan,4.135,5.553,1.827,-1.698,0.184,0.0,0.0,0.0,0.0,0.0,0.0,0.4,0.0,0.0,0.0,0.0,0.0,0.0,3.906,
0,0,348.0362,0.0,0.0,,,,-0.059,2.009,-2.169,-0.189,6.277,-6.782,-0.003,0.079,-0.006,0.997,-0.031,0.721,-0.052,-0.266,9.046,-0.657,False,False,0.0,-1.471,0.044,nan,4.269,5.773,1.834,-1.767,0.199,0.0,0.0,0.0,0.0,0.0,0.0,0.4,0.0,0.0,0.0,0.0,0.0,0.0,3.906,
0,0,348.0554,0.0,0.0,,,,-0.063,2.136,-2.306,-0.194,6.473,-6.994,-0.004,0.086,-0.007,0.996,-0.027,0.723,-0.06,-0.406,9.841,-0.831,False,False,0.0,-1.47,0.043,nan,4.406,5.995,1.829,-1.821,0.22,0.0,0.0,0.0,0.0,0.0,0.0,0.4,0.0,0.0,0.0,0.0,0.0,0.0,3.906,
0,0,348.0683,0.0,0.0,,,,-0.065,2.201,-2.377,-0.196,6.572,-7.1,-0.004,0.09,-0.007,0.996,-0.019,0.725,-0.054,-0.402,10.318,-0.832,False,False,0.0,-1.468,0.043,nan,4.477,6.108,1.817,-1.851,0.22,0.0,0.0,0.0,0.0,0.0,0.0,0.4,0.0,0.0,0.0,0.0,0.0,0.0,3.906,
0,0,348.0884,0.0,0.0,,,,-0.069,2.335,-2.521,-0.201,6.768,-7.312,-0.004,0.097,-0.007,0.995,-0.023,0.726,-0.052,-0.397,11.115,-0.835,False,False,0.0,-1.465,0.043,nan,4.621,6.334,1.825,-1.906,0.23,0.0,0.0,0.0,0.0,0.0,0.0,0.4,0.0,0.0,0.0,0.0,0.0,0.0,3.906,
0,0,348.1147,0.0,0.0,,,,-0.075,2.542,-2.745,-0.207,7.062,-7.63,-0.004,0.108,-0.008,0.994,-0.006,0.732,-0.053,-0.37,12.39,-0.997,False,False,0.0,-1.458,0.042,nan,4.845,6.679,1.794,-1.994,0.25,0.0,0.0,0.0,0.0,0.0,0.0,0.4,0.0,0.0,0.0,0.0,0.0,0.0,3.906,
0,0,348.1273,0.0,0.0,,,,-0.077,2.613,-2.822,-0.209,7.16,-7.736,-0.004,0.111,-0.008,0.994,0.002,0.739,-0.054,-0.367,12.709,-0.998,False,False,0.0,-1.455,0.042,nan,4.922,6.795,1.78,-2.031,0.257,0.0,0.0,0.0,0.0,0.0,0.0,0.4,0.0,0.0,0.0,0.0,0.0,0.0,3.906,
0,0,348.1604,0.0,0.0,,,,-0.084,2.833,-3.059,-0.213,7.454,-8.054,-0.004,0.122,-0.01,0.993,-0.005,0.723,-0.054,-0.337,13.986,-1.16,False,False,0.0,-1.445,0.041,nan,5.159,7.148,1.788,-2.082,0.275,0.0,0.0,0.0,0.0,0.0,0.0,0.4,0.0,0.0,0.0,0.0,0.0,0.0,3.906,
0,0,348.1713,0.0,0.0,,,,-0.086,2.908,-3.14,-0.215,7.553,-8.16,-0.004,0.125,-0.01,0.992,-0.003,0.721,-0.058,-0.334,14.306,-1.161,False,False,0.0,-1.442,0.04,nan,5.24,7.266,1.784,-2.104,0.285,0.0,0.0,0.0,0.0,0.0,0.0,0.4,0.0,0.0,0.0,0.0,0.0,0.0,3.906,
0,0,348.1787,0.0,0.0,,,,-0.088,2.984,-3.222,-0.216,7.651,-8.266,-0.004,0.129,-0.01,0.992,0.001,0.723,-0.053,-0.329,14.785,-1.162,False,False,0.0,-1.438,0.04,nan,5.322,7.386,1.775,-2.133,0.286,0.0,0.0,0.0,0.0,0.0,0.0,0.4,0.0,0.0,0.0,0.0,0.0,0.0,3.906,
0,0,348.2963,0.0,0.0,,,,-0.115,3.973,-4.291,-0.226,8.829,-9.539,-0.004,0.167,-0.012,0.986,-0.015,0.63,-0.05,-0.23,19.276,-1.487,False,False,0.0,-1.382,0.035,nan,6.391,8.853,1.782,-2.258,0.348,0.0,0.0,0.0,0.0,0.0,0.0,0.4,0.0,0.0,0.0,0.0,0.0,0.0,3.906,
0,0,348.3153,0.0,0.0,,,,-0.119,4.151,-4.483,-0.227,9.026,-9.751,-0.006,0.173,-0.012,0.985,-0.011,0.612,-0.044,-0.378,19.918,-1.515,False,False,0.0,-1.371,0.034,nan,6.583,9.106,1.771,-2.269,0.353,0.0,0.0,0.0,0.0,0.0,0.0,0.4,0.0,0.0,0.0,0.0,0.0,0.0,3.906,
0,0,348.4013,0.0,0.0,,,,-0.001,0.001,-0.002,-0.006,0.196,-0.211,-0.0,0.006,-0.0,1.0,-0.01,0.501,-0.037,-0.0,0.634,-0.0,False,False,0.0,-0.094,0.002,nan,2.104,0.99,0.37,-0.879,0.043,0.0,0.0,0.0,0.0,0.0,0.0,0.4,0.0,0.0,0.0,0.0,0.0,0.0,3.906,
0,0,348.4303,0.0,0.0,,,,-0.001,0.012,-0.013,-0.016,0.49,-0.528,-0.0,0.012,-0.001,1.0,0.003,0.449,-0.039,0.002,1.427,-0.159,False,False,0.0,-0.233,0.007,nan,2.113,1.074,0.558,-0.846,0.051,0.0,0.0,0.0,0.0,0.0,0.0,0.4,0.0,0.0,0.0,0.0,0.0,0.0,3.906,
0,0,348.4383,0.0,0.0,,,,-0.001,0.017,-0.019,-0.019,0.588,-0.633,0.0,0.015,-0.001,1.0,0.002,0.434,-0.03,0.002,1.744,-0.159,False,False,0.0,-0.278,0.008,nan,2.119,1.118,0.649,-0.833,0.045,0.0,0.0,0.0,0.0,0.0,0.0,0.4,0.0,0.0,0.0,0.0,0.0,0.0,3.906,
0,0,348.4763,0.0,0.0,,,,-0.002,0.049,-0.052,-0.03,0.98,-1.056,0.0,0.022,-0.001,1.0,0.003,0.362,-0.03,0.004,2.537,-0.159,False,False,0.0,-0.456,0.013,nan,2.152,1.306,0.939,-0.764,0.058,0.0,0.0,0.0,0.0,0.0,0.0,0.4,0.0,0.0,0.0,0.0,0.0,0.0,3.906,
0,0,348.5713,0.0,0.0,,,,-0.006,0.177,-0.19,-0.054,1.865,-2.007,-0.0,0.035,-0.003,0.999,-0.016,0.187,-0.011,0.011,3.965,-0.317,False,False,0.0,-0.815,0.023,nan,2.29,1.801,1.377,-0.548,0.066,0.0,0.0,0.0,0.0,0.0,0.0,0.4,0.0,0.0,0.0,0.0,0.0,0.0,3.906,
0,0,348.5794,0.0,0.0,,,,-0.006,0.196,-0.211,-0.057,1.963,-2.112,-0.0,0.036,-0.003,0.999,-0.017,0.172,-0.008,0.011,4.124,-0.317,False,False,0.0,-0.85,0.024,nan,2.311,1.863,1.409,-0.528,0.065,0.0,0.0,0.0,0.0,0.0,0.0,0.4,0.0,0.0,0.0,0.0,0.0,0.0,3.906,
0,0,348.6354,0.0,0.0,,,,-0.01,0.331,-0.357,-0.072,2.551,-2.746,-0.0,0.039,-0.003,0.999,0.0,0.043,0.001,0.012,4.441,-0.317,False,False,0.0,-1.039,0.028,nan,2.457,2.258,1.523,-0.328,0.065,0.0,0.0,0.0,0.0,0.0,0.0,0.4,0.0,0.0,0.0,0.0,0.0,0.0,3.906,
0,0,348.6563,0.0,0.0,,,,-0.012,0.384,-0.414,-0.076,2.747,-2.957,-0.0,0.039,-0.003,0.999,0.005,0.006,-0.001,0.012,4.441,-0.317,False,False,0.0,-1.093,0.03,nan,2.514,2.399,1.548,-0.265,0.069,0.0,0.0,0.0,0.0,0.0,0.0,0.4,0.0,0.0,0.0,0.0,0.0,0.0,3.906,
0,0,348.6884,0.0,0.0,,,,-0.014,0.471,-0.507,-0.084,3.042,-3.274,-0.0,0.039,-0.003,0.999,0.008,-0.062,0.003,0.012,4.441,-0.317,False,False,0.0,-1.167,0.031,nan,2.607,2.623,1.586,-0.145,0.066,0.0,0.0,0.0,0.0,0.0,0.0,0.4,0.0,0.0,0.0,0.0,0.0,0.0,3.906,
0,0,348.7754,0.0,0.0,,,,-0.021,0.746,-0.803,-0.101,3.827,-4.12,-0.0,0.033,-0.003,0.999,0.001,-0.223,0.016,0.011,3.806,-0.317,False,False,0.0,-1.319,0.034,nan,2.949,3.371,1.693,0.228,0.044,0.0,0.0,0.0,0.0,0.0,0.0,0.4,0.0,0.0,0.0,0.0,0.0,0.0,3.906,
0,0,348.8404,0.0,0.0,,,,-0.029,1.042,-1.122,-0.117,4.523,-4.87,-0.0,0.022,-0.001,1.0,-0.012,-0.356,0.028,0.004,2.537,-0.159,False,False,0.0,-1.404,0.036,nan,3.222,3.922,1.747,0.481,0.017,0.0,0.0,0.0,0.0,0.0,0.0,0.4,0.0,0.0,0.0,0.0,0.0,0.0,3.906,
0,0,348.8595,0.0,0.0,,,,-0.032,1.135,-1.222,-0.121,4.72,-5.082,-0.0,0.018,-0.001,1.0,-0.005,-0.393,0.021,0.003,2.062,-0.159,False,False,0.0,-1.421,0.036,nan,3.322,4.116,1.746,0.573,0.017,0.0,0.0,0.0,0.0,0.0,0.0,0.4,0.0,0.0,0.0,0.0,0.0,0.0,3.906,
0,0,348.9163,0.0,0.0,,,,-0.039,1.436,-1.546,-0.134,5.309,-5.717,-0.0,0.006,-0.0,1.0,0.013,-0.495,0.032,-0.0,0.634,-0.0,False,False,0.0,-1.457,0.036,nan,3.646,4.728,1.736,0.845,-0.016,0.0,0.0,0.0,0.0,0.0,0.0,0.4,0.0,0.0,0.0,0.0,0.0,0.0,3.906,
0,0,348.9603,0.0,0.0,,,,-0.045,1.656,-1.783,-0.143,5.702,-6.141,-0.0,-0.006,0.0,1.0,0.018,-0.553,0.036,-0.0,-0.634,0.0,False,False,0.0,-1.469,0.036,nan,3.883,5.161,1.734,1.022,-0.038,0.0,0.0,0.0,0.0,0.0,0.0,0.4,0.0,0.0,0.0,0.0,0.0,0.0,3.906,
0,0,349.0094,0.0,0.0,,,,-0.052,1.953,-2.103,-0.154,6.193,-6.67,0.0,-0.019,0.001,1.0,0.016,-0.621,0.044,0.003,-2.22,0.159,False,False,0.0,-1.474,0.036,nan,4.203,5.727,1.74,1.244,-0.07,0.0,0.0,0.0,0.0,0.0,0.0,0.4,0.0,0.0,0.0,0.0,0.0,0.0,3.906,
0,0,349.0564,0.0,0.0,,,,-0.06,2.275,-2.45,-0.166,6.683,-7.2,0.0,-0.036,0.003,0.999,0.004,-0.662,0.046,0.011,-4.124,0.317,False,False,0.0,-1.469,0.036,nan,4.55,6.317,1.762,1.432,-0.1,0.0,0.0,0.0,0.0,0.0,0.0,0.4,0.0,0.0,0.0,0.0,0.0,0.0,3.906,
0,0,349.0754,0.0,0.0,,,,-0.063,2.411,-2.596,-0.171,6.879,-7.412,0.001,-0.043,0.003,0.999,0.0,-0.682,0.051,0.172,-4.918,0.31,False,False,0.0,-1.465,0.036,nan,4.696,6.558,1.768,1.517,-0.117,0.0,0.0,0.0,0.0,0.0,0.0,0.4,0.0,0.0,0.0,0.0,0.0,0.0,3.906,
0,0,349.0963,0.0,0.0,,,,-0.067,2.55,-2.746,-0.177,7.075,-7.624,0.001,-0.048,0.003,0.999,0.004,-0.695,0.051,0.174,-5.553,0.309,False,False,0.0,-1.46,0.036,nan,4.846,6.803,1.762,1.588,-0.128,0.0,0.0,0.0,0.0,0.0,0.0,0.4,0.0,0.0,0.0,0.0,0.0,0.0,3.906,
0,0,349.1504,0.0,0.0,,,,-0.076,2.916,-3.141,-0.191,7.565,-8.155,0.001,-0.066,0.004,0.998,0.006,-0.719,0.054,0.19,-7.618,0.464,False,False,0.0,-1.444,0.036,nan,5.323,7.553,1.751,1.787,-0.168,0.0,0.0,0.0,0.0,0.0,0.0,0.4,0.0,0.0,0.0,0.0,0.0,0.0,3.906,
0,0,349.1864,0.0,0.0,,,,-0.082,3.148,-3.39,-0.201,7.86,-8.473,0.001,-0.077,0.006,0.997,0.013,-0.73,0.053,0.207,-8.89,0.62,False,False,0.0,-1.432,0.036,nan,5.49,7.809,1.74,1.855,-0.179,0.0,0.0,0.0,0.0,0.0,0.0,0.4,0.0,0.0,0.0,0.0,0.0,0.0,3.906,
0,0,349.1964,0.0,0.0,,,,-0.084,3.227,-3.476,-0.204,7.958,-8.579,0.001,-0.08,0.006,0.997,0.016,-0.721,0.056,0.209,-9.208,0.62,False,False,0.0,-1.428,0.036,nan,5.662,8.067,1.732,1.901,-0.194,0.0,0.0,0.0,0.0,0.0,0.0,0.4,0.0,0.0,0.0,0.0,0.0,0.0,3.906,
0,0,349.2614,0.0,0.0,,,,-0.099,3.808,-4.102,-0.229,8.644,-9.322,0.001,-0.105,0.007,0.994,0.028,-0.716,0.049,0.241,-12.075,0.772,False,False,0.0,-1.394,0.036,nan,6.202,8.857,1.698,2.04,-0.223,0.0,0.0,0.0,0.0,0.0,0.0,0.4,0.0,0.0,0.0,0.0,0.0,0.0,3.906,
0,0,349.2904,0.0,0.0,,,,-0.106,4.072,-4.387,-0.241,8.938,-9.64,0.003,-0.115,0.008,0.993,0.026,-0.708,0.05,0.424,-13.194,0.909,False,False,0.0,-1.378,0.037,nan,6.487,9.258,1.693,2.102,-0.242,0.0,0.0,0.0,0.0,0.0,0.0,0.4,0.0,0.0,0.0,0.0,0.0,0.0,3.906,
0,0,349.3094,0.0,0.0,,,,-0.111,4.252,-4.581,-0.249,9.135,-9.852,0.003,-0.122,0.008,0.993,0.019,-0.691,0.052,0.431,-13.993,0.906,False,False,0.0,-1.368,0.037,nan,6.681,9.528,1.698,2.122,-0.256,0.0,0.0,0.0,0.0,0.0,0.0,0.4,0.0,0.0,0.0,0.0,0.0,0.0,3.906,
0,0,349.3634,0.0,0.0,,,,0.0,0.0,0.0,0.0,0.0,0.0,0.0,0.0,0.0,1.0,0.008,-0.652,0.044,-0.0,-0.0,0.0,False,False,0.0,0.0,0.0,nan,2.1,0.873,-0.015,1.106,-0.045,0.0,0.0,0.0,0.0,0.0,0.0,0.4,0.0,0.0,0.0,0.0,0.0,0.0,3.906,
0,0,349.3824,0.0,0.0,,,,-0.001,0.001,-0.002,-0.005,0.196,-0.211,0.0,-0.007,0.0,1.0,0.008,-0.635,0.045,0.0,-0.793,0.0,False,False,0.0,-0.094,0.002,nan,2.104,0.99,0.346,1.145,-0.053,0.0,0.0,0.0,0.0,0.0,0.0,0.4,0.0,0.0,0.0,0.0,0.0,0.0,3.906,
0,0,349.4014,0.0,0.0,,,,-0.001,0.007,-0.008,-0.009,0.392,-0.423,0.0,-0.012,0.001,1.0,0.008,-0.615,0.045,0.002,-1.427,0.159,False,False,0.0,-0.187,0.004,nan,2.113,1.074,0.542,1.154,-0.059,0.0,0.0,0.0,0.0,0.0,0.0,0.4,0.0,0.0,0.0,0.0,0.0,0.0,3.906,
0,0,349.4394,0.0,0.0,,,,-0.001,0.031,-0.033,-0.018,0.785,-0.845,0.0,-0.025,0.001,1.0,0.017,-0.562,0.042,0.004,-2.855,0.159,False,False,0.0,-0.369,0.008,nan,2.133,1.209,0.779,1.165,-0.067,0.0,0.0,0.0,0.0,0.0,0.0,0.4,0.0,0.0,0.0,0.0,0.0,0.0,3.906,
0,0,349.4584,0.0,0.0,,,,-0.002,0.049,-0.052,-0.023,0.981,-1.057,0.0,-0.03,0.003,1.0,0.016,-0.537,0.045,0.01,-3.489,0.317,False,False,0.0,-0.456,0.01,nan,2.152,1.305,0.914,1.166,-0.078,0.0,0.0,0.0,0.0,0.0,0.0,0.4,0.0,0.0,0.0,0.0,0.0,0.0,3.906,
0,0,349.4695,0.0,0.0,,,,-0.002,0.059,-0.063,-0.025,1.079,-1.163,0.0,-0.032,0.003,0.999,0.019,-0.518,0.035,0.01,-3.648,0.317,False,False,0.0,-0.499,0.011,nan,2.163,1.354,0.968,1.155,-0.073,0.0,0.0,0.0,0.0,0.0,0.0,0.4,0.0,0.0,0.0,0.0,0.0,0.0,3.906,
0,0,349.5504,0.0,0.0,,,,-0.005,0.177,-0.19,-0.045,1.865,-2.009,0.001,-0.05,0.004,0.999,0.018,-0.391,0.026,0.182,-5.712,0.467,False,False,0.0,-0.815,0.019,nan,2.29,1.797,1.305,1.08,-0.096,0.0,0.0,0.0,0.0,0.0,0.0,0.4,0.0,0.0,0.0,0.0,0.0,0.0,3.906,
0,0,349.5894,0.0,0.0,,,,-0.007,0.259,-0.279,-0.055,2.257,-2.432,0.001,-0.057,0.004,0.998,0.015,-0.313,0.021,0.185,-6.506,0.466,False,False,0.0,-0.949,0.023,nan,2.379,2.048,1.414,1.0,-0.104,0.0,0.0,0.0,0.0,0.0,0.0,0.4,0.0,0.0,0.0,0.0,0.0,0.0,3.906,
0,0,349.5974,0.0,0.0,,,,-0.007,0.282,-0.304,-0.058,2.355,-2.537,0.001,-0.058,0.004,0.998,0.011,-0.297,0.021,0.186,-6.664,0.466,False,False,0.0,-0.98,0.023,nan,2.404,2.114,1.442,0.984,-0.107,0.0,0.0,0.0,0.0,0.0,0.0,0.4,0.0,0.0,0.0,0.0,0.0,0.0,3.906,
0,0,349.6275,0.0,0.0,,,,-0.009,0.357,-0.385,-0.066,2.65,-2.854,0.001,-0.062,0.004,0.998,0.011,-0.233,0.019,0.188,-7.141,0.465,False,False,0.0,-1.067,0.026,nan,2.485,2.318,1.499,0.905,-0.114,0.0,0.0,0.0,0.0,0.0,0.0,0.4,0.0,0.0,0.0,0.0,0.0,0.0,3.906,
0,0,349.6355,0.0,0.0,,,,-0.01,0.384,-0.414,-0.069,2.748,-2.96,0.003,-0.064,0.004,0.998,0.006,-0.221,0.016,0.347,-7.301,0.455,False,False,0.0,-1.094,0.027,nan,2.514,2.389,1.523,0.891,-0.112,0.0,0.0,0.0,0.0,0.0,0.0,0.4,0.0,0.0,0.0,0.0,0.0,0.0,3.906,
0,0,349.6754,0.0,0.0,,,,-0.013,0.502,-0.541,-0.08,3.14,-3.383,0.003,-0.066,0.006,0.998,0.009,-0.133,0.008,0.359,-7.619,0.612,False,False,0.0,-1.19,0.03,nan,2.641,2.685,1.573,0.768,-0.112,0.0,0.0,0.0,0.0,0.0,0.0,0.4,0.0,0.0,0.0,0.0,0.0,0.0,3.906,
0,0,349.6865,0.0,0.0,,,,-0.013,0.534,-0.575,-0.083,3.239,-3.488,0.003,-0.068,0.006,0.998,0.001,-0.114,0.003,0.359,-7.778,0.611,False,False,0.0,-1.211,0.03,nan,2.675,2.762,1.598,0.74,-0.108,0.0,0.0,0.0,0.0,0.0,0.0,0.4,0.0,0.0,0.0,0.0,0.0,0.0,3.906,
0,0,349.7254,0.0,0.0,,,,-0.017,0.671,-0.723,-0.095,3.631,-3.91,0.003,-0.069,0.006,0.998,0.008,-0.029,0.0,0.36,-7.937,0.611,False,False,0.0,-1.287,0.033,nan,2.823,3.084,1.626,0.605,-0.107,0.0,0.0,0.0,0.0,0.0,0.0,0.4,0.0,0.0,0.0,0.0,0.0,0.0,3.906,
0,0,349.7964,0.0,0.0,,,,-0.024,0.95,-1.023,-0.117,4.318,-4.649,0.003,-0.066,0.004,0.998,0.01,0.119,-0.008,0.348,-7.618,0.454,False,False,0.0,-1.383,0.037,nan,3.123,3.7,1.669,0.34,-0.098,0.0,0.0,0.0,0.0,0.0,0.0,0.4,0.0,0.0,0.0,0.0,0.0,0.0,3.906,
0,0,349.8075,0.0,0.0,,,,-0.026,0.993,-1.07,-0.12,4.416,-4.754,0.003,-0.066,0.004,0.998,0.01,0.134,-0.012,0.348,-7.618,0.454,False,False,0.0,-1.394,0.037,nan,3.17,3.794,1.674,0.309,-0.093,0.0,0.0,0.0,0.0,0.0,0.0,0.4,0.0,0.0,0.0,0.0,0.0,0.0,3.906,
0,0,350.0556,0.0,0.0,,,,-0.066,2.404,-2.588,-0.205,6.869,-7.391,0.003,-0.019,0.001,1.0,-0.006,0.569,-0.041,0.32,-2.221,0.152,False,False,0.0,-1.466,0.043,nan,4.688,6.574,1.77,-0.774,0.017,0.0,0.0,0.0,0.0,0.0,0.0,0.4,0.0,0.0,0.0,0.0,0.0,0.0,3.906,
0,0,350.0954,0.0,0.0,,,,-0.074,2.687,-2.892,-0.218,7.261,-7.813,0.003,-0.007,0.0,1.0,-0.007,0.613,-0.047,0.317,-0.793,-0.002,False,False,0.0,-1.455,0.043,nan,4.992,7.094,1.774,-0.938,0.043,0.0,0.0,0.0,0.0,0.0,0.0,0.4,0.0,0.0,0.0,0.0,0.0,0.0,3.906,
0,0,350.1604,0.0,0.0,,,,-0.088,3.14,-3.38,-0.237,7.85,-8.446,0.001,0.011,-0.001,1.0,-0.019,0.666,-0.049,0.16,1.269,-0.157,False,False,0.0,-1.433,0.043,nan,5.396,7.765,1.796,-1.137,0.074,0.0,0.0,0.0,0.0,0.0,0.0,0.4,0.0,0.0,0.0,0.0,0.0,0.0,3.906,
0,0,350.2544,0.0,0.0,,,,-0.113,3.974,-4.277,-0.265,8.831,-9.502,0.001,0.046,-0.004,0.999,-0.021,0.715,-0.053,0.18,5.235,-0.468,False,False,0.0,-1.385,0.041,nan,6.283,9.169,1.808,-1.483,0.138,0.0,0.0,0.0,0.0,0.0,0.0,0.4,0.0,0.0,0.0,0.0,0.0,0.0,3.906,
0,0,350.3205,0.0,0.0,,,,0.0,0.0,0.0,0.0,0.0,0.0,0.0,0.0,0.0,1.0,-0.023,0.708,-0.048,-0.0,-0.0,0.0,False,False,0.0,0.0,0.0,nan,6.866,10.046,1.805,-1.63,0.168,0.0,0.0,0.0,0.0,0.0,0.0,0.4,0.0,0.0,0.0,0.0,0.0,0.0,3.906,
0,0,350.3535,0.0,0.0,,,,-0.001,0.004,-0.004,-0.01,0.294,-0.316,-0.0,0.011,-0.001,1.0,-0.019,0.692,-0.056,0.002,1.269,-0.159,False,False,0.0,-0.14,0.004,nan,2.102,0.95,0.287,-1.226,0.061,0.0,0.0,0.0,0.0,0.0,0.0,0.4,0.0,0.0,0.0,0.0,0.0,0.0,3.906,
0,0,350.3754,0.0,0.0,,,,-0.001,0.012,-0.013,-0.017,0.49,-0.528,-0.0,0.018,-0.001,1.0,-0.024,0.693,-0.053,0.003,2.062,-0.159,False,False,0.0,-0.233,0.007,nan,2.113,1.074,0.607,-1.278,0.069,0.0,0.0,0.0,0.0,0.0,0.0,0.4,0.0,0.0,0.0,0.0,0.0,0.0,3.906,
0,0,350.4024,0.0,0.0,,,,-0.002,0.031,-0.033,-0.027,0.785,-0.845,-0.001,0.028,-0.003,1.0,-0.024,0.667,-0.049,-0.15,3.171,-0.321,False,False,0.0,-0.369,0.012,nan,2.125,1.162,0.789,-1.301,0.075,0.0,0.0,0.0,0.0,0.0,0.0,0.4,0.0,0.0,0.0,0.0,0.0,0.0,3.906,
0,0,350.4675,0.0,0.0,,,,-0.004,0.11,-0.118,-0.05,1.472,-1.585,-0.001,0.05,-0.004,0.999,-0.034,0.603,-0.047,-0.135,5.71,-0.483,False,False,0.0,-0.664,0.022,nan,2.218,1.563,1.271,-1.361,0.119,0.0,0.0,0.0,0.0,0.0,0.0,0.4,0.0,0.0,0.0,0.0,0.0,0.0,3.906,
0,0,350.5324,0.0,0.0,,,,-0.008,0.216,-0.233,-0.069,2.06,-2.221,-0.003,0.066,-0.006,0.998,-0.022,0.529,-0.04,-0.274,7.615,-0.654,False,False,0.0,-0.884,0.029,nan,2.333,1.913,1.463,-1.367,0.146,0.0,0.0,0.0,0.0,0.0,0.0,0.4,0.0,0.0,0.0,0.0,0.0,0.0,3.906,
0,0,350.5655,0.0,0.0,,,,-0.01,0.282,-0.304,-0.078,2.355,-2.538,-0.003,0.075,-0.006,0.997,-0.019,0.493,-0.038,-0.269,8.569,-0.656,False,False,0.0,-0.98,0.032,nan,2.379,2.039,1.503,-1.346,0.155,0.0,0.0,0.0,0.0,0.0,0.0,0.4,0.0,0.0,0.0,0.0,0.0,0.0,3.906,
0,0,350.6405,0.0,0.0,,,,-0.017,0.502,-0.541,-0.101,3.14,-3.386,-0.004,0.09,-0.007,0.996,-0.015,0.362,-0.029,-0.402,10.318,-0.832,False,False,0.0,-1.189,0.037,nan,2.608,2.589,1.64,-1.241,0.182,0.0,0.0,0.0,0.0,0.0,0.0,0.4,0.0,0.0,0.0,0.0,0.0,0.0,3.906,
0,0,350.6705,0.0,0.0,,,,-0.02,0.601,-0.647,-0.108,3.434,-3.705,-0.004,0.095,-0.007,0.995,-0.02,0.307,-0.024,-0.398,10.955,-0.835,False,False,0.0,-1.25,0.039,nan,2.711,2.815,1.682,-1.186,0.188,0.0,0.0,0.0,0.0,0.0,0.0,0.4,0.0,0.0,0.0,0.0,0.0,0.0,3.906,
0,0,350.7265,0.0,0.0,,,,-0.027,0.824,-0.889,-0.122,4.023,-4.341,-0.004,0.102,-0.008,0.995,-0.019,0.191,-0.014,-0.376,11.752,-0.995,False,False,0.0,-1.346,0.04,nan,2.946,3.3,1.732,-1.044,0.194,0.0,0.0,0.0,0.0,0.0,0.0,0.4,0.0,0.0,0.0,0.0,0.0,0.0,3.906,
0,0,350.7705,0.0,0.0,,,,-0.032,0.993,-1.071,-0.131,4.415,-4.765,-0.004,0.105,-0.008,0.994,-0.013,0.118,-0.009,-0.373,12.071,-0.996,False,False,0.0,-1.393,0.041,nan,3.124,3.649,1.753,-0.939,0.197,0.0,0.0,0.0,0.0,0.0,0.0,0.4,0.0,0.0,0.0,0.0,0.0,0.0,3.906,
0,0,350.8475,0.0,0.0,,,,-0.043,1.378,-1.486,-0.145,5.201,-5.613,-0.004,0.105,-0.008,0.994,0.006,-0.059,0.001,-0.373,12.071,-0.996,False,False,0.0,-1.451,0.04,nan,3.586,4.515,1.759,-0.618,0.191,0.0,0.0,0.0,0.0,0.0,0.0,0.4,0.0,0.0,0.0,0.0,0.0,0.0,3.906,
0,0,350.8665,0.0,0.0,,,,-0.046,1.484,-1.6,-0.148,5.397,-5.825,-0.004,0.105,-0.008,0.994,0.006,-0.084,0.006,-0.373,12.071,-0.996,False,False,0.0,-1.459,0.039,nan,3.643,4.618,1.754,-0.596,0.186,0.0,0.0,0.0,0.0,0.0,0.0,0.4,0.0,0.0,0.0,0.0,0.0,0.0,3.906,
0,0,350.8955,0.0,0.0,,,,-0.051,1.65,-1.78,-0.152,5.692,-6.143,-0.004,0.102,-0.008,0.995,0.009,-0.149,0.011,-0.376,11.752,-0.995,False,False,0.0,-1.467,0.039,nan,3.88,5.047,1.759,-0.431,0.177,0.0,0.0,0.0,0.0,0.0,0.0,0.4,0.0,0.0,0.0,0.0,0.0,0.0,3.906,
0,0,350.9386,0.0,0.0,,,,-0.057,1.886,-2.034,-0.158,6.085,-6.567,-0.004,0.098,-0.008,0.995,0.005,-0.221,0.015,-0.38,11.274,-0.994,False,False,0.0,-1.472,0.037,nan,4.069,5.384,1.77,-0.329,0.168,0.0,0.0,0.0,0.0,0.0,0.0,0.4,0.0,0.0,0.0,0.0,0.0,0.0,3.906,
0,0,350.9607,0.0,0.0,,,,-0.06,2.009,-2.168,-0.16,6.281,-6.779,-0.004,0.095,-0.007,0.995,0.005,-0.268,0.02,-0.398,10.955,-0.835,False,False,0.0,-1.472,0.037,nan,4.2,5.616,1.771,-0.23,0.159,0.0,0.0,0.0,0.0,0.0,0.0,0.4,0.0,0.0,0.0,0.0,0.0,0.0,3.906,
0,0,351.0175,0.0,0.0,,,,-0.07,2.404,-2.594,-0.167,6.87,-7.416,-0.004,0.086,-0.007,0.996,0.007,-0.371,0.03,-0.406,9.841,-0.831,False,False,0.0,-1.464,0.035,nan,4.62,6.349,1.776,0.017,0.132,0.0,0.0,0.0,0.0,0.0,0.0,0.4,0.0,0.0,0.0,0.0,0.0,0.0,3.906,
0,0,351.0744,0.0,0.0,,,,-0.078,2.76,-2.978,-0.172,7.36,-7.946,-0.004,0.075,-0.006,0.997,0.019,-0.46,0.035,-0.427,8.568,-0.668,False,False,0.0,-1.45,0.033,nan,5.078,7.137,1.749,0.285,0.105,0.0,0.0,0.0,0.0,0.0,0.0,0.4,0.0,0.0,0.0,0.0,0.0,0.0,3.906,
0,0,351.1305,0.0,0.0,,,,-0.089,3.219,-3.474,-0.178,7.95,-8.583,-0.003,0.06,-0.004,0.998,0.033,-0.542,0.041,-0.288,6.821,-0.494,False,False,0.0,-1.427,0.031,nan,5.574,7.979,1.737,0.544,0.072,0.0,0.0,0.0,0.0,0.0,0.0,0.4,0.0,0.0,0.0,0.0,0.0,0.0,3.906,
0,0,351.1526,0.0,0.0,,,,-0.092,3.38,-3.647,-0.18,8.146,-8.796,-0.003,0.054,-0.004,0.999,0.03,-0.573,0.043,-0.291,6.186,-0.492,False,False,0.0,-1.418,0.031,nan,5.747,8.272,1.741,0.621,0.06,0.0,0.0,0.0,0.0,0.0,0.0,0.4,0.0,0.0,0.0,0.0,0.0,0.0,3.906,
0,0,351.2015,0.0,0.0,,,,-0.102,3.8,-4.1,-0.186,8.637,-9.326,-0.001,0.039,-0.003,0.999,0.028,-0.626,0.049,-0.146,4.441,-0.323,False,False,0.0,-1.393,0.029,nan,6.108,8.871,1.74,0.78,0.033,0.0,0.0,0.0,0.0,0.0,0.0,0.4,0.0,0.0,0.0,0.0,0.0,0.0,3.906,
0,0,351.2206,0.0,0.0,,,,-0.105,3.974,-4.289,-0.189,8.833,-9.538,-0.001,0.033,-0.003,0.999,0.024,-0.644,0.054,-0.148,3.806,-0.322,False,False,0.0,-1.383,0.029,nan,6.389,9.332,1.749,0.898,0.012,0.0,0.0,0.0,0.0,0.0,0.0,0.4,0.0,0.0,0.0,0.0,0.0,0.0,3.906,
0,0,351.2395,0.0,0.0,,,,-0.109,4.153,-4.482,-0.192,9.03,-9.75,-0.001,0.026,-0.003,1.0,0.022,-0.657,0.048,-0.15,3.013,-0.321,False,False,0.0,-1.372,0.029,nan,6.485,9.488,1.744,0.932,0.011,0.0,0.0,0.0,0.0,0.0,0.0,0.4,0.0,0.0,0.0,0.0,0.0,0.0,3.906,
0,0,351.2585,0.0,0.0,,,,-0.113,4.335,-4.679,-0.195,9.226,-9.962,-0.001,0.019,-0.001,1.0,0.021,-0.676,0.048,-0.155,2.22,-0.162,False,False,0.0,-1.361,0.028,nan,6.68,9.802,1.746,1.011,0.0,0.0,0.0,0.0,0.0,0.0,0.0,0.4,0.0,0.0,0.0,0.0,0.0,0.0,3.906,
0,0,351.2895,0.0,0.0,,,,-0.001,0.001,-0.002,-0.005,0.196,-0.211,0.0,-0.007,0.0,1.0,0.02,-0.693,0.051,0.0,-0.793,0.0,False,False,0.0,-0.094,0.001,nan,2.1,0.911,0.093,1.202,-0.054,0.0,0.0,0.0,0.0,0.0,0.0,0.4,0.0,0.0,0.0,0.0,0.0,0.0,3.906,
0,0,351.3085,0.0,0.0,,,,-0.001,0.007,-0.008,-0.008,0.392,-0.422,0.0,-0.014,0.001,1.0,0.021,-0.689,0.049,0.002,-1.586,0.159,False,False,0.0,-0.187,0.003,nan,2.104,0.99,0.322,1.258,-0.058,0.0,0.0,0.0,0.0,0.0,0.0,0.4,0.0,0.0,0.0,0.0,0.0,0.0,3.906,
0,0,351.3474,0.0,0.0,,,,-0.001,0.031,-0.033,-0.016,0.785,-0.845,0.001,-0.028,0.001,1.0,0.023,-0.703,0.052,0.163,-3.172,0.154,False,False,0.0,-0.368,0.007,nan,2.125,1.162,0.689,1.404,-0.076,0.0,0.0,0.0,0.0,0.0,0.0,0.4,0.0,0.0,0.0,0.0,0.0,0.0,3.906,
0,0,351.3586,0.0,0.0,,,,-0.001,0.039,-0.042,-0.018,0.883,-0.951,0.001,-0.03,0.003,1.0,0.033,-0.696,0.052,0.168,-3.49,0.312,False,False,0.0,-0.413,0.008,nan,2.133,1.208,0.748,1.416,-0.081,0.0,0.0,0.0,0.0,0.0,0.0,0.4,0.0,0.0,0.0,0.0,0.0,0.0,3.906,
0,0,351.3685,0.0,0.0,,,,-0.002,0.049,-0.052,-0.02,0.981,-1.056,0.001,-0.035,0.003,0.999,0.031,-0.704,0.056,0.169,-3.965,0.311,False,False,0.0,-0.456,0.009,nan,2.142,1.255,0.819,1.456,-0.089,0.0,0.0,0.0,0.0,0.0,0.0,0.4,0.0,0.0,0.0,0.0,0.0,0.0,3.906,
0,0,351.4135,0.0,0.0,,,,-0.003,0.11,-0.118,-0.03,1.472,-1.585,0.001,-0.051,0.004,0.999,0.031,-0.69,0.049,0.183,-5.87,0.467,False,False,0.0,-0.664,0.013,nan,2.203,1.509,1.091,1.568,-0.111,0.0,0.0,0.0,0.0,0.0,0.0,0.4,0.0,0.0,0.0,0.0,0.0,0.0,3.906,
0,0,351.4536,0.0,0.0,,,,-0.004,0.177,-0.19,-0.038,1.865,-2.007,0.003,-0.065,0.006,0.998,0.025,-0.673,0.051,0.358,-7.46,0.612,False,False,0.0,-0.815,0.016,nan,2.271,1.733,1.245,1.655,-0.136,0.0,0.0,0.0,0.0,0.0,0.0,0.4,0.0,0.0,0.0,0.0,0.0,0.0,3.906,
0,0,351.6746,0.0,0.0,,,,-0.018,0.825,-0.887,-0.097,4.025,-4.329,0.004,-0.126,0.01,0.992,0.017,-0.421,0.034,0.612,-14.475,1.041,False,False,0.0,-1.348,0.032,nan,2.945,3.272,1.604,1.678,-0.236,0.0,0.0,0.0,0.0,0.0,0.0,0.4,0.0,0.0,0.0,0.0,0.0,0.0,3.906,
0,0,351.7066,0.0,0.0,,,,-0.022,0.95,-1.022,-0.107,4.32,-4.645,0.006,-0.131,0.01,0.991,0.011,-0.378,0.027,0.775,-15.116,1.017,False,False,0.0,-1.384,0.034,nan,3.076,3.523,1.628,1.645,-0.241,0.0,0.0,0.0,0.0,0.0,0.0,0.4,0.0,0.0,0.0,0.0,0.0,0.0,3.906,
0,0,351.7366,0.0,0.0,,,,-0.025,1.084,-1.166,-0.118,4.614,-4.961,0.006,-0.136,0.01,0.991,0.011,-0.329,0.024,0.779,-15.596,1.014,False,False,0.0,-1.413,0.035,nan,3.217,3.784,1.639,1.592,-0.247,0.0,0.0,0.0,0.0,0.0,0.0,0.4,0.0,0.0,0.0,0.0,0.0,0.0,3.906,
0,0,351.7885,0.0,0.0,,,,-0.031,1.327,-1.427,-0.136,5.104,-5.489,0.006,-0.143,0.011,0.99,0.001,-0.233,0.013,0.809,-16.398,1.165,False,False,0.0,-1.448,0.038,nan,3.473,4.243,1.671,1.483,-0.249,0.0,0.0,0.0,0.0,0.0,0.0,0.4,0.0,0.0,0.0,0.0,0.0,0.0,3.906,
0,0,351.7965,0.0,0.0,,,,-0.033,1.378,-1.483,-0.14,5.202,-5.594,0.006,-0.143,0.011,0.99,0.0,-0.21,0.016,0.809,-16.398,1.165,False,False,0.0,-1.453,0.039,nan,3.583,4.436,1.684,1.44,-0.256,0.0,0.0,0.0,0.0,0.0,0.0,0.4,0.0,0.0,0.0,0.0,0.0,0.0,3.906,
0,0,351.8336,0.0,0.0,,,,-0.038,1.594,-1.715,-0.156,5.594,-6.016,0.006,-0.147,0.011,0.989,-0.001,-0.138,0.006,0.814,-16.879,1.162,False,False,0.0,-1.467,0.04,nan,3.755,4.734,1.69,1.355,-0.251,0.0,0.0,0.0,0.0,0.0,0.0,0.4,0.0,0.0,0.0,0.0,0.0,0.0,3.906,
0,0,351.8656,0.0,0.0,,,,-0.043,1.767,-1.9,-0.17,5.888,-6.333,0.006,-0.147,0.011,0.989,-0.003,-0.082,0.002,0.814,-16.879,1.162,False,False,0.0,-1.472,0.042,nan,4.0,5.152,1.703,1.223,-0.25,0.0,0.0,0.0,0.0,0.0,0.0,0.4,0.0,0.0,0.0,0.0,0.0,0.0,3.906,
0,0,351.9266,0.0,0.0,,,,-0.054,2.138,-2.299,-0.197,6.477,-6.966,0.006,-0.147,0.011,0.989,-0.004,0.041,0.0,0.814,-16.879,1.162,False,False,0.0,-1.473,0.044,nan,4.399,5.824,1.707,1.016,-0.248,0.0,0.0,0.0,0.0,0.0,0.0,0.4,0.0,0.0,0.0,0.0,0.0,0.0,3.906,
0,0,352.0206,0.0,0.0,,,,-0.074,2.76,-2.969,-0.241,7.36,-7.916,0.004,-0.14,0.01,0.99,-0.015,0.223,-0.015,0.626,-16.075,1.033,False,False,0.0,-1.452,0.047,nan,4.99,6.809,1.735,0.72,-0.221,0.0,0.0,0.0,0.0,0.0,0.0,0.4,0.0,0.0,0.0,0.0,0.0,0.0,3.906,
0,0,352.0775,0.0,0.0,,,,-0.089,3.22,-3.463,-0.271,7.947,-8.549,0.004,-0.13,0.01,0.991,-0.024,0.335,-0.021,0.616,-14.954,1.039,False,False,0.0,-1.429,0.048,nan,5.478,7.617,1.76,0.467,-0.2,0.0,0.0,0.0,0.0,0.0,0.0,0.4,0.0,0.0,0.0,0.0,0.0,0.0,3.906,
0,0,352.1066,0.0,0.0,,,,-0.097,3.462,-3.724,-0.287,8.242,-8.867,0.004,-0.125,0.01,0.992,-0.023,0.381,-0.028,0.61,-14.315,1.042,False,False,0.0,-1.416,0.049,nan,5.736,8.045,1.764,0.343,-0.184,0.0,0.0,0.0,0.0,0.0,0.0,0.4,0.0,0.0,0.0,0.0,0.0,0.0,3.906,
0,0,352.1585,0.0,0.0,,,,-0.112,3.887,-4.181,-0.313,8.732,-9.396,0.003,-0.113,0.008,0.994,-0.018,0.463,-0.033,0.423,-13.035,0.909,False,False,0.0,-1.391,0.049,nan,6.187,8.792,1.766,0.133,-0.16,0.0,0.0,0.0,0.0,0.0,0.0,0.4,0.0,0.0,0.0,0.0,0.0,0.0,3.906,
0,0,352.1695,0.0,0.0,,,,-0.115,3.975,-4.275,-0.318,8.83,-9.502,0.003,-0.111,0.008,0.994,-0.02,0.481,-0.034,0.421,-12.715,0.91,False,False,0.0,-1.386,0.049,nan,6.281,8.946,1.768,0.086,-0.155,0.0,0.0,0.0,0.0,0.0,0.0,0.4,0.0,0.0,0.0,0.0,0.0,0.0,3.906,
0,0,352.3295,0.0,0.0,,,,-0.002,0.039,-0.042,-0.032,0.883,-0.952,-0.001,0.028,-0.001,1.0,-0.029,0.648,-0.048,-0.154,3.172,-0.163,False,False,0.0,-0.413,0.014,nan,2.133,1.209,0.864,-1.261,0.076,0.0,0.0,0.0,0.0,0.0,0.0,0.4,0.0,0.0,0.0,0.0,0.0,0.0,3.906,
0,0,352.3406,0.0,0.0,,,,-0.002,0.049,-0.052,-0.035,0.981,-1.057,-0.001,0.03,-0.003,1.0,-0.026,0.656,-0.049,-0.149,3.489,-0.322,False,False,0.0,-0.456,0.016,nan,2.142,1.256,0.936,-1.299,0.082,0.0,0.0,0.0,0.0,0.0,0.0,0.4,0.0,0.0,0.0,0.0,0.0,0.0,3.906,
0,0,352.3735,0.0,0.0,,,,-0.003,0.082,-0.089,-0.045,1.276,-1.375,-0.001,0.04,-0.003,0.999,-0.03,0.677,-0.052,-0.146,4.599,-0.323,False,False,0.0,-0.583,0.02,nan,2.189,1.457,1.168,-1.431,0.107,0.0,0.0,0.0,0.0,0.0,0.0,0.4,0.0,0.0,0.0,0.0,0.0,0.0,3.906,
0,0,352.4856,0.0,0.0,,,,-0.011,0.306,-0.33,-0.084,2.453,-2.645,-0.003,0.08,-0.006,0.997,-0.017,0.681,-0.052,-0.265,9.206,-0.658,False,False,0.0,-1.01,0.034,nan,2.43,2.168,1.535,-1.72,0.184,0.0,0.0,0.0,0.0,0.0,0.0,0.4,0.0,0.0,0.0,0.0,0.0,0.0,3.906,
0,0,352.5376,0.0,0.0,,,,-0.016,0.441,-0.476,-0.099,2.943,-3.175,-0.003,0.097,-0.007,0.995,-0.011,0.657,-0.052,-0.239,11.116,-0.82,False,False,0.0,-1.143,0.038,nan,2.544,2.439,1.597,-1.777,0.21,0.0,0.0,0.0,0.0,0.0,0.0,0.4,0.0,0.0,0.0,0.0,0.0,0.0,3.906,
0,0,352.5705,0.0,0.0,,,,-0.019,0.534,-0.576,-0.107,3.238,-3.492,-0.003,0.107,-0.008,0.994,-0.015,0.639,-0.05,-0.214,12.232,-0.98,False,False,0.0,-1.211,0.039,nan,2.641,2.654,1.644,-1.818,0.227,0.0,0.0,0.0,0.0,0.0,0.0,0.4,0.0,0.0,0.0,0.0,0.0,0.0,3.906,
0,0,352.5896,0.0,0.0,,,,-0.021,0.601,-0.648,-0.112,3.435,-3.704,-0.003,0.112,-0.008,0.994,-0.015,0.624,-0.042,-0.209,12.87,-0.981,False,False,0.0,-1.25,0.04,nan,2.711,2.801,1.663,-1.829,0.231,0.0,0.0,0.0,0.0,0.0,0.0,0.4,0.0,0.0,0.0,0.0,0.0,0.0,3.906,
0,0,352.5976,0.0,0.0,,,,-0.022,0.635,-0.685,-0.115,3.533,-3.81,-0.004,0.115,-0.008,0.993,-0.014,0.622,-0.045,-0.363,13.188,-1.0,False,False,0.0,-1.269,0.041,nan,2.748,2.876,1.672,-1.844,0.239,0.0,0.0,0.0,0.0,0.0,0.0,0.4,0.0,0.0,0.0,0.0,0.0,0.0,3.906,
0,0,352.6656,0.0,0.0,,,,-0.031,0.907,-0.978,-0.131,4.22,-4.551,-0.004,0.134,-0.01,0.991,-0.005,0.54,-0.037,-0.322,15.425,-1.164,False,False,0.0,-1.372,0.042,nan,3.078,3.514,1.719,-1.86,0.273,0.0,0.0,0.0,0.0,0.0,0.0,0.4,0.0,0.0,0.0,0.0,0.0,0.0,3.906,
0,0,352.7642,0.0,0.0,,,,-0.043,1.326,-1.43,-0.147,5.103,-5.503,-0.004,0.155,-0.011,0.988,0.001,0.415,-0.03,-0.273,17.83,-1.327,False,False,0.0,-1.446,0.041,nan,3.476,4.218,1.73,-1.792,0.301,0.0,0.0,0.0,0.0,0.0,0.0,0.4,0.0,0.0,0.0,0.0,0.0,0.0,3.906,
0,0,352.784,0.0,0.0,,,,-0.046,1.43,-1.543,-0.15,5.299,-5.715,-0.004,0.159,-0.012,0.987,0.0,0.388,-0.024,-0.243,18.312,-1.485,False,False,0.0,-1.455,0.041,nan,3.586,4.404,1.737,-1.773,0.301,0.0,0.0,0.0,0.0,0.0,0.0,0.4,0.0,0.0,0.0,0.0,0.0,0.0,3.906,
0,0,352.8336,0.0,0.0,,,,-0.054,1.708,-1.841,-0.156,5.79,-6.244,-0.004,0.166,-0.012,0.986,0.004,0.295,-0.019,-0.232,19.115,-1.486,False,False,0.0,-1.469,0.039,nan,3.941,4.993,1.746,-1.658,0.314,0.0,0.0,0.0,0.0,0.0,0.0,0.4,0.0,0.0,0.0,0.0,0.0,0.0,3.906,
0,0,352.8796,0.0,0.0,,,,-0.062,2.009,-2.167,-0.16,6.281,-6.772,-0.004,0.172,-0.012,0.985,0.0,0.207,-0.015,-0.224,19.759,-1.488,False,False,0.0,-1.473,0.037,nan,4.2,5.41,1.742,-1.568,0.318,0.0,0.0,0.0,0.0,0.0,0.0,0.4,0.0,0.0,0.0,0.0,0.0,0.0,3.906,
0,0,352.8906,0.0,0.0,,,,-0.063,2.073,-2.235,-0.161,6.38,-6.877,-0.004,0.173,-0.012,0.985,0.003,0.189,-0.011,-0.222,19.92,-1.488,False,False,0.0,-1.472,0.036,nan,4.267,5.517,1.741,-1.537,0.316,0.0,0.0,0.0,0.0,0.0,0.0,0.4,0.0,0.0,0.0,0.0,0.0,0.0,3.906,
0,0,352.9177,0.0,0.0,,,,-0.068,2.269,-2.446,-0.162,6.674,-7.194,-0.004,0.174,-0.012,0.985,0.003,0.136,-0.007,-0.22,20.081,-1.488,False,False,0.0,-1.469,0.035,nan,4.475,5.849,1.739,-1.468,0.315,0.0,0.0,0.0,0.0,0.0,0.0,0.4,0.0,0.0,0.0,0.0,0.0,0.0,3.906,
0,0,352.9616,0.0,0.0,,,,-0.075,2.543,-2.742,-0.163,7.067,-7.617,-0.004,0.176,-0.012,0.984,0.005,0.055,-0.004,-0.218,20.242,-1.489,False,False,0.0,-1.46,0.033,nan,4.842,6.431,1.736,-1.307,0.315,0.0,0.0,0.0,0.0,0.0,0.0,0.4,0.0,0.0,0.0,0.0,0.0,0.0,3.906,
0,0,352.9806,0.0,0.0,,,,-0.078,2.687,-2.897,-0.163,7.263,-7.828,-0.004,0.176,-0.012,0.984,0.007,0.008,-0.002,-0.218,20.242,-1.489,False,False,0.0,-1.454,0.032,nan,4.919,6.552,1.74,-1.275,0.313,0.0,0.0,0.0,0.0,0.0,0.0,0.4,0.0,0.0,0.0,0.0,0.0,0.0,3.906,
0,0,353.057,0.0,0.0,,,,-0.091,3.299,-3.557,-0.161,8.049,-8.672,-0.003,0.172,-0.012,0.985,0.009,-0.14,0.009,-0.068,19.761,-1.46,False,False,0.0,-1.423,0.028,nan,5.571,7.583,1.73,-0.994,0.296,0.0,0.0,0.0,0.0,0.0,0.0,0.4,0.0,0.0,0.0,0.0,0.0,0.0,3.906,
0,0,353.1136,0.0,0.0,,,,-0.101,3.8,-4.096,-0.159,8.638,-9.305,-0.003,0.165,-0.012,0.986,0.009,-0.253,0.017,-0.078,18.957,-1.46,False,False,0.0,-1.394,0.025,nan,6.104,8.431,1.734,-0.76,0.276,0.0,0.0,0.0,0.0,0.0,0.0,0.4,0.0,0.0,0.0,0.0,0.0,0.0,3.906,
0,0,353.1486,0.0,0.0,,,,-0.106,4.063,-4.38,-0.157,8.932,-9.622,-0.003,0.161,-0.012,0.987,0.01,-0.308,0.024,-0.084,18.474,-1.46,False,False,0.0,-1.379,0.024,nan,6.385,8.88,1.73,-0.64,0.262,0.0,0.0,0.0,0.0,0.0,0.0,0.4,0.0,0.0,0.0,0.0,0.0,0.0,3.906,
0,0,353.1787,0.0,0.0,,,,-0.11,4.336,-4.674,-0.156,9.227,-9.939,-0.003,0.155,-0.011,0.988,0.008,-0.358,0.024,-0.117,17.831,-1.302,False,False,0.0,-1.363,0.022,nan,6.675,9.346,1.735,-0.528,0.254,0.0,0.0,0.0,0.0,0.0,0.0,0.4,0.0,0.0,0.0,0.0,0.0,0.0,3.906,
0,0,353.2407,0.0,0.0,,,,-0.001,0.001,-0.002,-0.005,0.196,-0.211,0.0,-0.004,0.0,1.0,0.014,-0.452,0.03,0.0,-0.476,0.0,False,False,0.0,-0.094,0.002,nan,2.1,0.911,0.105,0.783,-0.032,0.0,0.0,0.0,0.0,0.0,0.0,0.4,0.0,0.0,0.0,0.0,0.0,0.0,3.906,
0,0,353.2976,0.0,0.0,,,,-0.001,0.031,-0.033,-0.018,0.785,-0.845,0.0,-0.019,0.001,1.0,0.01,-0.529,0.042,0.003,-2.22,0.159,False,False,0.0,-0.369,0.008,nan,2.125,1.163,0.712,1.037,-0.058,0.0,0.0,0.0,0.0,0.0,0.0,0.4,0.0,0.0,0.0,0.0,0.0,0.0,3.906,
0,0,353.3087,0.0,0.0,,,,-0.001,0.039,-0.042,-0.02,0.883,-0.951,0.0,-0.022,0.001,1.0,0.015,-0.544,0.038,0.004,-2.537,0.159,False,False,0.0,-0.413,0.008,nan,2.133,1.209,0.776,1.088,-0.057,0.0,0.0,0.0,0.0,0.0,0.0,0.4,0.0,0.0,0.0,0.0,0.0,0.0,3.906,
0,0,353.3276,0.0,0.0,,,,-0.002,0.059,-0.063,-0.024,1.08,-1.163,0.001,-0.028,0.001,1.0,0.012,-0.567,0.037,0.163,-3.172,0.154,False,False,0.0,-0.5,0.01,nan,2.152,1.305,0.913,1.171,-0.064,0.0,0.0,0.0,0.0,0.0,0.0,0.4,0.0,0.0,0.0,0.0,0.0,0.0,3.906,
0,0,353.4386,0.0,0.0,,,,-0.006,0.237,-0.255,-0.049,2.16,-2.327,0.001,-0.061,0.004,0.998,0.008,-0.651,0.045,0.187,-6.982,0.465,False,False,0.0,-0.917,0.02,nan,2.333,1.919,1.381,1.571,-0.126,0.0,0.0,0.0,0.0,0.0,0.0,0.4,0.0,0.0,0.0,0.0,0.0,0.0,3.906,
0,0,353.4867,0.0,0.0,,,,-0.008,0.357,-0.385,-0.061,2.651,-2.856,0.001,-0.076,0.006,0.997,0.014,-0.674,0.053,0.206,-8.731,0.62,False,False,0.0,-1.067,0.024,nan,2.457,2.242,1.472,1.731,-0.163,0.0,0.0,0.0,0.0,0.0,0.0,0.4,0.0,0.0,0.0,0.0,0.0,0.0,3.906,
0,0,353.5687,0.0,0.0,,,,-0.014,0.601,-0.648,-0.081,3.436,-3.704,0.003,-0.102,0.007,0.995,0.015,-0.667,0.047,0.397,-11.758,0.756,False,False,0.0,-1.251,0.029,nan,2.711,2.811,1.584,1.914,-0.205,0.0,0.0,0.0,0.0,0.0,0.0,0.4,0.0,0.0,0.0,0.0,0.0,0.0,3.906,
0,0,353.6147,0.0,0.0,,,,-0.018,0.746,-0.804,-0.093,3.829,-4.127,0.003,-0.115,0.008,0.993,0.013,-0.65,0.046,0.424,-13.194,0.909,False,False,0.0,-1.319,0.031,nan,2.904,3.198,1.619,2.001,-0.233,0.0,0.0,0.0,0.0,0.0,0.0,0.4,0.0,0.0,0.0,0.0,0.0,0.0,3.906,
0,0,353.6257,0.0,0.0,,,,-0.019,0.785,-0.846,-0.095,3.927,-4.233,0.003,-0.119,0.008,0.993,0.013,-0.647,0.045,0.428,-13.673,0.907,False,False,0.0,-1.333,0.032,nan,2.989,3.359,1.635,2.027,-0.243,0.0,0.0,0.0,0.0,0.0,0.0,0.4,0.0,0.0,0.0,0.0,0.0,0.0,3.906,
0,0,353.6847,0.0,0.0,,,,-0.025,1.038,-1.119,-0.115,4.515,-4.869,0.003,-0.137,0.01,0.991,0.006,-0.609,0.044,0.466,-15.753,1.056,False,False,0.0,-1.403,0.035,nan,3.268,3.864,1.666,2.08,-0.274,0.0,0.0,0.0,0.0,0.0,0.0,0.4,0.0,0.0,0.0,0.0,0.0,0.0,3.906,
0,0,353.6927,0.0,0.0,,,,-0.026,1.084,-1.168,-0.118,4.613,-4.975,0.003,-0.14,0.01,0.99,0.005,-0.594,0.046,0.469,-16.073,1.055,False,False,0.0,-1.412,0.035,nan,3.319,3.952,1.662,2.079,-0.282,0.0,0.0,0.0,0.0,0.0,0.0,0.4,0.0,0.0,0.0,0.0,0.0,0.0,3.906,
0,0,353.7246,0.0,0.0,,,,-0.03,1.227,-1.322,-0.128,4.908,-5.294,0.003,-0.148,0.011,0.989,0.009,-0.563,0.04,0.502,-17.036,1.208,False,False,0.0,-1.434,0.037,nan,0.0,4.129,1.666,2.087,-0.286,0.0,0.0,0.0,0.0,0.0,0.0,0.4,0.0,0.0,0.0,0.0,0.0,0.0,3.906,
0,0,353.7766,0.0,0.0,,,,-0.036,1.484,-1.6,-0.147,5.399,-5.825,0.003,-0.161,0.011,0.987,0.008,-0.505,0.04,0.517,-18.48,1.201,False,False,0.0,-1.459,0.039,nan,3.7,4.588,1.675,2.081,-0.308,0.0,0.0,0.0,0.0,0.0,0.0,0.4,0.0,0.0,0.0,0.0,0.0,0.0,3.906,
0,0,353.7877,0.0,0.0,,,,-0.038,1.539,-1.659,-0.151,5.497,-5.93,0.003,-0.163,0.012,0.986,0.009,-0.491,0.035,0.546,-18.803,1.356,False,False,0.0,-1.463,0.039,nan,3.759,4.683,1.674,2.074,-0.307,0.0,0.0,0.0,0.0,0.0,0.0,0.4,0.0,0.0,0.0,0.0,0.0,0.0,3.906,
0,0,353.8537,0.0,0.0,,,,-0.049,1.948,-2.1,-0.18,6.183,-6.673,0.003,-0.177,0.012,0.984,0.007,-0.389,0.029,0.565,-20.413,1.348,False,False,0.0,-1.473,0.042,nan,4.2,5.375,1.678,2.005,-0.327,0.0,0.0,0.0,0.0,0.0,0.0,0.4,0.0,0.0,0.0,0.0,0.0,0.0,3.906,
0,0,353.8894,0.0,0.0,,,,-0.055,2.138,-2.305,-0.194,6.477,-6.991,0.004,-0.183,0.014,0.983,0.006,-0.342,0.026,0.758,-21.061,1.472,False,False,0.0,-1.471,0.043,nan,4.405,5.688,1.679,1.961,-0.332,0.0,0.0,0.0,0.0,0.0,0.0,0.4,0.0,0.0,0.0,0.0,0.0,0.0,3.906,
0,0,353.9087,0.0,0.0,,,,-0.059,2.269,-2.447,-0.204,6.673,-7.203,0.004,-0.185,0.014,0.983,0.005,-0.31,0.024,0.762,-21.384,1.47,False,False,0.0,-1.468,0.044,nan,4.547,5.902,1.679,1.929,-0.336,0.0,0.0,0.0,0.0,0.0,0.0,0.4,0.0,0.0,0.0,0.0,0.0,0.0,3.906,
0,0,353.9607,0.0,0.0,,,,-0.07,2.615,-2.821,-0.229,7.164,-7.734,0.004,-0.191,0.014,0.981,0.001,-0.213,0.011,0.77,-22.03,1.466,False,False,0.0,-1.456,0.046,nan,4.998,6.577,1.685,1.776,-0.333,0.0,0.0,0.0,0.0,0.0,0.0,0.4,0.0,0.0,0.0,0.0,0.0,0.0,3.906,
0,0,354.0166,0.0,0.0,,,,-0.084,3.063,-3.304,-0.261,7.752,-8.37,0.004,-0.195,0.014,0.981,-0.001,-0.103,0.01,0.776,-22.515,1.462,False,False,0.0,-1.435,0.048,nan,5.404,7.18,1.686,1.649,-0.337,0.0,0.0,0.0,0.0,0.0,0.0,0.4,0.0,0.0,0.0,0.0,0.0,0.0,3.906,
0,0,354.0357,0.0,0.0,,,,-0.089,3.22,-3.473,-0.272,7.948,-8.582,0.004,-0.195,0.014,0.981,0.0,-0.061,0.006,0.776,-22.515,1.462,False,False,0.0,-1.427,0.048,nan,5.573,7.433,1.683,1.584,-0.334,0.0,0.0,0.0,0.0,0.0,0.0,0.4,0.0,0.0,0.0,0.0,0.0,0.0,3.906,
0,0,354.0647,0.0,0.0,,,,-0.098,3.463,-3.736,-0.289,8.242,-8.9,0.004,-0.196,0.014,0.98,0.002,-0.007,-0.003,0.778,-22.677,1.461,False,False,0.0,-1.413,0.049,nan,5.925,7.958,1.676,1.456,-0.324,0.0,0.0,0.0,0.0,0.0,0.0,0.4,0.0,0.0,0.0,0.0,0.0,0.0,3.906,
0,0,354.0869,0.0,0.0,,,,-0.104,3.629,-3.916,-0.301,8.438,-9.112,0.004,-0.195,0.014,0.981,0.003,0.035,-0.006,0.776,-22.515,1.462,False,False,0.0,-1.403,0.049,nan,6.107,8.232,1.682,1.388,-0.32,0.0,0.0,0.0,0.0,0.0,0.0,0.4,0.0,0.0,0.0,0.0,0.0,0.0,3.906,
0,0,354.1686,0.0,0.0,,,,-0.129,4.336,-4.679,-0.349,9.222,-9.959,0.004,-0.191,0.014,0.981,-0.003,0.188,-0.02,0.77,-22.03,1.466,False,False,0.0,-1.361,0.051,nan,6.779,9.251,1.686,1.127,-0.297,0.0,0.0,0.0,0.0,0.0,0.0,0.4,0.0,0.0,0.0,0.0,0.0,0.0,3.906,
0,0,354.1971,0.0,0.0,,,,-0.14,4.617,-4.982,-0.368,9.516,-10.276,0.004,-0.187,0.014,0.982,-0.004,0.243,-0.018,0.764,-21.545,1.469,False,False,0.0,-1.344,0.051,nan,7.082,9.718,1.689,1.011,-0.293,0.0,0.0,0.0,0.0,0.0,0.0,0.4,0.0,0.0,0.0,0.0,0.0,0.0,3.906,
0,0,354.3367,0.0,0.0,,,,-0.003,0.082,-0.089,-0.039,1.275,-1.374,-0.0,0.022,-0.001,1.0,-0.003,0.472,-0.038,0.004,2.537,-0.159,False,False,0.0,-0.583,0.017,nan,2.189,1.461,1.119,-0.947,0.071,0.0,0.0,0.0,0.0,0.0,0.0,0.4,0.0,0.0,0.0,0.0,0.0,0.0,3.906,
0,0,354.3697,0.0,0.0,,,,-0.004,0.125,-0.135,-0.048,1.57,-1.691,-0.0,0.03,-0.003,1.0,-0.004,0.512,-0.037,0.01,3.489,-0.317,False,False,0.0,-0.703,0.021,nan,2.235,1.626,1.252,-1.065,0.083,0.0,0.0,0.0,0.0,0.0,0.0,0.4,0.0,0.0,0.0,0.0,0.0,0.0,3.906,
0,0,354.4067,0.0,0.0,,,,-0.006,0.196,-0.211,-0.06,1.962,-2.113,-0.0,0.04,-0.003,0.999,-0.004,0.553,-0.042,0.013,4.6,-0.317,False,False,0.0,-0.85,0.025,nan,2.311,1.862,1.386,-1.207,0.107,0.0,0.0,0.0,0.0,0.0,0.0,0.4,0.0,0.0,0.0,0.0,0.0,0.0,3.906,
0,0,354.4247,0.0,0.0,,,,-0.008,0.237,-0.255,-0.066,2.158,-2.324,-0.0,0.046,-0.004,0.999,-0.006,0.573,-0.044,0.022,5.235,-0.475,False,False,0.0,-0.917,0.027,nan,2.379,2.052,1.469,-1.31,0.124,0.0,0.0,0.0,0.0,0.0,0.0,0.4,0.0,0.0,0.0,0.0,0.0,0.0,3.906,
0,0,354.4327,0.0,0.0,,,,-0.008,0.259,-0.279,-0.069,2.256,-2.43,-0.0,0.048,-0.004,0.999,-0.008,0.579,-0.04,0.023,5.552,-0.475,False,False,0.0,-0.949,0.028,nan,2.404,2.118,1.494,-1.351,0.126,0.0,0.0,0.0,0.0,0.0,0.0,0.4,0.0,0.0,0.0,0.0,0.0,0.0,3.906,
0,0,354.4518,0.0,0.0,,,,-0.01,0.306,-0.33,-0.075,2.453,-2.641,-0.0,0.054,-0.004,0.999,-0.013,0.601,-0.045,0.026,6.187,-0.475,False,False,0.0,-1.01,0.03,nan,2.43,2.184,1.52,-1.39,0.136,0.0,0.0,0.0,0.0,0.0,0.0,0.4,0.0,0.0,0.0,0.0,0.0,0.0,3.906,
0,0,354.4647,0.0,0.0,,,,-0.011,0.331,-0.357,-0.078,2.551,-2.746,-0.0,0.057,-0.004,0.998,-0.006,0.609,-0.047,0.027,6.505,-0.475,False,False,0.0,-1.039,0.031,nan,2.485,2.32,1.549,-1.453,0.149,0.0,0.0,0.0,0.0,0.0,0.0,0.4,0.0,0.0,0.0,0.0,0.0,0.0,3.906,
0,0,354.5568,0.0,0.0,,,,-0.018,0.567,-0.61,-0.1,3.336,-3.591,-0.001,0.082,-0.006,0.997,-0.009,0.645,-0.051,-0.106,9.366,-0.645,False,False,0.0,-1.231,0.036,nan,2.71,2.831,1.645,-1.662,0.193,0.0,0.0,0.0,0.0,0.0,0.0,0.4,0.0,0.0,0.0,0.0,0.0,0.0,3.906,
0,0,354.5677,0.0,0.0,,,,-0.019,0.601,-0.647,-0.102,3.435,-3.696,-0.001,0.084,-0.007,0.996,-0.013,0.657,-0.046,-0.091,9.684,-0.803,False,False,0.0,-1.251,0.037,nan,2.747,2.908,1.662,-1.706,0.195,0.0,0.0,0.0,0.0,0.0,0.0,0.4,0.0,0.0,0.0,0.0,0.0,0.0,3.906,
0,0,354.6038,0.0,0.0,,,,-0.023,0.746,-0.803,-0.112,3.827,-4.119,-0.001,0.097,-0.007,0.995,-0.013,0.658,-0.05,-0.081,11.117,-0.804,False,False,0.0,-1.319,0.038,nan,2.903,3.225,1.694,-1.8,0.222,0.0,0.0,0.0,0.0,0.0,0.0,0.4,0.0,0.0,0.0,0.0,0.0,0.0,3.906,
0,0,354.6511,0.0,0.0,,,,-0.029,0.949,-1.022,-0.124,4.318,-4.646,-0.001,0.113,-0.008,0.994,-0.011,0.657,-0.051,-0.05,13.031,-0.963,False,False,0.0,-1.383,0.039,nan,3.122,3.642,1.719,-1.914,0.252,0.0,0.0,0.0,0.0,0.0,0.0,0.4,0.0,0.0,0.0,0.0,0.0,0.0,3.906,
0,0,354.6897,0.0,0.0,,,,-0.034,1.13,-1.217,-0.132,4.711,-5.069,-0.001,0.126,-0.01,0.992,-0.018,0.642,-0.045,-0.018,14.469,-1.121,False,False,0.0,-1.421,0.039,nan,3.317,3.991,1.747,-1.979,0.269,0.0,0.0,0.0,0.0,0.0,0.0,0.4,0.0,0.0,0.0,0.0,0.0,0.0,3.906,
0,0,354.7159,0.0,0.0,,,,-0.038,1.276,-1.373,-0.138,5.005,-5.385,-0.001,0.134,-0.01,0.991,-0.018,0.624,-0.045,-0.008,15.428,-1.121,False,False,0.0,-1.442,0.039,nan,3.473,4.261,1.756,-2.015,0.285,0.0,0.0,0.0,0.0,0.0,0.0,0.4,0.0,0.0,0.0,0.0,0.0,0.0,3.906,
0,0,354.7281,0.0,0.0,,,,-0.039,1.326,-1.428,-0.14,5.103,-5.49,-0.001,0.138,-0.011,0.99,-0.021,0.622,-0.049,0.019,15.909,-1.278,False,False,0.0,-1.447,0.039,nan,3.528,4.353,1.764,-2.032,0.295,0.0,0.0,0.0,0.0,0.0,0.0,0.4,0.0,0.0,0.0,0.0,0.0,0.0,3.906,
0,0,354.7387,0.0,0.0,,,,-0.041,1.378,-1.483,-0.142,5.201,-5.596,-0.001,0.141,-0.011,0.99,-0.018,0.614,-0.04,0.022,16.229,-1.278,False,False,0.0,-1.452,0.039,nan,3.583,4.445,1.76,-2.039,0.291,0.0,0.0,0.0,0.0,0.0,0.0,0.4,0.0,0.0,0.0,0.0,0.0,0.0,3.906,
0,0,354.7607,0.0,0.0,,,,-0.044,1.484,-1.597,-0.145,5.398,-5.806,-0.001,0.147,-0.011,0.989,-0.02,0.602,-0.042,0.029,16.871,-1.278,False,False,0.0,-1.46,0.039,nan,3.756,4.727,1.767,-2.058,0.309,0.0,0.0,0.0,0.0,0.0,0.0,0.4,0.0,0.0,0.0,0.0,0.0,0.0,3.906,
0,0,354.8098,0.0,0.0,,,,-0.051,1.766,-1.901,-0.153,5.889,-6.334,-0.003,0.161,-0.012,0.987,-0.019,0.554,-0.04,-0.084,18.474,-1.46,False,False,0.0,-1.472,0.038,nan,4.001,5.116,1.771,-2.079,0.325,0.0,0.0,0.0,0.0,0.0,0.0,0.4,0.0,0.0,0.0,0.0,0.0,0.0,3.906,
0,0,354.8178,0.0,0.0,,,,-0.053,1.825,-1.965,-0.154,5.987,-6.439,-0.003,0.163,-0.012,0.986,-0.02,0.54,-0.042,-0.08,18.796,-1.46,False,False,0.0,-1.473,0.037,nan,4.065,5.215,1.774,-2.074,0.332,0.0,0.0,0.0,0.0,0.0,0.0,0.4,0.0,0.0,0.0,0.0,0.0,0.0,3.906,
0,0,354.8859,0.0,0.0,,,,-0.064,2.269,-2.441,-0.16,6.675,-7.177,-0.003,0.18,-0.014,0.984,-0.015,0.453,-0.036,-0.027,20.728,-1.617,False,False,0.0,-1.47,0.035,nan,4.613,6.04,1.768,-2.042,0.357,0.0,0.0,0.0,0.0,0.0,0.0,0.4,0.0,0.0,0.0,0.0,0.0,0.0,3.906,
0,0,354.9568,0.0,0.0,,,,-0.075,2.76,-2.969,-0.163,7.362,-7.915,-0.004,0.192,-0.014,0.981,-0.017,0.352,-0.027,-0.162,22.179,-1.648,False,False,0.0,-1.453,0.032,nan,5.069,6.701,1.77,-1.967,0.367,0.0,0.0,0.0,0.0,0.0,0.0,0.4,0.0,0.0,0.0,0.0,0.0,0.0,3.906,
0,0,355.0328,0.0,0.0,,,,-0.088,3.38,-3.636,-0.163,8.147,-8.76,-0.004,0.202,-0.015,0.979,-0.017,0.207,-0.016,-0.113,23.313,-1.804,False,False,0.0,-1.421,0.028,nan,5.736,7.65,1.767,-1.793,0.372,0.0,0.0,0.0,0.0,0.0,0.0,0.4,0.0,0.0,0.0,0.0,0.0,0.0,3.906,
0,0,355.1578,0.0,0.0,,,,-0.107,4.429,-4.764,-0.154,9.325,-10.026,-0.006,0.208,-0.015,0.978,-0.006,-0.013,-0.001,-0.258,23.958,-1.838,False,False,0.0,-1.359,0.022,nan,6.864,9.257,1.745,-1.456,0.363,0.0,0.0,0.0,0.0,0.0,0.0,0.4,0.0,0.0,0.0,0.0,0.0,0.0,3.906,
0,0,355.1687,0.0,0.0,,,,-0.109,4.523,-4.864,-0.153,9.424,-10.131,-0.006,0.206,-0.015,0.978,-0.004,-0.031,-0.002,-0.261,23.796,-1.838,False,False,0.0,-1.354,0.021,nan,6.964,9.403,1.741,-1.423,0.363,0.0,0.0,0.0,0.0,0.0,0.0,0.4,0.0,0.0,0.0,0.0,0.0,0.0,3.906,
0,0,355.2528,0.0,0.0,,,,-0.001,0.024,-0.025,-0.019,0.687,-0.74,-0.0,-0.004,0.0,1.0,0.0,-0.203,0.016,-0.0,-0.476,0.0,False,False,0.0,-0.324,0.008,nan,2.133,1.21,0.813,0.427,-0.02,0.0,0.0,0.0,0.0,0.0,0.0,0.4,0.0,0.0,0.0,0.0,0.0,0.0,3.906,
0,0,355.2627,0.0,0.0,,,,-0.001,0.031,-0.033,-0.022,0.785,-0.846,-0.0,-0.006,0.0,1.0,0.0,-0.215,0.015,-0.0,-0.634,0.0,False,False,0.0,-0.369,0.01,nan,2.142,1.258,0.884,0.466,-0.02,0.0,0.0,0.0,0.0,0.0,0.0,0.4,0.0,0.0,0.0,0.0,0.0,0.0,3.906,
0,0,355.2837,0.0,0.0,,,,-0.002,0.049,-0.052,-0.027,0.981,-1.057,-0.0,-0.007,0.0,1.0,0.002,-0.246,0.021,-0.0,-0.793,0.0,False,False,0.0,-0.457,0.012,nan,2.163,1.357,1.01,0.551,-0.029,0.0,0.0,0.0,0.0,0.0,0.0,0.4,0.0,0.0,0.0,0.0,0.0,0.0,3.906,
0,0,355.2917,0.0,0.0,,,,-0.002,0.059,-0.063,-0.03,1.079,-1.163,-0.0,-0.008,0.0,1.0,-0.001,-0.27,0.02,-0.0,-0.951,0.0,False,False,0.0,-0.499,0.013,nan,2.176,1.408,1.063,0.586,-0.029,0.0,0.0,0.0,0.0,0.0,0.0,0.4,0.0,0.0,0.0,0.0,0.0,0.0,3.906,
0,0,355.3047,0.0,0.0,,,,-0.002,0.07,-0.076,-0.032,1.177,-1.269,-0.0,-0.01,0.0,1.0,0.0,-0.285,0.019,-0.0,-1.11,0.0,False,False,0.0,-0.542,0.014,nan,2.189,1.461,1.109,0.636,-0.03,0.0,0.0,0.0,0.0,0.0,0.0,0.4,0.0,0.0,0.0,0.0,0.0,0.0,3.906,
0,0,355.3348,0.0,0.0,,,,-0.003,0.11,-0.118,-0.04,1.472,-1.586,-0.0,-0.014,0.001,1.0,0.006,-0.337,0.019,0.002,-1.586,0.159,False,False,0.0,-0.664,0.017,nan,2.218,1.57,1.194,0.713,-0.035,0.0,0.0,0.0,0.0,0.0,0.0,0.4,0.0,0.0,0.0,0.0,0.0,0.0,3.906,
0,0,355.3458,0.0,0.0,,,,-0.004,0.125,-0.135,-0.042,1.57,-1.691,-0.0,-0.015,0.001,1.0,0.005,-0.345,0.027,0.002,-1.744,0.159,False,False,0.0,-0.703,0.018,nan,2.235,1.627,1.236,0.739,-0.045,0.0,0.0,0.0,0.0,0.0,0.0,0.4,0.0,0.0,0.0,0.0,0.0,0.0,3.906,
0,0,355.3568,0.0,0.0,,,,-0.004,0.141,-0.152,-0.044,1.668,-1.797,-0.0,-0.018,0.001,1.0,0.004,-0.367,0.022,0.003,-2.062,0.159,False,False,0.0,-0.741,0.019,nan,2.252,1.684,1.276,0.79,-0.042,0.0,0.0,0.0,0.0,0.0,0.0,0.4,0.0,0.0,0.0,0.0,0.0,0.0,3.906,
0,0,355.3757,0.0,0.0,,,,-0.005,0.177,-0.19,-0.049,1.864,-2.009,-0.0,-0.021,0.001,1.0,0.006,-0.403,0.027,0.003,-2.379,0.159,False,False,0.0,-0.815,0.021,nan,2.29,1.804,1.339,0.88,-0.053,0.0,0.0,0.0,0.0,0.0,0.0,0.4,0.0,0.0,0.0,0.0,0.0,0.0,3.906,
0,0,355.4718,0.0,0.0,,,,-0.011,0.412,-0.444,-0.073,2.845,-3.069,0.0,-0.043,0.003,0.999,0.014,-0.53,0.035,0.014,-4.917,0.317,False,False,0.0,-1.119,0.028,nan,2.544,2.471,1.538,1.267,-0.098,0.0,0.0,0.0,0.0,0.0,0.0,0.4,0.0,0.0,0.0,0.0,0.0,0.0,3.906,
0,0,355.5118,0.0,0.0,,,,-0.014,0.534,-0.576,-0.083,3.237,-3.492,0.001,-0.054,0.004,0.999,0.015,-0.566,0.043,0.184,-6.188,0.466,False,False,0.0,-1.21,0.03,nan,2.676,2.77,1.586,1.408,-0.124,0.0,0.0,0.0,0.0,0.0,0.0,0.4,0.0,0.0,0.0,0.0,0.0,0.0,3.906,
0,0,355.5958,0.0,0.0,,,,-0.022,0.824,-0.889,-0.103,4.022,-4.339,0.001,-0.077,0.006,0.997,0.018,-0.626,0.047,0.207,-8.89,0.62,False,False,0.0,-1.346,0.034,nan,3.033,3.504,1.639,1.714,-0.176,0.0,0.0,0.0,0.0,0.0,0.0,0.4,0.0,0.0,0.0,0.0,0.0,0.0,3.906,
0,0,355.6297,0.0,0.0,,,,-0.025,0.954,-1.028,-0.111,4.327,-4.667,0.001,-0.087,0.006,0.996,0.022,-0.635,0.046,0.213,-10.004,0.618,False,False,0.0,-1.384,0.035,nan,3.128,3.686,1.649,1.765,-0.186,0.0,0.0,0.0,0.0,0.0,0.0,0.4,0.0,0.0,0.0,0.0,0.0,0.0,3.906,
0,0,355.6558,0.0,0.0,,,,-0.029,1.088,-1.173,-0.119,4.621,-4.984,0.003,-0.095,0.007,0.995,0.025,-0.646,0.049,0.391,-10.961,0.759,False,False,0.0,-1.412,0.036,nan,3.224,3.864,1.655,1.838,-0.2,0.0,0.0,0.0,0.0,0.0,0.0,0.4,0.0,0.0,0.0,0.0,0.0,0.0,3.906,
0,0,355.6938,0.0,0.0,,,,-0.034,1.281,-1.381,-0.131,5.014,-5.408,0.003,-0.108,0.008,0.994,0.029,-0.654,0.052,0.418,-12.396,0.912,False,False,0.0,-1.441,0.037,nan,3.536,4.417,1.671,1.969,-0.237,0.0,0.0,0.0,0.0,0.0,0.0,0.4,0.0,0.0,0.0,0.0,0.0,0.0,3.906,
0,0,355.7448,0.0,0.0,,,,-0.04,1.544,-1.665,-0.146,5.505,-5.936,0.003,-0.125,0.008,0.992,0.025,-0.641,0.044,0.433,-14.312,0.905,False,False,0.0,-1.463,0.038,nan,3.825,4.901,1.669,2.065,-0.256,0.0,0.0,0.0,0.0,0.0,0.0,0.4,0.0,0.0,0.0,0.0,0.0,0.0,3.906,
0,0,355.7859,0.0,0.0,,,,-0.047,1.772,-1.911,-0.159,5.897,-6.359,0.004,-0.136,0.01,0.991,0.023,-0.625,0.047,0.622,-15.594,1.035,False,False,0.0,-1.471,0.039,nan,4.075,5.302,1.663,2.116,-0.28,0.0,0.0,0.0,0.0,0.0,0.0,0.4,0.0,0.0,0.0,0.0,0.0,0.0,3.906,
0,0,355.8238,0.0,0.0,,,,-0.053,2.015,-2.173,-0.174,6.289,-6.783,0.004,-0.148,0.011,0.989,0.023,-0.595,0.041,0.658,-17.037,1.184,False,False,0.0,-1.472,0.04,nan,4.342,5.715,1.662,2.151,-0.294,0.0,0.0,0.0,0.0,0.0,0.0,0.4,0.0,0.0,0.0,0.0,0.0,0.0,3.906,
0,0,355.8318,0.0,0.0,,,,-0.055,2.079,-2.242,-0.178,6.387,-6.889,0.004,-0.151,0.011,0.988,0.023,-0.588,0.041,0.662,-17.358,1.182,False,False,0.0,-1.472,0.04,nan,4.342,5.715,1.662,2.151,-0.294,0.0,0.0,0.0,0.0,0.0,0.0,0.4,0.0,0.0,0.0,0.0,0.0,0.0,3.906,
0,0,355.8712,0.0,0.0,,,,-0.062,2.342,-2.526,-0.194,6.779,-7.312,0.004,-0.162,0.012,0.987,0.023,-0.558,0.043,0.701,-18.644,1.331,False,False,0.0,-1.466,0.041,nan,4.626,6.141,1.656,2.18,-0.315,0.0,0.0,0.0,0.0,0.0,0.0,0.4,0.0,0.0,0.0,0.0,0.0,0.0,3.906,
0,0,355.9048,0.0,0.0,,,,-0.068,2.55,-2.75,-0.207,7.074,-7.629,0.006,-0.169,0.012,0.986,0.026,-0.529,0.036,0.866,-19.45,1.3,False,False,0.0,-1.459,0.042,nan,4.927,6.579,1.649,2.171,-0.325,0.0,0.0,0.0,0.0,0.0,0.0,0.4,0.0,0.0,0.0,0.0,0.0,0.0,3.906,
0,0,355.9127,0.0,0.0,,,,-0.07,2.621,-2.827,-0.212,7.172,-7.735,0.006,-0.172,0.012,0.985,0.024,-0.51,0.033,0.87,-19.772,1.297,False,False,0.0,-1.456,0.042,nan,5.005,6.691,1.651,2.168,-0.326,0.0,0.0,0.0,0.0,0.0,0.0,0.4,0.0,0.0,0.0,0.0,0.0,0.0,3.906,
0,0,355.9869,0.0,0.0,,,,-0.086,3.147,-3.394,-0.245,7.859,-8.474,0.006,-0.187,0.014,0.982,0.016,-0.418,0.03,0.92,-21.547,1.439,False,False,0.0,-1.431,0.044,nan,5.494,7.383,1.648,2.125,-0.344,0.0,0.0,0.0,0.0,0.0,0.0,0.4,0.0,0.0,0.0,0.0,0.0,0.0,3.906,
0,0,356.0058,0.0,0.0,,,,-0.091,3.307,-3.566,-0.255,8.055,-8.685,0.006,-0.191,0.014,0.981,0.018,-0.392,0.027,0.926,-22.032,1.435,False,False,0.0,-1.422,0.044,nan,5.753,7.743,1.641,2.096,-0.35,0.0,0.0,0.0,0.0,0.0,0.0,0.4,0.0,0.0,0.0,0.0,0.0,0.0,3.906,
0,0,356.0328,0.0,0.0,,,,-0.099,3.553,-3.831,-0.271,8.349,-9.002,0.007,-0.195,0.014,0.981,0.015,-0.35,0.023,1.087,-22.519,1.4,False,False,0.0,-1.408,0.045,nan,6.022,8.113,1.636,2.055,-0.354,0.0,0.0,0.0,0.0,0.0,0.0,0.4,0.0,0.0,0.0,0.0,0.0,0.0,3.906,
0,0,356.0649,0.0,0.0,,,,-0.107,3.808,-4.106,-0.288,8.644,-9.318,0.007,-0.201,0.015,0.98,0.014,-0.302,0.018,1.127,-23.168,1.55,False,False,0.0,-1.393,0.046,nan,6.299,8.494,1.637,1.996,-0.355,0.0,0.0,0.0,0.0,0.0,0.0,0.4,0.0,0.0,0.0,0.0,0.0,0.0,3.906,
0,0,356.0828,0.0,0.0,,,,-0.113,3.982,-4.294,-0.3,8.84,-9.529,0.007,-0.202,0.015,0.979,0.013,-0.262,0.019,1.129,-23.33,1.548,False,False,0.0,-1.383,0.046,nan,6.49,8.756,1.639,1.953,-0.36,0.0,0.0,0.0,0.0,0.0,0.0,0.4,0.0,0.0,0.0,0.0,0.0,0.0,3.906,
0,0,356.1038,0.0,0.0,,,,-0.119,4.161,-4.487,-0.312,9.035,-9.74,0.007,-0.205,0.015,0.979,0.011,-0.225,0.011,1.134,-23.654,1.545,False,False,0.0,-1.372,0.047,nan,6.685,9.023,1.628,1.91,-0.356,0.0,0.0,0.0,0.0,0.0,0.0,0.4,0.0,0.0,0.0,0.0,0.0,0.0,3.906,
0,0,356.1118,0.0,0.0,,,,-0.122,4.252,-4.585,-0.318,9.133,-9.846,0.007,-0.206,0.015,0.978,0.014,-0.211,0.011,1.136,-23.816,1.543,False,False,0.0,-1.367,0.047,nan,6.685,9.023,1.628,1.91,-0.356,0.0,0.0,0.0,0.0,0.0,0.0,0.4,0.0,0.0,0.0,0.0,0.0,0.0,3.906,
0,0,356.1253,0.0,0.0,,,,-0.126,4.344,-4.684,-0.324,9.232,-9.951,0.007,-0.206,0.015,0.978,0.011,-0.192,0.015,1.136,-23.816,1.543,False,False,0.0,-1.361,0.047,nan,0.0,9.159,1.63,1.882,-0.36,0.0,0.0,0.0,0.0,0.0,0.0,0.4,0.0,0.0,0.0,0.0,0.0,0.0,3.906,
0,0,356.1359,0.0,0.0,,,,-0.129,4.437,-4.784,-0.33,9.33,-10.056,0.007,-0.208,0.015,0.978,0.008,-0.171,0.012,1.138,-23.978,1.542,False,False,0.0,-1.356,0.047,nan,6.884,9.297,1.635,1.852,-0.358,0.0,0.0,0.0,0.0,0.0,0.0,0.4,0.0,0.0,0.0,0.0,0.0,0.0,3.906,
0,0,356.1468,0.0,0.0,,,,-0.132,4.53,-4.885,-0.337,9.428,-10.162,0.007,-0.208,0.015,0.978,0.01,-0.159,0.006,1.138,-23.978,1.542,False,False,0.0,-1.35,0.048,nan,7.087,9.577,1.631,1.798,-0.354,0.0,0.0,0.0,0.0,0.0,0.0,0.4,0.0,0.0,0.0,0.0,0.0,0.0,3.906,
0,0,356.1758,0.0,0.0,,,,0.0,0.0,0.0,0.0,0.0,0.0,0.0,0.0,0.0,1.0,0.013,-0.118,0.005,-0.0,-0.0,0.0,False,False,0.0,0.0,0.0,nan,2.1,0.911,0.114,0.18,-0.006,0.0,0.0,0.0,0.0,0.0,0.0,0.4,0.0,0.0,0.0,0.0,0.0,0.0,3.906,
0,0,356.2138,0.0,0.0,,,,-0.001,0.007,-0.008,-0.011,0.392,-0.422,0.0,-0.001,0.0,1.0,0.008,-0.043,0.001,0.0,-0.159,0.0,False,False,0.0,-0.187,0.004,nan,2.113,1.074,0.547,0.079,-0.003,0.0,0.0,0.0,0.0,0.0,0.0,0.4,0.0,0.0,0.0,0.0,0.0,0.0,3.906,
0,0,356.2219,0.0,0.0,,,,-0.001,0.012,-0.013,-0.013,0.49,-0.528,0.0,-0.003,0.0,1.0,0.009,-0.028,0.001,0.0,-0.317,0.0,False,False,0.0,-0.233,0.006,nan,2.119,1.118,0.645,0.053,-0.003,0.0,0.0,0.0,0.0,0.0,0.0,0.4,0.0,0.0,0.0,0.0,0.0,0.0,3.906,
0,0,356.2789,0.0,0.0,,,,-0.002,0.059,-0.063,-0.03,1.078,-1.162,0.0,-0.001,0.0,1.0,-0.001,0.088,-0.007,0.0,-0.159,0.0,False,False,0.0,-0.499,0.013,nan,2.163,1.357,1.004,-0.108,0.008,0.0,0.0,0.0,0.0,0.0,0.0,0.4,0.0,0.0,0.0,0.0,0.0,0.0,3.906,
0,0,356.3159,0.0,0.0,,,,-0.004,0.11,-0.118,-0.042,1.471,-1.586,0.0,0.0,-0.0,1.0,-0.008,0.162,-0.014,0.0,0.0,0.0,False,False,0.0,-0.664,0.018,nan,2.218,1.572,1.215,-0.245,0.018,0.0,0.0,0.0,0.0,0.0,0.0,0.4,0.0,0.0,0.0,0.0,0.0,0.0,3.906,
0,0,356.3268,0.0,0.0,,,,-0.004,0.125,-0.135,-0.045,1.569,-1.692,0.0,0.001,-0.0,1.0,-0.005,0.172,-0.015,0.0,0.159,0.0,False,False,0.0,-0.703,0.019,nan,2.235,1.628,1.251,-0.266,0.021,0.0,0.0,0.0,0.0,0.0,0.0,0.4,0.0,0.0,0.0,0.0,0.0,0.0,3.906,
0,0,356.3378,0.0,0.0,,,,-0.004,0.141,-0.152,-0.048,1.667,-1.797,0.0,0.001,-0.0,1.0,-0.004,0.197,-0.013,0.0,0.159,0.0,False,False,0.0,-0.741,0.02,nan,2.252,1.686,1.286,-0.315,0.02,0.0,0.0,0.0,0.0,0.0,0.0,0.4,0.0,0.0,0.0,0.0,0.0,0.0,3.906,
0,0,356.4078,0.0,0.0,,,,-0.008,0.282,-0.304,-0.069,2.354,-2.537,0.0,0.01,-0.001,1.0,-0.007,0.31,-0.023,0.002,1.11,-0.159,False,False,0.0,-0.98,0.028,nan,2.404,2.127,1.492,-0.564,0.045,0.0,0.0,0.0,0.0,0.0,0.0,0.4,0.0,0.0,0.0,0.0,0.0,0.0,3.906,
0,0,356.4489,0.0,0.0,,,,-0.011,0.384,-0.414,-0.081,2.747,-2.96,-0.0,0.017,-0.001,1.0,-0.014,0.379,-0.029,0.003,1.903,-0.159,False,False,0.0,-1.093,0.031,nan,2.514,2.406,1.579,-0.729,0.062,0.0,0.0,0.0,0.0,0.0,0.0,0.4,0.0,0.0,0.0,0.0,0.0,0.0,3.906,
0,0,356.5028,0.0,0.0,,,,-0.017,0.567,-0.611,-0.099,3.335,-3.595,-0.0,0.029,-0.003,1.0,-0.017,0.458,-0.037,0.009,3.33,-0.317,False,False,0.0,-1.231,0.036,nan,2.747,2.941,1.682,-0.995,0.097,0.0,0.0,0.0,0.0,0.0,0.0,0.4,0.0,0.0,0.0,0.0,0.0,0.0,3.906,
0,0,356.5128,0.0,0.0,,,,-0.018,0.6,-0.647,-0.102,3.434,-3.7,-0.001,0.03,-0.003,1.0,-0.02,0.475,-0.036,-0.149,3.489,-0.322,False,False,0.0,-1.25,0.037,nan,2.785,3.022,1.693,-1.032,0.1,0.0,0.0,0.0,0.0,0.0,0.0,0.4,0.0,0.0,0.0,0.0,0.0,0.0,3.906,
0,0,356.5228,0.0,0.0,,,,-0.019,0.635,-0.685,-0.105,3.532,-3.806,-0.001,0.033,-0.003,0.999,-0.02,0.486,-0.036,-0.148,3.806,-0.322,False,False,0.0,-1.269,0.037,nan,0.0,3.022,1.693,-1.032,0.1,0.0,0.0,0.0,0.0,0.0,0.0,0.4,0.0,0.0,0.0,0.0,0.0,0.0,3.906,
0,0,356.5687,0.0,0.0,,,,-0.023,0.784,-0.845,-0.118,3.924,-4.229,-0.001,0.043,-0.003,0.999,-0.024,0.534,-0.035,-0.145,4.917,-0.324,False,False,0.0,-1.333,0.039,nan,2.945,3.357,1.734,-1.184,0.116,0.0,0.0,0.0,0.0,0.0,0.0,0.4,0.0,0.0,0.0,0.0,0.0,0.0,3.906,
0,0,356.588,0.0,0.0,,,,-0.026,0.865,-0.932,-0.123,4.12,-4.441,-0.001,0.048,-0.004,0.999,-0.024,0.554,-0.042,-0.135,5.552,-0.483,False,False,0.0,-1.359,0.04,nan,3.032,3.531,1.748,-1.257,0.132,0.0,0.0,0.0,0.0,0.0,0.0,0.4,0.0,0.0,0.0,0.0,0.0,0.0,3.906,
0,0,356.6258,0.0,0.0,,,,-0.031,1.037,-1.118,-0.135,4.512,-4.864,-0.001,0.06,-0.004,0.998,-0.027,0.586,-0.045,-0.13,6.822,-0.484,False,False,0.0,-1.402,0.041,nan,3.267,3.984,1.787,-1.417,0.16,0.0,0.0,0.0,0.0,0.0,0.0,0.4,0.0,0.0,0.0,0.0,0.0,0.0,3.906,
0,0,356.6638,0.0,0.0,,,,-0.036,1.226,-1.321,-0.147,4.904,-5.287,-0.003,0.071,-0.006,0.997,-0.026,0.614,-0.045,-0.272,8.092,-0.655,False,False,0.0,-1.434,0.042,nan,3.475,4.363,1.793,-1.546,0.181,0.0,0.0,0.0,0.0,0.0,0.0,0.4,0.0,0.0,0.0,0.0,0.0,0.0,3.906,
0,0,356.6828,0.0,0.0,,,,-0.039,1.326,-1.429,-0.152,5.1,-5.499,-0.003,0.077,-0.006,0.997,-0.024,0.622,-0.047,-0.267,8.887,-0.657,False,False,0.0,-1.446,0.042,nan,3.585,4.559,1.806,-1.613,0.194,0.0,0.0,0.0,0.0,0.0,0.0,0.4,0.0,0.0,0.0,0.0,0.0,0.0,3.906,
0,0,356.7118,0.0,0.0,,,,-0.044,1.483,-1.599,-0.16,5.395,-5.817,-0.003,0.086,-0.007,0.996,-0.027,0.628,-0.047,-0.248,9.842,-0.817,False,False,0.0,-1.459,0.043,nan,3.699,4.757,1.809,-1.659,0.204,0.0,0.0,0.0,0.0,0.0,0.0,0.4,0.0,0.0,0.0,0.0,0.0,0.0,3.906,
0,0,356.7228,0.0,0.0,,,,-0.046,1.538,-1.658,-0.163,5.494,-5.923,-0.003,0.089,-0.007,0.996,-0.025,0.634,-0.047,-0.246,10.16,-0.818,False,False,0.0,-1.462,0.043,nan,0.0,4.858,1.808,-1.691,0.21,0.0,0.0,0.0,0.0,0.0,0.0,0.4,0.0,0.0,0.0,0.0,0.0,0.0,3.906,
0,0,356.7468,0.0,0.0,,,,-0.049,1.65,-1.778,-0.168,5.69,-6.135,-0.003,0.095,-0.007,0.995,-0.028,0.633,-0.049,-0.24,10.957,-0.82,False,False,0.0,-1.468,0.043,nan,3.878,5.062,1.818,-1.735,0.222,0.0,0.0,0.0,0.0,0.0,0.0,0.4,0.0,0.0,0.0,0.0,0.0,0.0,3.906,
0,0,356.7769,0.0,0.0,,,,-0.054,1.825,-1.967,-0.175,5.984,-6.453,-0.004,0.104,-0.008,0.995,-0.023,0.641,-0.049,-0.374,11.911,-0.996,False,False,0.0,-1.472,0.042,nan,4.067,5.373,1.813,-1.815,0.239,0.0,0.0,0.0,0.0,0.0,0.0,0.4,0.0,0.0,0.0,0.0,0.0,0.0,3.906,
0,0,356.7879,0.0,0.0,,,,-0.056,1.885,-2.032,-0.177,6.082,-6.559,-0.004,0.108,-0.008,0.994,-0.022,0.637,-0.048,-0.37,12.39,-0.997,False,False,0.0,-1.472,0.042,nan,4.132,5.479,1.814,-1.832,0.243,0.0,0.0,0.0,0.0,0.0,0.0,0.4,0.0,0.0,0.0,0.0,0.0,0.0,3.906,
0,0,356.8069,0.0,0.0,,,,-0.059,2.009,-2.165,-0.182,6.278,-6.771,-0.004,0.113,-0.008,0.993,-0.025,0.637,-0.042,-0.365,13.028,-0.999,False,False,0.0,-1.472,0.042,nan,4.265,5.692,1.82,-1.877,0.248,0.0,0.0,0.0,0.0,0.0,0.0,0.4,0.0,0.0,0.0,0.0,0.0,0.0,3.906,
0,0,356.9118,0.0,0.0,,,,-0.081,2.759,-2.974,-0.2,7.358,-7.938,-0.006,0.145,-0.011,0.989,-0.024,0.573,-0.044,-0.443,16.705,-1.347,False,False,0.0,-1.45,0.039,nan,5.154,7.032,1.814,-2.015,0.311,0.0,0.0,0.0,0.0,0.0,0.0,0.4,0.0,0.0,0.0,0.0,0.0,0.0,3.906,
0,0,356.9229,0.0,0.0,,,,-0.083,2.833,-3.054,-0.202,7.456,-8.044,-0.006,0.148,-0.011,0.989,-0.02,0.57,-0.047,-0.44,17.026,-1.349,False,False,0.0,-1.447,0.038,nan,5.235,7.148,1.811,-2.013,0.318,0.0,0.0,0.0,0.0,0.0,0.0,0.4,0.0,0.0,0.0,0.0,0.0,0.0,3.906,
0,0,356.9548,0.0,0.0,,,,-0.089,3.061,-3.3,-0.205,7.751,-8.362,-0.006,0.156,-0.011,0.988,-0.018,0.546,-0.044,-0.428,17.988,-1.352,False,False,0.0,-1.436,0.037,nan,5.4,7.384,1.805,-2.029,0.323,0.0,0.0,0.0,0.0,0.0,0.0,0.4,0.0,0.0,0.0,0.0,0.0,0.0,3.906,
0,0,356.9659,0.0,0.0,,,,-0.091,3.139,-3.385,-0.205,7.849,-8.468,-0.006,0.159,-0.012,0.987,-0.017,0.529,-0.04,-0.399,18.31,-1.51,False,False,0.0,-1.432,0.037,nan,5.57,7.622,1.802,-2.038,0.328,0.0,0.0,0.0,0.0,0.0,0.0,0.4,0.0,0.0,0.0,0.0,0.0,0.0,3.906,
0,0,357.0768,0.0,0.0,,,,-0.114,4.062,-4.38,-0.209,8.93,-9.636,-0.007,0.183,-0.014,0.983,-0.012,0.4,-0.029,-0.49,21.044,-1.704,False,False,0.0,-1.378,0.032,nan,6.48,8.872,1.775,-1.982,0.353,0.0,0.0,0.0,0.0,0.0,0.0,0.4,0.0,0.0,0.0,0.0,0.0,0.0,3.906,
0,0,357.0878,0.0,0.0,,,,-0.116,4.152,-4.477,-0.208,9.028,-9.742,-0.007,0.185,-0.014,0.983,-0.01,0.385,-0.029,-0.485,21.367,-1.705,False,False,0.0,-1.373,0.031,nan,6.577,9.003,1.779,-1.97,0.356,0.0,0.0,0.0,0.0,0.0,0.0,0.4,0.0,0.0,0.0,0.0,0.0,0.0,3.906,
0,0,357.1059,0.0,0.0,,,,-0.12,4.334,-4.674,-0.208,9.224,-9.954,-0.007,0.188,-0.014,0.982,-0.007,0.355,-0.023,-0.48,21.69,-1.707,False,False,0.0,-1.362,0.03,nan,6.874,9.402,1.766,-1.924,0.357,0.0,0.0,0.0,0.0,0.0,0.0,0.4,0.0,0.0,0.0,0.0,0.0,0.0,3.906,
0,0,357.1249,0.0,0.0,,,,-0.124,4.521,-4.875,-0.207,9.421,-10.166,-0.007,0.191,-0.014,0.981,-0.006,0.324,-0.024,-0.476,22.013,-1.708,False,False,0.0,-1.351,0.029,nan,0.0,9.537,1.767,-1.917,0.361,0.0,0.0,0.0,0.0,0.0,0.0,0.4,0.0,0.0,0.0,0.0,0.0,0.0,3.906,
0,0,357.149,0.0,0.0,,,,0.0,0.0,0.0,0.0,0.0,0.0,0.0,0.0,0.0,1.0,-0.008,0.29,-0.023,-0.0,-0.0,0.0,False,False,0.0,0.0,0.0,nan,2.1,0.873,0.012,-0.499,0.023,0.0,0.0,0.0,0.0,0.0,0.0,0.4,0.0,0.0,0.0,0.0,0.0,0.0,3.906,
0,0,357.2269,0.0,0.0,,,,-0.001,0.031,-0.033,-0.023,0.785,-0.845,-0.0,0.01,-0.001,1.0,0.003,0.154,-0.01,0.002,1.11,-0.159,False,False,0.0,-0.369,0.01,nan,2.133,1.21,0.806,-0.317,0.022,0.0,0.0,0.0,0.0,0.0,0.0,0.4,0.0,0.0,0.0,0.0,0.0,0.0,3.906,
0,0,357.254,0.0,0.0,,,,-0.002,0.059,-0.063,-0.031,1.079,-1.163,-0.0,0.011,-0.001,1.0,0.001,0.098,-0.003,0.002,1.269,-0.159,False,False,0.0,-0.499,0.014,nan,2.163,1.357,1.001,-0.237,0.02,0.0,0.0,0.0,0.0,0.0,0.0,0.4,0.0,0.0,0.0,0.0,0.0,0.0,3.906,
0,0,357.2839,0.0,0.0,,,,-0.003,0.096,-0.103,-0.039,1.373,-1.479,0.0,0.012,-0.001,1.0,0.007,0.045,-0.003,0.002,1.427,-0.159,False,False,0.0,-0.624,0.017,nan,2.218,1.571,1.191,-0.12,0.024,0.0,0.0,0.0,0.0,0.0,0.0,0.4,0.0,0.0,0.0,0.0,0.0,0.0,3.906,
0,0,357.4059,0.0,0.0,,,,-0.01,0.331,-0.357,-0.069,2.551,-2.747,0.0,0.01,-0.0,1.0,0.01,-0.173,0.016,0.0,1.11,0.0,False,False,0.0,-1.039,0.027,nan,2.485,2.336,1.516,0.291,0.002,0.0,0.0,0.0,0.0,0.0,0.0,0.4,0.0,0.0,0.0,0.0,0.0,0.0,3.906,
0,0,357.4638,0.0,0.0,,,,-0.014,0.502,-0.541,-0.082,3.14,-3.381,0.001,0.004,-0.0,1.0,0.014,-0.277,0.024,0.159,0.476,0.001,False,False,0.0,-1.19,0.03,nan,2.675,2.787,1.593,0.521,-0.016,0.0,0.0,0.0,0.0,0.0,0.0,0.4,0.0,0.0,0.0,0.0,0.0,0.0,3.906,
0,0,357.4839,0.0,0.0,,,,-0.016,0.567,-0.61,-0.087,3.337,-3.591,0.001,0.001,0.0,1.0,0.012,-0.311,0.024,0.159,0.159,0.0,False,False,0.0,-1.231,0.031,nan,2.747,2.947,1.614,0.588,-0.021,0.0,0.0,0.0,0.0,0.0,0.0,0.4,0.0,0.0,0.0,0.0,0.0,0.0,3.906,
0,0,357.5109,0.0,0.0,,,,-0.019,0.671,-0.723,-0.094,3.631,-3.908,0.001,-0.004,0.0,1.0,0.019,-0.353,0.027,0.159,-0.476,-0.001,False,False,0.0,-1.287,0.032,nan,2.823,3.113,1.624,0.669,-0.029,0.0,0.0,0.0,0.0,0.0,0.0,0.4,0.0,0.0,0.0,0.0,0.0,0.0,3.906,
0,0,357.5553,0.0,0.0,,,,-0.022,0.824,-0.888,-0.103,4.024,-4.33,0.001,-0.011,0.001,1.0,0.016,-0.412,0.029,0.16,-1.269,0.157,False,False,0.0,-1.347,0.034,nan,2.945,3.37,1.645,0.785,-0.04,0.0,0.0,0.0,0.0,0.0,0.0,0.4,0.0,0.0,0.0,0.0,0.0,0.0,3.906,
0,0,357.59,0.0,0.0,,,,-0.026,0.95,-1.022,-0.11,4.319,-4.646,0.001,-0.018,0.001,1.0,0.021,-0.451,0.036,0.161,-2.062,0.156,False,False,0.0,-1.384,0.034,nan,3.122,3.73,1.668,0.936,-0.061,0.0,0.0,0.0,0.0,0.0,0.0,0.4,0.0,0.0,0.0,0.0,0.0,0.0,3.906,
0,0,357.6149,0.0,0.0,,,,-0.029,1.084,-1.166,-0.117,4.613,-4.963,0.003,-0.025,0.001,1.0,0.021,-0.49,0.035,0.321,-2.855,0.151,False,False,0.0,-1.413,0.035,nan,3.266,4.013,1.677,1.051,-0.073,0.0,0.0,0.0,0.0,0.0,0.0,0.4,0.0,0.0,0.0,0.0,0.0,0.0,3.906,
0,0,357.653,0.0,0.0,,,,-0.034,1.276,-1.373,-0.127,5.005,-5.385,0.003,-0.035,0.003,0.999,0.018,-0.531,0.04,0.328,-3.966,0.306,False,False,0.0,-1.441,0.036,nan,3.528,4.506,1.687,1.245,-0.1,0.0,0.0,0.0,0.0,0.0,0.0,0.4,0.0,0.0,0.0,0.0,0.0,0.0,3.906,
0,0,357.6639,0.0,0.0,,,,-0.035,1.326,-1.428,-0.129,5.103,-5.49,0.003,-0.037,0.003,0.999,0.023,-0.546,0.038,0.329,-4.283,0.305,False,False,0.0,-1.447,0.036,nan,3.583,4.607,1.689,1.273,-0.102,0.0,0.0,0.0,0.0,0.0,0.0,0.4,0.0,0.0,0.0,0.0,0.0,0.0,3.906,
0,0,357.6909,0.0,0.0,,,,-0.039,1.484,-1.597,-0.136,5.398,-5.807,0.003,-0.046,0.004,0.999,0.019,-0.569,0.04,0.339,-5.236,0.461,False,False,0.0,-1.46,0.036,nan,3.697,4.814,1.697,1.345,-0.114,0.0,0.0,0.0,0.0,0.0,0.0,0.4,0.0,0.0,0.0,0.0,0.0,0.0,3.906,
0,0,357.7099,0.0,0.0,,,,-0.042,1.594,-1.715,-0.142,5.594,-6.018,0.003,-0.051,0.004,0.999,0.017,-0.584,0.041,0.341,-5.871,0.459,False,False,0.0,-1.467,0.037,nan,3.876,5.131,1.698,1.437,-0.129,0.0,0.0,0.0,0.0,0.0,0.0,0.4,0.0,0.0,0.0,0.0,0.0,0.0,3.906,
0,0,357.8038,0.0,0.0,,,,-0.056,2.137,-2.3,-0.168,6.477,-6.967,0.004,-0.077,0.006,0.997,0.015,-0.629,0.047,0.523,-8.892,0.595,False,False,0.0,-1.473,0.038,nan,4.4,6.016,1.705,1.686,-0.176,0.0,0.0,0.0,0.0,0.0,0.0,0.4,0.0,0.0,0.0,0.0,0.0,0.0,3.906,
0,0,357.891,0.0,0.0,,,,-0.072,2.76,-2.97,-0.198,7.36,-7.915,0.006,-0.105,0.008,0.994,0.015,-0.626,0.049,0.731,-12.08,0.879,False,False,0.0,-1.452,0.038,nan,5.07,7.072,1.697,1.884,-0.226,0.0,0.0,0.0,0.0,0.0,0.0,0.4,0.0,0.0,0.0,0.0,0.0,0.0,3.906,
0,0,357.9099,0.0,0.0,,,,-0.076,2.909,-3.13,-0.206,7.556,-8.126,0.006,-0.111,0.008,0.994,0.015,-0.62,0.047,0.736,-12.718,0.875,False,False,0.0,-1.445,0.039,nan,5.23,7.314,1.695,1.916,-0.234,0.0,0.0,0.0,0.0,0.0,0.0,0.4,0.0,0.0,0.0,0.0,0.0,0.0,3.906,
0,0,357.9669,0.0,0.0,,,,-0.087,3.299,-3.549,-0.226,8.047,-8.653,0.006,-0.126,0.01,0.992,0.014,-0.593,0.042,0.769,-14.476,1.021,False,False,0.0,-1.425,0.039,nan,5.649,7.932,1.689,1.979,-0.254,0.0,0.0,0.0,0.0,0.0,0.0,0.4,0.0,0.0,0.0,0.0,0.0,0.0,3.906,
0,0,357.986,0.0,0.0,,,,-0.091,3.462,-3.725,-0.235,8.243,-8.864,0.006,-0.131,0.01,0.991,0.012,-0.586,0.046,0.775,-15.116,1.017,False,False,0.0,-1.416,0.04,nan,5.914,8.311,1.691,2.008,-0.272,0.0,0.0,0.0,0.0,0.0,0.0,0.4,0.0,0.0,0.0,0.0,0.0,0.0,3.906,
0,0,358.0239,0.0,0.0,,,,-0.101,3.8,-4.088,-0.253,8.635,-9.286,0.006,-0.141,0.011,0.99,0.009,-0.551,0.038,0.807,-16.238,1.166,False,False,0.0,-1.396,0.04,nan,6.281,8.826,1.681,2.029,-0.282,0.0,0.0,0.0,0.0,0.0,0.0,0.4,0.0,0.0,0.0,0.0,0.0,0.0,3.906,
0,0,358.0319,0.0,0.0,,,,-0.104,3.887,-4.181,-0.258,8.734,-9.392,0.006,-0.144,0.011,0.99,0.008,-0.539,0.039,0.81,-16.558,1.164,False,False,0.0,-1.391,0.04,nan,6.375,8.957,1.678,2.036,-0.287,0.0,0.0,0.0,0.0,0.0,0.0,0.4,0.0,0.0,0.0,0.0,0.0,0.0,3.906,
0,0,358.1389,0.0,0.0,,,,-0.001,0.0,0.0,-0.003,0.098,-0.105,0.0,-0.003,0.0,1.0,0.006,-0.43,0.029,0.0,-0.317,0.0,False,False,0.0,-0.047,0.001,nan,2.1,0.911,0.12,0.75,-0.031,0.0,0.0,0.0,0.0,0.0,0.0,0.4,0.0,0.0,0.0,0.0,0.0,0.0,3.906,
0,0,358.1601,0.0,0.0,,,,-0.001,0.004,-0.004,-0.008,0.294,-0.317,0.0,-0.007,0.0,1.0,0.005,-0.393,0.028,0.0,-0.793,0.0,False,False,0.0,-0.14,0.003,nan,2.104,0.99,0.356,0.733,-0.033,0.0,0.0,0.0,0.0,0.0,0.0,0.4,0.0,0.0,0.0,0.0,0.0,0.0,3.906,
0,0,358.1789,0.0,0.0,,,,-0.001,0.012,-0.013,-0.013,0.49,-0.528,0.0,-0.01,0.001,1.0,0.003,-0.366,0.031,0.002,-1.11,0.159,False,False,0.0,-0.233,0.006,nan,2.113,1.074,0.556,0.722,-0.04,0.0,0.0,0.0,0.0,0.0,0.0,0.4,0.0,0.0,0.0,0.0,0.0,0.0,3.906,
0,0,358.2339,0.0,0.0,,,,-0.002,0.059,-0.063,-0.029,1.079,-1.163,0.0,-0.021,0.001,1.0,-0.001,-0.27,0.022,0.003,-2.379,0.159,False,False,0.0,-0.5,0.013,nan,2.176,1.408,1.061,0.633,-0.047,0.0,0.0,0.0,0.0,0.0,0.0,0.4,0.0,0.0,0.0,0.0,0.0,0.0,3.906,
0,0,358.311,0.0,0.0,,,,-0.005,0.177,-0.19,-0.051,1.865,-2.01,0.0,-0.029,0.003,1.0,-0.005,-0.134,0.007,0.009,-3.33,0.317,False,False,0.0,-0.815,0.022,nan,2.29,1.802,1.355,0.483,-0.045,0.0,0.0,0.0,0.0,0.0,0.0,0.4,0.0,0.0,0.0,0.0,0.0,0.0,3.906,
0,0,358.3439,0.0,0.0,,,,-0.007,0.237,-0.256,-0.06,2.16,-2.327,0.0,-0.03,0.003,1.0,-0.005,-0.079,0.006,0.01,-3.489,0.317,False,False,0.0,-0.917,0.025,nan,2.379,2.056,1.466,0.384,-0.049,0.0,0.0,0.0,0.0,0.0,0.0,0.4,0.0,0.0,0.0,0.0,0.0,0.0,3.906,
0,0,358.366,0.0,0.0,,,,-0.008,0.282,-0.304,-0.066,2.355,-2.539,-0.0,-0.032,0.003,0.999,-0.007,-0.042,0.001,0.01,-3.648,0.317,False,False,0.0,-0.98,0.027,nan,2.43,2.19,1.513,0.327,-0.046,0.0,0.0,0.0,0.0,0.0,0.0,0.4,0.0,0.0,0.0,0.0,0.0,0.0,3.906,
0,0,358.3739,0.0,0.0,,,,-0.009,0.306,-0.33,-0.069,2.453,-2.645,-0.0,-0.032,0.003,0.999,-0.005,-0.025,0.0,0.01,-3.648,0.317,False,False,0.0,-1.01,0.028,nan,2.457,2.259,1.528,0.305,-0.045,0.0,0.0,0.0,0.0,0.0,0.0,0.4,0.0,0.0,0.0,0.0,0.0,0.0,3.906,
0,0,358.5109,0.0,0.0,,,,-0.021,0.746,-0.804,-0.112,3.827,-4.128,-0.0,-0.025,0.001,1.0,-0.012,0.231,-0.016,0.004,-2.855,0.159,False,False,0.0,-1.318,0.038,nan,2.904,3.276,1.701,-0.151,-0.019,0.0,0.0,0.0,0.0,0.0,0.0,0.4,0.0,0.0,0.0,0.0,0.0,0.0,3.906,
0,0,358.5329,0.0,0.0,,,,-0.024,0.824,-0.889,-0.119,4.023,-4.34,-0.0,-0.022,0.001,1.0,-0.013,0.253,-0.026,0.004,-2.537,0.159,False,False,0.0,-1.346,0.039,nan,3.033,3.542,1.724,-0.243,-0.003,0.0,0.0,0.0,0.0,0.0,0.0,0.4,0.0,0.0,0.0,0.0,0.0,0.0,3.906,
0,0,358.555,0.0,0.0,,,,-0.026,0.907,-0.978,-0.125,4.219,-4.552,-0.001,-0.021,0.001,1.0,-0.012,0.289,-0.018,-0.155,-2.378,0.162,False,False,0.0,-1.371,0.04,nan,3.078,3.633,1.734,-0.291,-0.008,0.0,0.0,0.0,0.0,0.0,0.0,0.4,0.0,0.0,0.0,0.0,0.0,0.0,3.906,
0,0,358.574,0.0,0.0,,,,-0.029,0.993,-1.071,-0.132,4.415,-4.763,-0.001,-0.017,0.001,1.0,-0.011,0.328,-0.02,-0.156,-1.903,0.161,False,False,0.0,-1.393,0.041,nan,3.171,3.819,1.744,-0.379,-0.001,0.0,0.0,0.0,0.0,0.0,0.0,0.4,0.0,0.0,0.0,0.0,0.0,0.0,3.906,
0,0,358.631,0.0,0.0,,,,-0.037,1.276,-1.376,-0.151,5.004,-5.399,-0.001,-0.007,0.0,1.0,-0.015,0.413,-0.029,-0.159,-0.793,0.001,False,False,0.0,-1.44,0.043,nan,3.476,4.408,1.775,-0.596,0.026,0.0,0.0,0.0,0.0,0.0,0.0,0.4,0.0,0.0,0.0,0.0,0.0,0.0,3.906,
0,0,358.69,0.0,0.0,,,,-0.047,1.594,-1.719,-0.169,5.593,-6.035,-0.001,0.007,-0.0,1.0,-0.01,0.488,-0.039,-0.159,0.793,-0.001,False,False,0.0,-1.465,0.044,nan,3.819,5.042,1.788,-0.821,0.06,0.0,0.0,0.0,0.0,0.0,0.0,0.4,0.0,0.0,0.0,0.0,0.0,0.0,3.906,
0,0,358.7371,0.0,0.0,,,,-0.054,1.825,-1.969,-0.181,5.985,-6.459,-0.001,0.017,-0.001,1.0,-0.009,0.526,-0.038,-0.156,1.903,-0.161,False,False,0.0,-1.471,0.044,nan,4.069,5.488,1.791,-0.962,0.076,0.0,0.0,0.0,0.0,0.0,0.0,0.4,0.0,0.0,0.0,0.0,0.0,0.0,3.906,
0,0,358.796,0.0,0.0,,,,-0.065,2.202,-2.376,-0.198,6.574,-7.096,-0.001,0.033,-0.003,0.999,-0.01,0.578,-0.041,-0.148,3.806,-0.322,False,False,0.0,-1.469,0.044,nan,4.476,6.19,1.8,-1.175,0.108,0.0,0.0,0.0,0.0,0.0,0.0,0.4,0.0,0.0,0.0,0.0,0.0,0.0,3.906,
0,0,358.834,0.0,0.0,,,,-0.073,2.473,-2.668,-0.208,6.966,-7.519,-0.003,0.044,-0.003,0.999,-0.009,0.597,-0.042,-0.303,5.075,-0.331,False,False,0.0,-1.462,0.043,nan,4.768,6.677,1.797,-1.289,0.129,0.0,0.0,0.0,0.0,0.0,0.0,0.4,0.0,0.0,0.0,0.0,0.0,0.0,3.906,
0,0,358.8713,0.0,0.0,,,,-0.082,2.76,-2.977,-0.218,7.359,-7.943,-0.003,0.055,-0.004,0.998,-0.005,0.611,-0.045,-0.29,6.345,-0.493,False,False,0.0,-1.45,0.042,nan,5.157,7.307,1.802,-1.436,0.158,0.0,0.0,0.0,0.0,0.0,0.0,0.4,0.0,0.0,0.0,0.0,0.0,0.0,3.906,
0,0,358.993,0.0,0.0,,,,-0.109,3.713,-4.007,-0.242,8.534,-9.215,-0.003,0.091,-0.007,0.996,-0.009,0.605,-0.045,-0.243,10.479,-0.818,False,False,0.0,-1.398,0.039,nan,6.209,8.913,1.791,-1.672,0.221,0.0,0.0,0.0,0.0,0.0,0.0,0.4,0.0,0.0,0.0,0.0,0.0,0.0,3.906,
0,0,359.012,0.0,0.0,,,,-0.114,3.895,-4.203,-0.245,8.739,-9.438,-0.003,0.098,-0.007,0.995,-0.006,0.597,-0.046,-0.238,11.275,-0.82,False,False,0.0,-1.387,0.038,nan,6.398,9.189,1.793,-1.709,0.232,0.0,0.0,0.0,0.0,0.0,0.0,0.4,0.0,0.0,0.0,0.0,0.0,0.0,3.906,
0,0,359.051,0.0,0.0,,,,-0.124,4.252,-4.589,-0.25,9.136,-9.862,-0.003,0.109,-0.008,0.994,-0.01,0.574,-0.043,-0.211,12.551,-0.98,False,False,0.0,-1.366,0.037,nan,6.788,9.748,1.787,-1.761,0.248,0.0,0.0,0.0,0.0,0.0,0.0,0.4,0.0,0.0,0.0,0.0,0.0,0.0,3.906,
0,0,359.108,0.0,0.0,,,,-0.001,0.0,0.0,-0.004,0.098,-0.105,-0.0,0.003,-0.0,1.0,-0.007,0.54,-0.041,-0.0,0.317,-0.0,False,False,0.0,-0.047,0.001,nan,2.1,0.911,0.143,-0.939,0.042,0.0,0.0,0.0,0.0,0.0,0.0,0.4,0.0,0.0,0.0,0.0,0.0,0.0,3.906,
0,0,359.159,0.0,0.0,,,,-0.001,0.017,-0.019,-0.02,0.588,-0.633,-0.0,0.015,-0.001,1.0,-0.003,0.484,-0.038,0.002,1.744,-0.159,False,False,0.0,-0.278,0.009,nan,2.119,1.118,0.665,-0.934,0.054,0.0,0.0,0.0,0.0,0.0,0.0,0.4,0.0,0.0,0.0,0.0,0.0,0.0,3.906,
0,0,359.208,0.0,0.0,,,,-0.002,0.059,-0.063,-0.035,1.079,-1.162,-0.0,0.028,-0.001,1.0,0.001,0.423,-0.03,0.004,3.172,-0.159,False,False,0.0,-0.499,0.016,nan,2.163,1.355,1.002,-0.909,0.065,0.0,0.0,0.0,0.0,0.0,0.0,0.4,0.0,0.0,0.0,0.0,0.0,0.0,3.906,
0,0,359.235,0.0,0.0,,,,-0.004,0.096,-0.103,-0.044,1.373,-1.479,-0.0,0.033,-0.003,0.999,-0.007,0.381,-0.027,0.011,3.806,-0.317,False,False,0.0,-0.624,0.019,nan,2.203,1.513,1.174,-0.881,0.074,0.0,0.0,0.0,0.0,0.0,0.0,0.4,0.0,0.0,0.0,0.0,0.0,0.0,3.906,
0,0,359.2541,0.0,0.0,,,,-0.005,0.125,-0.135,-0.05,1.569,-1.69,-0.0,0.037,-0.003,0.999,-0.009,0.354,-0.026,0.012,4.282,-0.317,False,False,0.0,-0.703,0.022,nan,2.235,1.624,1.259,-0.853,0.081,0.0,0.0,0.0,0.0,0.0,0.0,0.4,0.0,0.0,0.0,0.0,0.0,0.0,3.906,
0,0,359.3109,0.0,0.0,,,,-0.008,0.237,-0.255,-0.067,2.158,-2.324,-0.0,0.047,-0.003,0.999,-0.009,0.262,-0.017,0.015,5.393,-0.317,False,False,0.0,-0.917,0.028,nan,2.355,1.987,1.451,-0.762,0.092,0.0,0.0,0.0,0.0,0.0,0.0,0.4,0.0,0.0,0.0,0.0,0.0,0.0,3.906,
0,0,359.381,0.0,0.0,,,,-0.013,0.384,-0.414,-0.083,2.745,-2.957,-0.001,0.053,-0.004,0.999,-0.004,0.169,-0.015,-0.133,6.028,-0.483,False,False,0.0,-1.092,0.033,nan,2.514,2.394,1.563,-0.644,0.107,0.0,0.0,0.0,0.0,0.0,0.0,0.4,0.0,0.0,0.0,0.0,0.0,0.0,3.906,
0,0,359.4101,0.0,0.0,,,,-0.015,0.471,-0.507,-0.091,3.042,-3.275,-0.001,0.055,-0.004,0.998,-0.002,0.109,-0.009,-0.132,6.345,-0.484,False,False,0.0,-1.167,0.034,nan,2.607,2.615,1.602,-0.562,0.105,0.0,0.0,0.0,0.0,0.0,0.0,0.4,0.0,0.0,0.0,0.0,0.0,0.0,3.906,
0,0,359.4181,0.0,0.0,,,,-0.016,0.502,-0.54,-0.094,3.14,-3.381,-0.001,0.055,-0.004,0.998,-0.003,0.099,-0.011,-0.132,6.345,-0.484,False,False,0.0,-1.19,0.035,nan,2.64,2.691,1.621,-0.546,0.109,0.0,0.0,0.0,0.0,0.0,0.0,0.4,0.0,0.0,0.0,0.0,0.0,0.0,3.906,
0,0,359.4291,0.0,0.0,,,,-0.017,0.534,-0.575,-0.096,3.238,-3.486,-0.001,0.057,-0.004,0.998,-0.006,0.077,-0.01,-0.131,6.504,-0.484,False,False,0.0,-1.211,0.035,nan,2.675,2.769,1.632,-0.518,0.109,0.0,0.0,0.0,0.0,0.0,0.0,0.4,0.0,0.0,0.0,0.0,0.0,0.0,3.906,
0,0,359.494,0.0,0.0,,,,-0.024,0.784,-0.845,-0.113,3.924,-4.226,-0.001,0.057,-0.004,0.998,0.003,-0.051,0.001,-0.131,6.504,-0.484,False,False,0.0,-1.333,0.038,nan,2.988,3.436,1.699,-0.267,0.102,0.0,0.0,0.0,0.0,0.0,0.0,0.4,0.0,0.0,0.0,0.0,0.0,0.0,3.906,
0,0,359.524,0.0,0.0,,,,-0.028,0.907,-0.976,-0.12,4.218,-4.543,-0.001,0.055,-0.004,0.998,0.003,-0.103,0.007,-0.132,6.345,-0.484,False,False,0.0,-1.372,0.038,nan,0.0,3.616,1.701,-0.212,0.095,0.0,0.0,0.0,0.0,0.0,0.0,0.4,0.0,0.0,0.0,0.0,0.0,0.0,3.906,
0,0,359.546,0.0,0.0,,,,-0.03,0.993,-1.069,-0.124,4.415,-4.754,-0.001,0.055,-0.004,0.998,-0.003,-0.133,0.008,-0.132,6.345,-0.484,False,False,0.0,-1.393,0.039,nan,3.217,3.897,1.725,-0.105,0.092,0.0,0.0,0.0,0.0,0.0,0.0,0.4,0.0,0.0,0.0,0.0,0.0,0.0,3.906,
0,0,359.633,0.0,0.0,,,,-0.042,1.43,-1.54,-0.143,5.298,-5.706,-0.001,0.046,-0.003,0.999,0.0,-0.29,0.015,-0.144,5.234,-0.324,False,False,0.0,-1.456,0.039,nan,3.698,4.808,1.77,0.226,0.07,0.0,0.0,0.0,0.0,0.0,0.0,0.4,0.0,0.0,0.0,0.0,0.0,0.0,3.906,
0,0,359.67,0.0,0.0,,,,-0.048,1.65,-1.777,-0.151,5.691,-6.128,-0.001,0.04,-0.003,0.999,0.005,-0.345,0.023,-0.146,4.599,-0.323,False,False,0.0,-1.468,0.038,nan,3.939,5.248,1.77,0.373,0.051,0.0,0.0,0.0,0.0,0.0,0.0,0.4,0.0,0.0,0.0,0.0,0.0,0.0,3.906,
0,0,359.7221,0.0,0.0,,,,-0.056,1.947,-2.096,-0.16,6.182,-6.657,-0.001,0.03,-0.003,1.0,0.002,-0.408,0.024,-0.149,3.489,-0.322,False,False,0.0,-1.474,0.038,nan,4.263,5.827,1.772,0.559,0.033,0.0,0.0,0.0,0.0,0.0,0.0,0.4,0.0,0.0,0.0,0.0,0.0,0.0,3.906,
0,0,359.7532,0.0,0.0,,,,-0.061,2.137,-2.301,-0.166,6.477,-6.975,-0.001,0.024,-0.001,1.0,0.003,-0.453,0.035,-0.155,2.696,-0.162,False,False,0.0,-1.472,0.037,nan,4.401,6.068,1.772,0.634,0.015,0.0,0.0,0.0,0.0,0.0,0.0,0.4,0.0,0.0,0.0,0.0,0.0,0.0,3.906,
0,0,359.7719,0.0,0.0,,,,-0.064,2.268,-2.442,-0.171,6.673,-7.187,-0.001,0.019,-0.001,1.0,0.006,-0.477,0.03,-0.155,2.22,-0.162,False,False,0.0,-1.469,0.037,nan,4.615,6.438,1.769,0.74,0.007,0.0,0.0,0.0,0.0,0.0,0.0,0.4,0.0,0.0,0.0,0.0,0.0,0.0,3.906,
0,0,359.8501,0.0,0.0,,,,-0.078,2.833,-3.051,-0.187,7.458,-8.034,-0.0,-0.001,-0.0,1.0,0.011,-0.552,0.04,-0.0,-0.159,0.0,False,False,0.0,-1.448,0.036,nan,5.151,7.344,1.762,0.983,-0.033,0.0,0.0,0.0,0.0,0.0,0.0,0.4,0.0,0.0,0.0,0.0,0.0,0.0,3.906,
0,0,359.9231,0.0,0.0,,,,-0.092,3.38,-3.64,-0.203,8.145,-8.776,-0.0,-0.021,0.001,1.0,0.007,-0.596,0.041,0.003,-2.379,0.159,False,False,0.0,-1.419,0.035,nan,5.828,8.442,1.766,1.238,-0.075,0.0,0.0,0.0,0.0,0.0,0.0,0.4,0.0,0.0,0.0,0.0,0.0,0.0,3.906,
0,0,359.9341,0.0,0.0,,,,-0.094,3.461,-3.728,-0.206,8.243,-8.882,0.0,-0.024,0.001,1.0,0.007,-0.6,0.041,0.004,-2.696,0.159,False,False,0.0,-1.415,0.035,nan,5.828,8.442,1.766,1.238,-0.075,0.0,0.0,0.0,0.0,0.0,0.0,0.4,0.0,0.0,0.0,0.0,0.0,0.0,3.906,
0,0,359.9671,0.0,0.0,,,,-0.1,3.713,-3.999,-0.214,8.537,-9.2,0.0,-0.033,0.001,0.999,0.014,-0.609,0.043,0.005,-3.806,0.158,False,False,0.0,-1.4,0.034,nan,6.099,8.869,1.751,1.323,-0.091,0.0,0.0,0.0,0.0,0.0,0.0,0.4,0.0,0.0,0.0,0.0,0.0,0.0,3.906,
0,0,360.024,0.0,0.0,,,,-0.114,4.243,-4.57,-0.23,9.125,-9.835,0.0,-0.051,0.003,0.999,0.011,-0.611,0.042,0.016,-5.87,0.317,False,False,0.0,-1.368,0.034,nan,6.769,9.893,1.748,1.488,-0.127,0.0,0.0,0.0,0.0,0.0,0.0,0.4,0.0,0.0,0.0,0.0,0.0,0.0,3.906,
0,0,360.0531,0.0,0.0,,,,0.0,0.0,0.0,0.0,0.0,0.0,0.0,0.0,0.0,1.0,0.011,-0.604,0.045,-0.0,-0.0,0.0,False,False,0.0,0.0,0.0,nan,2.1,0.911,0.118,1.055,-0.048,0.0,0.0,0.0,0.0,0.0,0.0,0.4,0.0,0.0,0.0,0.0,0.0,0.0,3.906,
0,0,360.072,0.0,0.0,,,,-0.001,0.001,-0.002,-0.005,0.196,-0.211,0.0,-0.006,0.0,1.0,0.013,-0.606,0.043,0.0,-0.634,0.0,False,False,0.0,-0.094,0.001,nan,2.104,0.99,0.341,1.102,-0.051,0.0,0.0,0.0,0.0,0.0,0.0,0.4,0.0,0.0,0.0,0.0,0.0,0.0,3.906,
0,0,360.109,0.0,0.0,,,,-0.001,0.017,-0.019,-0.013,0.589,-0.634,0.0,-0.018,0.001,1.0,0.012,-0.589,0.043,0.003,-2.062,0.159,False,False,0.0,-0.279,0.005,nan,2.125,1.163,0.712,1.159,-0.064,0.0,0.0,0.0,0.0,0.0,0.0,0.4,0.0,0.0,0.0,0.0,0.0,0.0,3.906,
0,0,360.1551,0.0,0.0,,,,-0.002,0.049,-0.052,-0.022,0.981,-1.057,0.0,-0.029,0.003,1.0,0.016,-0.558,0.037,0.009,-3.33,0.317,False,False,0.0,-0.456,0.009,nan,2.152,1.305,0.914,1.199,-0.07,0.0,0.0,0.0,0.0,0.0,0.0,0.4,0.0,0.0,0.0,0.0,0.0,0.0,3.906,
0,0,360.241,0.0,0.0,,,,-0.004,0.177,-0.19,-0.042,1.865,-2.009,0.001,-0.053,0.004,0.999,0.014,-0.474,0.034,0.183,-6.029,0.467,False,False,0.0,-0.815,0.018,nan,2.29,1.796,1.313,1.243,-0.107,0.0,0.0,0.0,0.0,0.0,0.0,0.4,0.0,0.0,0.0,0.0,0.0,0.0,3.906,
0,0,360.249,0.0,0.0,,,,-0.005,0.196,-0.211,-0.044,1.963,-2.115,0.001,-0.055,0.004,0.998,0.014,-0.463,0.031,0.185,-6.347,0.466,False,False,0.0,-0.85,0.018,nan,2.333,1.919,1.367,1.224,-0.113,0.0,0.0,0.0,0.0,0.0,0.0,0.4,0.0,0.0,0.0,0.0,0.0,0.0,3.906,
0,0,360.27,0.0,0.0,,,,-0.006,0.237,-0.256,-0.049,2.159,-2.327,0.001,-0.06,0.004,0.998,0.022,-0.442,0.035,0.187,-6.823,0.465,False,False,0.0,-0.917,0.02,nan,2.356,1.982,1.379,1.233,-0.121,0.0,0.0,0.0,0.0,0.0,0.0,0.4,0.0,0.0,0.0,0.0,0.0,0.0,3.906,
0,0,360.3321,0.0,0.0,,,,-0.009,0.384,-0.414,-0.065,2.748,-2.961,0.001,-0.071,0.006,0.997,0.023,-0.358,0.023,0.203,-8.095,0.622,False,False,0.0,-1.094,0.025,nan,2.514,2.385,1.493,1.179,-0.132,0.0,0.0,0.0,0.0,0.0,0.0,0.4,0.0,0.0,0.0,0.0,0.0,0.0,3.906,
0,0,360.3881,0.0,0.0,,,,-0.013,0.534,-0.575,-0.078,3.239,-3.489,0.003,-0.079,0.006,0.997,0.015,-0.283,0.02,0.366,-9.05,0.607,False,False,0.0,-1.211,0.029,nan,2.675,2.754,1.57,1.11,-0.145,0.0,0.0,0.0,0.0,0.0,0.0,0.4,0.0,0.0,0.0,0.0,0.0,0.0,3.906,
0,0,360.407,0.0,0.0,,,,-0.014,0.601,-0.647,-0.084,3.435,-3.701,0.003,-0.082,0.006,0.997,0.015,-0.248,0.018,0.368,-9.368,0.606,False,False,0.0,-1.251,0.03,nan,2.747,2.91,1.59,1.07,-0.148,0.0,0.0,0.0,0.0,0.0,0.0,0.4,0.0,0.0,0.0,0.0,0.0,0.0,3.906,
0,0,360.4151,0.0,0.0,,,,-0.015,0.636,-0.685,-0.087,3.533,-3.807,0.003,-0.083,0.006,0.997,0.016,-0.237,0.015,0.369,-9.527,0.606,False,False,0.0,-1.269,0.031,nan,2.785,2.99,1.597,1.06,-0.148,0.0,0.0,0.0,0.0,0.0,0.0,0.4,0.0,0.0,0.0,0.0,0.0,0.0,3.906,
0,0,360.4531,0.0,0.0,,,,-0.019,0.785,-0.846,-0.099,3.926,-4.23,0.003,-0.087,0.007,0.996,0.011,-0.165,0.009,0.385,-10.005,0.762,False,False,0.0,-1.333,0.033,nan,2.989,3.409,1.647,0.933,-0.151,0.0,0.0,0.0,0.0,0.0,0.0,0.4,0.0,0.0,0.0,0.0,0.0,0.0,3.906,
0,0,360.471,0.0,0.0,,,,-0.021,0.865,-0.932,-0.106,4.122,-4.441,0.003,-0.089,0.007,0.996,0.007,-0.133,0.007,0.386,-10.165,0.762,False,False,0.0,-1.36,0.034,nan,3.032,3.497,1.655,0.923,-0.15,0.0,0.0,0.0,0.0,0.0,0.0,0.4,0.0,0.0,0.0,0.0,0.0,0.0,3.906,
0,0,360.6111,0.0,0.0,,,,-0.039,1.539,-1.658,-0.154,5.496,-5.918,0.004,-0.089,0.007,0.996,0.013,0.118,-0.011,0.544,-10.166,0.748,False,False,0.0,-1.463,0.04,nan,3.817,4.976,1.708,0.474,-0.133,0.0,0.0,0.0,0.0,0.0,0.0,0.4,0.0,0.0,0.0,0.0,0.0,0.0,3.906,
0,0,360.649,0.0,0.0,,,,-0.045,1.766,-1.903,-0.169,5.888,-6.34,0.004,-0.086,0.006,0.996,0.007,0.184,-0.018,0.528,-9.846,0.591,False,False,0.0,-1.472,0.042,nan,4.003,5.31,1.713,0.365,-0.122,0.0,0.0,0.0,0.0,0.0,0.0,0.4,0.0,0.0,0.0,0.0,0.0,0.0,3.906,
0,0,360.7441,0.0,0.0,,,,-0.062,2.336,-2.516,-0.204,6.772,-7.289,0.004,-0.073,0.006,0.997,-0.009,0.328,-0.026,0.521,-8.415,0.598,False,False,0.0,-1.467,0.044,nan,4.69,6.517,1.753,0.0,-0.09,0.0,0.0,0.0,0.0,0.0,0.0,0.4,0.0,0.0,0.0,0.0,0.0,0.0,3.906,
0,0,360.7661,0.0,0.0,,,,-0.066,2.474,-2.664,-0.213,6.968,-7.5,0.004,-0.071,0.006,0.997,-0.006,0.355,-0.029,0.519,-8.097,0.599,False,False,0.0,-1.463,0.044,nan,4.84,6.776,1.756,-0.083,-0.081,0.0,0.0,0.0,0.0,0.0,0.0,0.4,0.0,0.0,0.0,0.0,0.0,0.0,3.906,
0,0,360.8311,0.0,0.0,,,,-0.082,2.985,-3.215,-0.241,7.654,-8.238,0.004,-0.055,0.004,0.998,-0.005,0.447,-0.033,0.501,-6.348,0.449,False,False,0.0,-1.441,0.045,nan,5.315,7.585,1.756,-0.296,-0.056,0.0,0.0,0.0,0.0,0.0,0.0,0.4,0.0,0.0,0.0,0.0,0.0,0.0,3.906,
0,0,360.8501,0.0,0.0,,,,-0.087,3.14,-3.382,-0.248,7.85,-8.449,0.004,-0.051,0.004,0.999,-0.014,0.475,-0.034,0.499,-5.872,0.451,False,False,0.0,-1.433,0.045,nan,5.482,7.866,1.774,-0.378,-0.046,0.0,0.0,0.0,0.0,0.0,0.0,0.4,0.0,0.0,0.0,0.0,0.0,0.0,3.906,

0,0,,6,,[2.5 5. ],[0.5 1.5],[0.27 6.06 0.  ],,,,1.5,0.0,2.6,,,,,,,,,,,56.82,[    0.18 -2070.37 -2070.37],,,,,,,,,,,,,,,,,,,,,,,,Rollout Completed: Falling Drone
0,0,2.089,0.0,0.0,,,,0.59,-0.0,1.409,1.505,-0.0,2.594,0.0,-0.005,0.0,1.0,0.0,0.011,0.0,0.0,-0.531,-0.0,True,,0.261,-0.0,-2.271,3.832,0.673,0.0,0.0,-6058.146,0.0,,,,,,,,,,,,,,,Flip Data
0,0,0.0,,,,,,0.0,0.0,0.0,0.0,0.0,0.0,0.0,0.0,0.0,0.0,0.0,0.0,0.0,0.0,0.0,0.0,False,False,0,0,0,0,0,0.0,0.0,0.0,0.0,,,,,,,,,,,,,,,Impact Data