k_ep,k_run,t,Policy_Trigger,Policy_Action,mu,sigma,policy,x,y,z,vx,vy,vz,qx,qy,qz,qw,wx,wy,wz,eul_x,eul_y,eul_z,flip_flag,impact_flag,Tau_est,Theta_y_est,Theta_x_est,Tau,Theta_y_est,Theta_x_est,D_ceil,F_thrust,Mx,My,Mz,M1_thrust,M2_thrust,M3_thrust,M4_thrust,M1_pwm,M2_pwm,M3_pwm,M4_pwm,x_d.x,x_d.y,x_d.z,v_d.x,v_d.y,v_d.z,a_d.x,a_d.y,a_d.z,Volts,Error
0,0,227.287,-1.366,0.000,--,--,--,1.906,-0.005,0.451,0.132,-0.049,0.157,-0.001,0.011,-0.024,1.000,-0.230,-0.070,-0.027,-0.129,1.266,-2.698,False,False,0.000,0.000,0.000,13.509,0.027,-0.082,1.626,0.541,0.317,-0.330,0.168,14.701,12.796,13.686,12.814,63894,59804,61764,59844,1.882,0.000,0.464,0.000,0.000,0.328,0.000,0.000,3.500,3.500,--
0,0,227.316,-1.366,0.000,--,--,--,1.910,-0.006,0.457,0.138,-0.048,0.277,-0.004,0.010,-0.025,1.000,-0.160,-0.210,-0.060,-0.448,1.099,-2.859,False,False,0.000,0.000,0.000,6.882,0.028,-0.085,1.622,0.540,0.367,-0.183,0.203,14.771,12.805,13.908,12.515,63918,59712,62122,59056,1.882,0.000,0.471,0.000,0.000,0.398,0.000,0.000,3.500,3.500,--
0,0,227.346,-1.366,0.000,--,--,--,1.914,-0.006,0.467,0.147,-0.052,0.405,-0.006,0.007,-0.025,1.000,-0.090,-0.280,-0.021,-0.615,0.778,-2.859,False,False,0.000,0.000,0.000,4.478,0.029,-0.090,1.619,0.538,0.306,-0.174,0.165,14.664,12.738,14.006,12.591,63480,59976,61902,59506,1.882,0.000,0.479,0.000,0.000,0.461,0.000,0.000,3.500,3.500,--
0,0,227.366,-1.366,0.000,--,--,--,1.916,-0.006,0.476,0.150,-0.052,0.494,-0.007,0.006,-0.025,1.000,-0.070,-0.290,-0.029,-0.778,0.615,-2.859,False,False,0.000,0.000,0.000,3.574,0.031,-0.093,1.608,0.532,0.223,-0.136,0.176,14.473,12.785,13.955,12.578,63260,59684,62086,59372,1.882,0.000,0.489,0.000,0.000,0.531,0.000,0.000,3.500,3.500,--
0,0,227.377,-1.366,0.000,--,--,--,1.918,-0.007,0.481,0.152,-0.053,0.544,-0.007,0.004,-0.025,1.000,-0.090,-0.350,-0.034,-0.782,0.456,-2.858,False,False,0.000,0.000,0.000,3.242,0.031,-0.095,1.598,0.523,0.267,-0.248,0.182,14.503,12.610,13.695,12.578,63016,58946,61326,58874,1.882,0.000,0.500,0.000,0.000,0.602,0.000,0.000,3.500,3.500,--
0,0,227.398,-1.366,0.000,--,--,--,1.920,-0.007,0.492,0.153,-0.051,0.643,-0.008,0.001,-0.026,1.000,-0.120,-0.260,0.000,-0.948,0.134,-3.014,False,False,0.000,0.000,0.000,2.685,0.031,-0.097,1.587,0.514,0.373,-0.273,0.147,14.062,12.533,13.145,12.324,62468,58896,60308,58538,1.882,0.000,0.513,0.000,0.000,0.672,0.000,0.000,3.500,3.500,--
0,0,227.417,-1.366,0.000,--,--,--,1.923,-0.007,0.505,0.153,-0.049,0.738,-0.010,-0.001,-0.026,1.000,-0.150,-0.180,-0.003,-1.115,-0.188,-3.011,False,False,0.000,0.000,0.000,2.132,0.030,-0.098,1.574,0.508,0.446,-0.239,0.151,13.922,12.400,12.794,12.151,61738,58232,59448,57492,1.882,0.000,0.527,0.000,0.000,0.742,0.000,0.000,3.500,3.500,--
0,0,227.427,-1.366,0.000,--,--,--,1.924,-0.007,0.512,0.148,-0.045,0.782,-0.010,-0.001,-0.026,1.000,-0.180,-0.220,-0.022,-1.115,-0.188,-3.011,False,False,0.000,0.000,0.000,2.132,0.030,-0.098,1.559,0.498,0.501,-0.245,0.169,13.867,12.120,12.567,11.808,60818,56972,58330,56046,1.882,0.000,0.543,0.000,0.000,0.812,0.000,0.000,3.500,3.500,--
0,0,227.455,-1.366,0.000,--,--,--,1.928,-0.008,0.537,0.142,-0.043,0.924,-0.012,-0.004,-0.026,1.000,-0.180,-0.190,-0.010,-1.441,-0.514,-3.007,False,False,0.000,0.000,0.000,1.768,0.027,-0.094,1.542,0.490,0.546,-0.237,0.158,13.636,11.948,12.496,11.443,60036,56390,57404,55270,1.882,0.000,0.560,0.000,0.000,0.882,0.000,0.000,3.500,3.500,--
0,0,227.482,-1.366,0.000,--,--,--,1.931,-0.008,0.566,0.134,-0.034,1.051,-0.015,-0.008,-0.026,1.000,-0.130,-0.220,-0.006,-1.771,-0.998,-2.998,False,False,0.000,0.000,0.000,1.509,0.023,-0.090,1.523,0.485,0.437,-0.208,0.153,13.753,11.909,12.712,11.326,59058,55590,56890,54758,1.882,0.000,0.570,0.000,0.000,0.924,0.000,0.000,3.500,3.500,--
0,0,227.492,-1.366,0.000,--,--,--,1.933,-0.008,0.576,0.131,-0.031,1.090,-0.015,-0.008,-0.028,0.999,-0.160,-0.250,-0.002,-1.773,-1.001,-3.157,False,False,0.000,0.000,0.000,1.441,0.021,-0.089,1.513,0.483,0.511,-0.159,0.150,13.458,11.970,12.407,11.417,58966,55726,56704,54446,1.882,0.000,0.590,0.000,0.000,0.994,0.000,0.000,3.500,3.500,--
0,0,227.519,-1.366,0.000,--,--,--,1.935,-0.007,0.610,0.121,-0.018,1.201,-0.018,-0.011,-0.028,0.999,-0.070,-0.240,-0.024,-2.099,-1.327,-3.148,False,False,0.000,0.000,0.000,1.272,0.013,-0.084,1.481,0.478,0.412,-0.133,0.171,13.143,11.689,12.269,11.515,57988,54464,56168,53448,1.882,0.000,0.632,0.000,0.000,1.134,0.000,0.000,3.500,3.500,--
0,0,227.538,-1.366,0.000,--,--,--,1.937,-0.006,0.634,0.109,-0.010,1.270,-0.018,-0.014,-0.028,0.999,0.000,-0.090,0.017,-2.108,-1.644,-3.142,False,False,0.000,0.000,0.000,1.178,0.009,-0.079,1.445,0.476,0.400,-0.180,0.128,13.189,11.383,12.237,11.247,57532,54592,55570,53798,1.882,0.000,0.641,0.000,0.000,1.162,0.000,0.000,3.500,3.500,--
0,0,227.558,-1.366,0.000,--,--,--,1.939,-0.006,0.660,0.101,-0.001,1.335,-0.018,-0.015,-0.028,0.999,-0.010,-0.020,0.002,-2.112,-1.803,-3.139,False,False,0.000,0.000,0.000,1.098,0.002,-0.074,1.433,0.476,0.360,-0.437,0.143,13.259,11.704,12.218,11.561,57944,53864,55262,54140,1.882,0.000,0.680,0.000,0.000,1.274,0.000,0.000,3.500,3.500,--
0,0,227.581,-1.366,0.000,--,--,--,1.939,-0.004,0.686,0.089,0.007,1.392,-0.019,-0.015,-0.028,0.999,0.040,-0.100,-0.009,-2.271,-1.808,-3.137,False,False,0.000,0.000,0.000,1.030,-0.003,-0.070,1.406,0.479,0.310,-0.252,0.156,13.259,11.704,12.218,11.561,57832,54152,55954,53940,1.882,0.000,0.680,0.000,0.000,1.274,0.000,0.000,3.500,3.500,--
0,0,227.601,-1.366,0.000,--,--,--,1.941,-0.004,0.715,0.081,0.013,1.445,-0.018,-0.017,-0.028,0.999,0.080,-0.100,0.002,-2.116,-1.962,-3.137,False,False,0.000,0.000,0.000,0.971,-0.009,-0.061,1.379,0.483,0.256,-0.227,0.144,13.069,11.641,12.323,11.710,58128,54754,56510,54648,1.882,0.000,0.734,0.000,0.000,1.414,0.000,0.000,3.500,3.500,--
0,0,227.621,-1.366,0.000,--,--,--,1.941,-0.002,0.744,0.067,0.028,1.497,-0.018,-0.018,-0.028,0.999,0.130,-0.080,0.011,-2.121,-2.121,-3.134,False,False,0.000,0.000,0.000,0.918,-0.017,-0.055,1.350,0.489,0.214,-0.212,0.134,13.351,11.909,12.683,11.903,58638,55486,57210,55472,1.882,0.000,0.748,0.000,0.000,1.449,0.000,0.000,3.500,3.500,--
0,0,227.641,-1.366,0.000,--,--,--,1.941,0.000,0.774,0.055,0.037,1.554,-0.017,-0.018,-0.028,0.999,0.110,0.020,-0.032,-1.962,-2.116,-3.137,False,False,0.000,0.000,0.000,0.865,-0.026,-0.048,1.320,0.492,0.258,-0.341,0.176,13.538,12.241,12.599,12.051,59792,55438,57802,55734,1.882,0.000,0.793,0.000,0.000,1.554,0.000,0.000,3.500,3.500,--
0,0,227.661,-1.366,0.000,--,--,--,1.942,0.001,0.806,0.042,0.043,1.608,-0.017,-0.019,-0.028,0.999,0.090,0.010,-0.033,-1.966,-2.275,-3.134,False,False,0.000,0.000,0.000,0.814,-0.033,-0.037,1.289,0.497,0.301,-0.282,0.178,13.489,12.164,12.646,11.904,60450,56282,58508,56210,1.882,0.000,0.822,0.000,0.000,1.617,0.000,0.000,3.500,3.500,--
0,0,227.680,-1.366,0.000,--,--,--,1.942,0.003,0.839,0.024,0.053,1.668,-0.015,-0.019,-0.028,0.999,0.100,0.020,0.023,-1.808,-2.271,-3.137,False,False,0.000,0.000,0.000,0.767,-0.038,-0.028,1.273,0.498,0.356,-0.112,0.122,13.288,12.309,12.853,12.072,59870,57308,58296,56436,1.882,0.000,0.855,0.000,0.000,1.687,0.000,0.000,3.500,3.500,--
0,0,227.699,-1.366,0.000,--,--,--,1.941,0.005,0.873,0.015,0.055,1.726,-0.014,-0.021,-0.028,0.999,0.140,0.000,-0.009,-1.653,-2.425,-3.138,False,False,0.000,0.000,0.000,0.721,-0.045,-0.019,1.206,0.503,0.267,-0.083,0.156,13.785,12.278,13.127,12.158,61010,57892,59832,57224,1.882,0.000,0.876,0.000,0.000,1.729,0.000,0.000,3.500,3.500,--
0,0,227.717,-1.366,0.000,--,--,--,1.940,0.008,0.909,-0.006,0.064,1.788,-0.014,-0.021,-0.028,0.999,0.120,0.040,0.007,-1.653,-2.425,-3.138,False,False,0.000,0.000,0.000,0.675,-0.052,-0.002,1.170,0.508,0.248,-0.285,0.140,13.736,12.246,12.907,12.277,61554,58046,59768,58178,1.882,0.000,0.925,0.000,0.000,1.827,0.000,0.000,3.500,3.500,--
0,0,227.737,-1.366,0.000,--,--,--,1.939,0.010,0.945,-0.018,0.065,1.845,-0.012,-0.021,-0.028,0.999,0.100,0.130,-0.012,-1.494,-2.421,-3.141,False,False,0.000,0.000,0.000,0.634,-0.054,0.007,1.134,0.512,0.269,-0.252,0.161,14.133,12.402,13.316,12.374,62020,58258,60286,58194,1.882,0.000,0.966,0.000,0.000,1.904,0.000,0.000,3.500,3.500,--
0,0,227.767,-1.366,0.000,--,--,--,1.937,0.013,1.005,-0.040,0.074,1.938,-0.010,-0.019,-0.028,0.999,0.110,0.210,0.027,-1.173,-2.253,-3.149,False,False,0.000,0.000,0.000,0.554,-0.069,0.036,1.096,0.512,0.286,-0.374,0.124,14.503,12.879,13.566,13.050,62524,58988,60290,59300,1.882,0.000,1.001,0.000,0.000,1.966,0.000,0.000,3.500,3.500,--
0,0,227.767,-1.366,0.000,--,--,--,1.937,0.013,1.005,-0.040,0.074,1.938,-0.010,-0.019,-0.028,0.999,0.110,0.210,0.006,-1.173,-2.253,-3.149,False,False,0.000,0.000,0.000,0.554,-0.069,0.036,1.074,0.541,0.288,-0.324,0.146,14.585,12.867,13.625,12.921,63538,59852,61516,59974,1.882,0.000,1.021,0.000,0.000,2.001,0.000,0.000,3.500,3.500,--
0,0,227.798,-1.366,0.000,--,--,--,1.934,0.017,1.064,-0.066,0.083,2.037,-0.008,-0.017,-0.028,0.999,0.160,0.240,0.000,-1.005,-1.931,-3.155,False,False,0.000,0.000,0.000,0.516,-0.080,0.058,1.035,0.515,0.261,-0.355,0.153,14.058,12.740,13.109,12.697,63210,59202,61132,59538,1.882,0.000,1.087,0.000,0.000,2.113,0.000,0.000,3.500,3.500,--
0,0,227.819,-1.366,0.000,--,--,--,1.932,0.020,1.106,-0.079,0.087,2.107,-0.007,-0.015,-0.028,0.999,0.270,0.260,-0.001,-0.842,-1.768,-3.159,False,False,0.000,0.000,0.000,0.479,-0.090,0.075,0.994,0.516,0.082,-0.366,0.158,13.929,12.477,13.490,12.761,63010,58856,61502,59876,1.882,0.000,1.130,0.000,0.000,2.183,0.000,0.000,3.500,3.500,--
0,0,227.838,-1.366,0.000,--,--,--,1.929,0.023,1.149,-0.094,0.091,2.177,-0.004,-0.014,-0.028,1.000,0.310,0.210,0.060,-0.520,-1.601,-3.165,False,False,0.000,0.000,0.000,0.443,-0.098,0.093,0.907,0.525,-0.063,-0.161,0.099,14.080,12.864,13.807,13.247,62536,60172,62204,60956,1.882,0.000,1.170,0.000,0.000,2.246,0.000,0.000,3.500,3.500,--
0,0,227.866,-1.366,0.000,--,--,--,1.925,0.027,1.217,-0.109,0.093,2.281,0.000,-0.012,-0.026,1.000,0.310,0.210,0.040,-0.038,-1.429,-3.013,False,False,0.000,0.000,0.000,0.394,-0.106,0.116,0.885,0.519,-0.009,-0.206,0.118,13.871,12.574,13.561,12.911,62390,59522,61722,60286,1.882,0.000,1.220,0.000,0.000,2.323,0.000,0.000,3.500,3.500,--
0,0,227.876,-1.366,0.000,--,--,--,1.924,0.029,1.240,-0.113,0.094,2.315,0.001,-0.011,-0.026,1.000,0.250,0.310,0.035,0.125,-1.266,-3.015,False,False,0.000,0.000,0.000,0.377,-0.112,0.128,0.839,0.521,-0.069,-0.443,0.121,14.083,12.385,13.497,13.186,62958,59198,61698,61014,1.882,0.000,1.267,0.000,0.000,2.393,0.000,0.000,3.500,3.500,--
0,0,227.905,-1.366,0.000,--,--,--,1.919,0.033,1.312,-0.122,0.089,2.416,0.006,-0.007,-0.026,1.000,0.300,0.390,0.058,0.614,-0.777,-3.017,False,False,0.000,0.000,0.000,0.332,-0.121,0.153,0.791,0.522,-0.026,-0.507,0.098,14.106,12.499,13.352,13.333,63126,59572,61496,61452,1.882,0.000,1.316,0.000,0.000,2.463,0.000,0.000,3.500,3.500,--
0,0,227.924,-1.365,0.000,--,--,--,1.916,0.035,1.361,-0.130,0.087,2.485,0.008,-0.003,-0.025,1.000,0.140,0.430,0.048,0.944,-0.294,-2.857,False,False,0.000,0.000,0.000,0.303,-0.122,0.173,0.743,0.379,0.417,-0.506,0.112,10.847,9.129,9.400,9.267,55460,50782,51564,51180,1.882,0.000,1.366,0.000,0.000,2.500,0.000,0.000,0.000,3.500,--
0,0,227.943,-0.992,0.000,--,--,--,1.913,0.038,1.412,-0.134,0.081,2.544,0.010,0.000,-0.025,1.000,0.220,0.410,0.054,1.111,0.028,-2.854,False,False,0.000,0.000,0.000,0.262,-0.123,0.200,0.667,0.363,0.299,-0.462,0.107,11.032,9.439,9.733,9.720,49874,45662,46812,46366,1.882,0.000,1.411,0.000,0.000,2.500,0.000,0.000,0.000,3.500,--
0,0,227.966,-0.415,0.000,--,--,--,1.910,0.040,1.464,-0.136,0.075,2.595,0.012,0.004,-0.025,1.000,0.270,0.350,0.020,1.440,0.512,-2.848,False,False,0.000,0.000,0.000,0.249,-0.125,0.213,0.641,0.338,0.235,-0.357,0.143,9.673,7.930,8.745,8.119,47374,42602,44934,43162,1.882,0.000,1.466,0.000,0.000,2.500,0.000,0.000,0.000,3.500,--
0,0,227.976,-0.263,0.000,--,--,--,1.908,0.041,1.490,-0.136,0.074,2.613,0.014,0.006,-0.025,1.000,0.360,0.230,0.069,1.603,0.674,-2.845,False,False,0.000,0.000,0.000,0.225,-0.125,0.229,0.615,0.330,0.102,-0.272,0.095,9.634,8.287,9.427,8.728,43930,40662,42402,41408,1.882,0.000,1.511,0.000,0.000,2.500,0.000,0.000,0.000,3.500,--
0,0,227.997,-1.366,0.000,--,--,--,1.906,0.043,1.543,-0.130,0.066,2.634,0.018,0.008,-0.024,1.000,0.400,0.240,0.043,2.086,1.001,-2.678,False,False,0.000,0.000,0.000,0.214,-0.126,0.237,0.509,0.322,-0.147,-0.251,0.120,8.730,7.561,8.425,7.875,42196,38378,41772,40170,1.882,0.000,1.541,0.000,0.000,2.500,0.000,0.000,0.000,3.500,--
0,0,228.017,-1.366,0.000,--,--,--,1.903,0.045,1.597,-0.125,0.059,2.640,0.022,0.011,-0.024,0.999,0.550,0.310,0.053,2.569,1.329,-2.667,False,False,0.000,0.000,0.000,0.182,-0.125,0.256,0.455,0.319,-0.341,-0.408,0.106,9.084,7.526,8.938,8.752,41590,37304,41318,40674,1.882,0.000,1.611,0.000,0.000,2.500,0.000,0.000,0.000,3.500,--
0,0,228.037,-1.366,0.000,--,--,--,1.901,0.047,1.650,-0.117,0.050,2.628,0.028,0.014,-0.024,0.999,0.570,0.320,0.132,3.211,1.661,-2.651,False,False,0.000,0.000,0.000,0.172,-0.123,0.261,0.455,0.314,-0.414,-0.397,0.026,9.165,7.604,9.098,9.048,40124,37698,40194,41260,1.882,0.000,1.666,0.000,0.000,2.500,0.000,0.000,0.000,3.500,--
0,0,228.057,-1.366,0.000,--,--,--,1.899,0.048,1.687,-0.114,0.044,2.636,0.032,0.015,-0.024,0.999,0.580,0.250,0.082,3.691,1.831,-2.639,False,False,0.000,0.000,0.000,0.150,-0.112,0.286,0.365,0.337,-0.460,-0.399,0.070,8.551,7.314,8.633,8.670,42268,38992,42506,42610,1.882,0.000,1.711,0.000,0.000,2.500,0.000,0.000,0.000,3.500,--
0,0,228.078,-1.366,0.000,--,--,--,1.897,0.049,1.751,-0.109,0.026,2.615,0.037,0.018,-0.022,0.999,0.490,0.250,0.111,4.330,2.156,-2.458,False,False,0.000,0.000,0.000,0.139,-0.094,0.302,0.365,0.318,-0.442,-0.336,0.042,8.497,7.271,8.491,8.594,40586,38090,41034,41502,1.882,0.000,1.766,0.000,0.000,2.500,0.000,0.000,0.000,3.500,--
0,0,228.098,-1.366,0.000,--,--,--,1.895,0.050,1.806,-0.100,0.013,2.592,0.042,0.022,-0.022,0.999,0.390,0.320,0.096,4.817,2.642,-2.429,False,False,0.000,0.000,0.000,0.115,-0.063,0.349,0.246,0.329,-0.379,-0.548,0.047,8.492,7.218,8.262,8.706,42004,38566,41310,42528,1.882,0.000,1.811,0.000,0.000,2.500,0.000,0.000,0.000,3.500,--
0,0,228.118,-1.366,0.000,--,--,--,1.893,0.051,1.860,-0.088,0.001,2.560,0.046,0.025,-0.021,0.998,0.280,0.360,0.075,5.295,2.962,-2.245,False,False,0.000,0.000,0.000,0.095,-0.028,0.375,0.219,0.332,-0.259,-0.688,0.060,9.067,7.490,8.393,8.974,42970,38700,41232,42736,1.882,0.000,1.866,0.000,0.000,2.500,0.000,0.000,0.000,3.500,--
0,0,228.137,-1.366,0.000,--,--,--,1.892,0.051,1.911,-0.079,-0.015,2.523,0.048,0.028,-0.021,0.998,0.140,0.330,0.076,5.619,3.285,-2.221,False,False,0.000,0.000,0.000,0.075,0.030,0.425,0.166,0.340,-0.111,-0.616,0.054,9.299,7.882,8.509,9.020,43752,40020,41738,43056,1.882,0.000,1.916,0.000,0.000,2.500,0.000,0.000,0.000,3.500,--
0,0,228.157,-1.366,0.000,--,--,--,1.890,0.051,1.964,-0.072,-0.031,2.490,0.050,0.030,-0.019,0.998,0.070,0.200,0.059,5.779,3.597,-2.042,False,False,0.000,0.000,0.000,0.056,0.131,0.539,0.114,0.346,-0.034,-0.471,0.061,9.398,8.020,8.648,8.878,44462,41230,42728,43330,1.882,0.000,1.961,0.000,0.000,2.500,0.000,0.000,0.000,3.500,--
0,0,228.178,-1.366,0.000,--,--,--,1.889,0.050,2.015,-0.064,-0.048,2.460,0.050,0.032,-0.018,0.998,-0.110,0.150,0.059,5.776,3.747,-1.876,False,False,0.000,0.000,0.000,0.035,0.445,0.781,0.088,0.352,0.117,-0.454,0.057,15.000,15.000,2.988,0.000,45078,42066,42842,43440,1.882,0.000,2.011,0.000,0.000,2.500,0.000,0.000,0.000,3.500,--
0,0,228.201,-1.366,0.000,--,--,--,1.889,0.049,2.060,0.119,-0.028,1.448,0.022,0.017,-0.014,1.000,-6.320,-5.340,0.143,2.564,1.938,-1.543,False,False,0.000,0.000,0.000,0.016,1.809,0.396,0.039,0.710,10.764,8.625,-0.019,8.672,14.537,0.000,15.000,56702,56702,50428,0,1.882,0.000,2.061,0.000,0.000,2.500,0.000,0.000,0.000,3.500,--
0,0,228.221,-1.366,0.000,--,--,--,1.892,0.049,2.081,0.131,0.002,0.847,0.026,0.032,0.003,0.999,-1.830,-2.920,0.256,3.002,3.638,0.413,False,False,0.000,0.000,0.000,0.007,6.342,-23.239,0.007,0.952,3.080,4.451,-0.260,9.368,15.000,15.000,10.268,56736,64862,61714,49390,1.882,0.000,2.086,0.000,0.000,2.500,0.000,0.000,0.000,3.500,--

0,0,228.639,-1.366,0.000,--,--,--,2.001,-0.062,1.674,0.265,-0.190,0.038,-0.055,0.006,-0.010,0.998,-1.010,-0.470,0.027,-6.341,0.572,-1.143,False,False,0.000,0.000,0.000,10.616,0.466,-0.655,0.405,2.980,2.065,0.530,0.021,15.000,15.000,12.706,11.223,64314,64742,59082,56686,1.882,0.000,3.141,0.000,0.000,2.500,0.000,0.000,0.000,3.500,--
0,0,228.659,-1.366,0.000,--,--,--,2.009,-0.068,1.657,0.269,-0.164,0.074,-0.064,0.001,-0.010,0.998,-0.470,-0.340,-0.028,-7.299,0.088,-1.118,False,False,0.000,0.000,0.000,5.662,0.387,-0.639,0.422,3.067,1.111,0.300,0.077,14.404,14.433,13.031,12.130,63618,63276,60888,58362,1.882,0.000,3.186,0.000,0.000,2.500,0.000,0.000,0.000,3.500,--
0,0,228.679,-1.366,0.000,--,--,--,2.016,-0.073,1.644,0.272,-0.132,0.120,-0.069,-0.001,-0.010,0.998,-0.010,-0.240,-0.027,-7.937,-0.235,-1.096,False,False,0.000,0.000,0.000,4.438,0.345,-0.632,0.442,3.121,0.260,0.088,0.077,13.897,13.586,13.581,12.934,62918,61834,62336,60618,1.882,0.000,3.236,0.000,0.000,2.500,0.000,0.000,0.000,3.500,--
0,0,228.698,-1.366,0.000,--,--,--,2.027,-0.079,1.628,0.272,-0.074,0.199,-0.071,-0.004,-0.011,0.997,0.410,-0.040,-0.047,-8.100,-0.564,-1.232,False,False,0.000,0.000,0.000,2.615,0.210,-0.612,0.451,3.200,-0.454,-0.401,0.099,13.826,12.749,13.933,13.490,63092,59834,63274,62852,1.882,0.000,3.286,0.000,0.000,2.500,0.000,0.000,0.000,3.500,--
0,0,228.718,-1.366,0.000,--,--,--,2.034,-0.081,1.621,0.272,-0.039,0.259,-0.066,-0.004,-0.011,0.998,0.550,0.130,-0.051,-7.623,-0.559,-1.234,False,False,0.000,0.000,0.000,1.995,0.119,-0.599,0.455,3.221,-0.477,-0.547,0.105,13.832,12.438,13.873,13.855,63350,59470,63112,63090,1.882,0.000,3.311,0.000,0.000,2.500,0.000,0.000,0.000,3.500,--
0,0,228.746,-1.366,0.000,--,--,--,2.045,-0.085,1.615,0.270,0.006,0.358,-0.060,-0.001,-0.011,0.998,0.340,0.260,-0.097,-6.825,-0.234,-1.257,False,False,0.000,0.000,0.000,1.426,0.016,-0.586,0.462,3.267,-0.107,-0.659,0.156,14.391,12.277,13.623,13.707,64968,59788,63108,62540,1.882,0.000,3.386,0.000,0.000,2.500,0.000,0.000,0.000,3.500,--
0,0,228.766,-1.366,0.000,--,--,--,2.050,-0.086,1.611,0.275,0.018,0.375,-0.060,0.000,-0.012,0.998,0.000,0.140,-0.114,-6.824,-0.085,-1.425,False,False,0.000,0.000,0.000,1.182,-0.045,-0.586,0.464,3.326,0.465,-0.462,0.176,14.685,12.664,13.384,13.265,65534,60890,62522,60876,1.882,0.000,3.436,0.000,0.000,2.500,0.000,0.000,0.000,3.500,--
0,0,228.778,-1.366,0.000,--,--,--,2.053,-0.086,1.615,0.273,0.033,0.428,-0.058,0.001,-0.012,0.998,-0.100,0.050,-0.130,-6.663,0.075,-1.434,False,False,0.000,0.000,0.000,1.084,-0.073,-0.590,0.464,3.356,0.910,-0.355,0.196,15.000,13.125,13.197,12.578,65474,61450,61886,59444,1.882,0.000,3.486,0.000,0.000,2.500,0.000,0.000,0.000,3.500,--
0,0,228.801,-1.366,0.000,--,--,--,2.060,-0.087,1.617,0.278,0.060,0.504,-0.061,0.003,-0.014,0.998,-0.370,-0.070,-0.085,-6.979,0.220,-1.602,False,False,0.000,0.000,0.000,0.916,-0.131,-0.602,0.462,3.354,1.122,-0.127,0.155,15.000,13.668,13.047,11.925,65352,62476,61414,58924,1.882,0.000,3.536,0.000,0.000,2.500,0.000,0.000,0.000,3.500,--
0,0,228.821,-1.366,0.000,--,--,--,2.068,-0.087,1.621,0.283,0.087,0.584,-0.064,0.003,-0.014,0.998,-0.450,-0.120,-0.116,-7.297,0.216,-1.603,False,False,0.000,0.000,0.000,0.783,-0.191,-0.620,0.460,3.370,1.237,-0.037,0.190,15.000,13.564,13.235,11.786,65106,62272,61468,57964,1.882,0.000,3.586,0.000,0.000,2.500,0.000,0.000,0.000,3.500,--
0,0,228.831,-1.366,0.000,--,--,--,2.075,-0.086,1.629,0.287,0.113,0.662,-0.066,0.001,-0.015,0.998,-0.320,-0.080,-0.115,-7.617,0.042,-1.751,False,False,0.000,0.000,0.000,0.730,-0.222,-0.629,0.454,3.390,1.133,-0.091,0.194,14.925,13.542,13.281,12.250,64862,61742,61356,58012,1.882,0.000,3.636,0.000,0.000,2.500,0.000,0.000,0.000,3.500,--
0,0,228.868,-1.366,0.000,--,--,--,2.087,-0.084,1.644,0.294,0.164,0.787,-0.071,0.000,-0.017,0.997,0.130,-0.060,-0.103,-8.097,-0.134,-1.898,False,False,0.000,0.000,0.000,0.553,-0.378,-0.676,0.441,3.412,0.392,-0.094,0.186,14.925,13.542,13.281,12.250,64028,60404,62430,59340,1.882,0.000,3.636,0.000,0.000,2.500,0.000,0.000,0.000,3.500,--
0,0,228.877,-1.366,0.000,--,--,--,2.092,-0.083,1.650,0.298,0.180,0.828,-0.069,0.000,-0.017,0.997,0.190,-0.050,-0.060,-7.938,-0.132,-1.898,False,False,0.000,0.000,0.000,0.518,-0.419,-0.695,0.421,3.429,0.094,-0.234,0.150,14.504,12.640,14.005,12.848,63692,60198,62604,60690,1.882,0.000,3.736,0.000,0.000,2.500,0.000,0.000,0.000,3.500,--
0,0,228.906,-1.366,0.000,--,--,--,2.103,-0.077,1.673,0.299,0.233,0.957,-0.066,-0.000,-0.018,0.998,0.500,-0.040,-0.067,-7.621,-0.137,-2.057,False,False,0.000,0.000,0.000,0.424,-0.575,-0.738,0.413,3.436,-0.205,-0.160,0.161,14.131,12.547,14.202,13.118,63178,59682,63330,60978,1.882,0.000,3.791,0.000,0.000,2.500,0.000,0.000,0.000,3.500,--
0,0,228.925,-1.366,0.000,--,--,--,2.111,-0.073,1.691,0.300,0.267,1.044,-0.062,-0.001,-0.019,0.998,0.590,-0.060,-0.084,-7.147,-0.297,-2.206,False,False,0.000,0.000,0.000,0.371,-0.689,-0.773,0.397,3.447,-0.384,-0.189,0.184,13.983,12.413,14.378,13.225,63370,59306,64016,61358,1.882,0.000,3.816,0.000,0.000,2.500,0.000,0.000,0.000,3.500,--
0,0,228.945,-1.366,0.000,--,--,--,2.118,-0.067,1.712,0.300,0.296,1.131,-0.058,-0.003,-0.019,0.998,0.400,-0.050,-0.039,-6.673,-0.446,-2.198,False,False,0.000,0.000,0.000,0.325,-0.808,-0.817,0.378,3.457,-0.172,-0.159,0.143,14.082,12.647,14.103,13.166,63432,60250,63476,61428,1.882,0.000,3.891,0.000,0.000,2.500,0.000,0.000,0.000,3.500,--
0,0,228.965,-1.366,0.000,--,--,--,2.126,-0.062,1.734,0.302,0.321,1.221,-0.054,-0.003,-0.021,0.998,0.250,-0.040,-0.009,-6.198,-0.445,-2.358,False,False,0.000,0.000,0.000,0.282,-0.931,-0.876,0.356,3.461,0.097,-0.139,0.116,14.164,12.988,13.794,13.052,63726,61144,62928,61288,1.882,0.000,3.941,0.000,0.000,2.500,0.000,0.000,0.000,3.500,--
0,0,228.965,-1.268,0.000,--,--,--,2.126,-0.062,1.734,0.302,0.321,1.221,-0.054,-0.003,-0.021,0.998,0.250,-0.040,0.001,-6.198,-0.445,-2.358,False,False,0.000,0.000,0.000,0.282,-0.931,-0.876,0.320,3.473,0.281,-0.163,0.107,14.383,13.104,13.555,12.957,63996,61506,62496,61086,1.882,0.000,3.986,0.000,0.000,2.500,0.000,0.000,0.000,3.500,--
0,0,229.000,-1.268,0.000,--,--,--,2.137,-0.052,1.773,0.302,0.354,1.357,-0.051,-0.003,-0.021,0.998,0.100,-0.040,-0.017,-5.880,-0.439,-2.359,False,False,0.000,0.000,0.000,0.226,-1.155,-0.985,0.320,3.459,0.384,-0.151,0.125,14.259,13.393,13.508,12.838,64302,61544,62498,60714,1.882,0.000,4.041,0.000,0.000,2.500,0.000,0.000,0.000,3.500,--
0,0,229.021,-1.103,0.000,--,--,--,2.145,-0.045,1.801,0.299,0.378,1.449,-0.050,-0.004,-0.021,0.999,0.140,-0.100,-0.035,-5.724,-0.594,-2.352,False,False,0.000,0.000,0.000,0.192,-1.359,-1.073,0.293,3.454,0.360,-0.071,0.143,14.431,13.134,13.755,12.679,64292,61472,62844,60438,1.882,0.000,4.066,0.000,0.000,2.500,0.000,0.000,0.000,3.500,--
0,0,229.041,-1.366,0.000,--,--,--,2.152,-0.037,1.831,0.295,0.399,1.541,-0.048,-0.006,-0.021,0.999,0.240,-0.090,-0.011,-5.569,-0.749,-2.345,False,False,0.000,0.000,0.000,0.161,-1.606,-1.188,0.264,3.446,0.141,-0.059,0.120,14.023,13.314,13.536,13.124,63698,61326,63026,61032,1.882,0.000,4.136,0.000,0.000,2.500,0.000,0.000,0.000,3.500,--
0,0,229.063,-1.366,0.000,--,--,--,2.158,-0.029,1.863,0.288,0.419,1.634,-0.047,-0.007,-0.021,0.999,0.270,-0.060,-0.008,-5.413,-0.904,-2.339,False,False,0.000,0.000,0.000,0.132,-1.939,-1.331,0.216,3.443,0.089,-0.117,0.115,13.942,13.105,13.727,13.225,63670,61174,62976,61270,1.882,0.000,4.186,0.000,0.000,2.500,0.000,0.000,0.000,3.500,--
0,0,229.084,-1.366,0.000,--,--,--,2.165,-0.020,1.897,0.283,0.433,1.726,-0.043,-0.008,-0.021,0.999,0.400,-0.020,0.014,-4.940,-1.053,-2.336,False,False,0.000,0.000,0.000,0.105,-2.379,-1.554,0.182,3.432,-0.140,-0.180,0.093,13.918,12.862,13.856,13.362,63318,60972,63184,62098,1.882,0.000,4.221,0.000,0.000,2.500,0.000,0.000,0.000,3.500,--
0,0,229.104,-1.366,0.000,--,--,--,2.173,-0.012,1.934,0.277,0.442,1.819,-0.037,-0.010,-0.021,0.999,0.440,0.040,0.034,-4.308,-1.199,-2.335,False,False,0.000,0.000,0.000,0.079,-3.045,-1.913,0.163,3.415,-0.211,-0.264,0.075,13.852,12.817,13.768,13.560,63176,60870,62994,62536,1.882,0.000,4.266,0.000,0.000,2.500,0.000,0.000,0.000,3.500,--
0,0,229.124,-1.366,0.000,--,--,--,2.179,-0.003,1.972,0.270,0.451,1.909,-0.033,-0.010,-0.021,0.999,0.450,-0.010,0.055,-3.832,-1.189,-2.340,False,False,0.000,0.000,0.000,0.056,-4.196,-2.512,0.107,3.408,-0.292,-0.180,0.053,13.632,12.909,13.808,13.649,62934,61312,63318,62970,1.882,0.000,4.321,0.000,0.000,2.500,0.000,0.000,0.000,3.500,--
0,0,229.143,-1.366,0.000,--,--,--,2.186,0.007,2.014,0.261,0.455,2.006,-0.028,-0.010,-0.019,0.999,0.360,-0.010,0.054,-3.195,-1.172,-2.188,False,False,0.000,0.000,0.000,0.032,-6.967,-3.998,0.065,3.387,-0.180,-0.182,0.052,13.716,13.001,13.713,13.567,63118,61522,63112,62790,1.882,0.000,4.371,0.000,0.000,2.500,0.000,0.000,0.000,3.500,--

0,0,230.467,-1.366,0.000,--,--,--,2.572,0.488,1.770,0.307,0.045,0.025,-0.021,0.058,-0.077,0.995,0.410,-0.660,0.361,-1.874,6.537,-9.011,False,False,0.000,0.000,0.000,4.277,-0.145,-1.021,0.299,8.167,-0.408,0.442,0.096,13.229,13.131,14.563,13.076,62992,62768,65534,62642,1.882,0.000,7.626,0.000,0.000,2.500,0.000,0.000,0.000,3.500,--
0,0,230.477,-1.366,0.000,--,--,--,2.575,0.489,1.761,0.324,0.049,0.031,-0.019,0.055,-0.075,0.995,0.510,-0.380,0.354,-1.756,6.232,-8.680,False,False,0.000,0.000,0.000,4.083,-0.154,-1.048,0.318,8.256,-0.616,-0.211,0.079,13.510,12.524,14.145,13.818,63752,61472,65162,64442,1.882,0.000,7.676,0.000,0.000,2.500,0.000,0.000,0.000,3.500,--
0,0,230.498,-1.366,0.000,--,--,--,2.581,0.490,1.743,0.351,0.053,0.047,-0.015,0.054,-0.071,0.996,0.530,-0.030,0.347,-1.314,6.109,-8.176,False,False,0.000,0.000,0.000,3.610,-0.158,-1.076,0.335,8.334,-0.562,-0.613,0.063,13.799,12.319,13.720,14.160,64274,60864,64100,65068,1.882,0.000,7.726,0.000,0.000,2.500,0.000,0.000,0.000,3.500,--
0,0,230.517,-1.366,0.000,--,--,--,2.588,0.492,1.726,0.377,0.057,0.071,-0.011,0.054,-0.066,0.996,0.370,0.080,0.347,-0.861,6.144,-7.674,False,False,0.000,0.000,0.000,3.026,-0.164,-1.103,0.352,8.404,-0.141,-0.966,0.041,14.317,12.462,13.023,14.196,65410,61206,62520,65146,1.882,0.000,7.776,0.000,0.000,2.500,0.000,0.000,0.000,3.500,--
0,0,230.538,-1.366,0.000,--,--,--,2.595,0.493,1.712,0.400,0.056,0.101,-0.008,0.055,-0.064,0.996,0.090,0.050,0.292,-0.549,6.324,-7.341,False,False,0.000,0.000,0.000,2.544,-0.157,-1.120,0.366,8.466,0.348,-0.768,0.076,14.691,12.854,12.941,13.512,65534,61890,62092,63390,1.882,0.000,7.826,0.000,0.000,2.500,0.000,0.000,0.000,3.500,--
0,0,230.559,-1.366,0.000,--,--,--,2.602,0.494,1.698,0.422,0.052,0.136,-0.007,0.055,-0.061,0.997,-0.240,0.010,0.205,-0.407,6.333,-7.015,False,False,0.000,0.000,0.000,2.142,-0.144,-1.141,0.379,8.496,0.726,-0.471,0.153,15.000,13.068,13.194,12.667,65534,62384,62670,61454,1.882,0.000,7.871,0.000,0.000,2.500,0.000,0.000,0.000,3.500,--
0,0,230.578,-1.366,0.000,--,--,--,2.610,0.495,1.687,0.443,0.043,0.180,-0.010,0.054,-0.062,0.997,-0.450,-0.130,0.161,-0.727,6.154,-7.190,False,False,0.000,0.000,0.000,1.791,-0.120,-1.163,0.390,8.555,1.113,-0.320,0.202,15.000,13.289,13.209,12.043,65534,62528,62346,59622,1.882,0.000,7.921,0.000,0.000,2.500,0.000,0.000,0.000,3.500,--
0,0,230.597,-1.366,0.000,--,--,--,2.619,0.495,1.678,0.463,0.042,0.225,-0.014,0.051,-0.062,0.997,-0.550,-0.270,0.155,-1.225,5.804,-7.212,False,False,0.000,0.000,0.000,1.532,-0.113,-1.183,0.394,8.611,1.171,-0.188,0.213,15.000,13.355,13.464,11.680,65534,62512,62350,58920,1.882,0.000,7.971,0.000,0.000,2.500,0.000,0.000,0.000,3.500,--
0,0,230.619,-1.366,0.000,--,--,--,2.628,0.496,1.677,0.483,0.040,0.302,-0.018,0.048,-0.061,0.997,-0.560,-0.310,0.159,-1.730,5.456,-7.073,False,False,0.000,0.000,0.000,1.330,-0.101,-1.203,0.402,8.640,1.224,-0.106,0.202,15.000,13.413,13.459,11.774,65534,62854,62296,58776,1.882,0.000,8.026,0.000,0.000,2.500,0.000,0.000,0.000,3.500,--
0,0,230.640,-1.366,0.000,--,--,--,2.637,0.497,1.671,0.505,0.041,0.348,-0.022,0.047,-0.061,0.997,-0.390,-0.260,0.174,-2.218,5.267,-7.092,False,False,0.000,0.000,0.000,1.060,-0.108,-1.258,0.404,8.701,0.885,-0.245,0.176,15.000,13.175,13.546,11.940,65534,62140,62286,59824,1.882,0.000,8.051,0.000,0.000,2.500,0.000,0.000,0.000,3.500,--
0,0,230.658,-1.366,0.000,--,--,--,2.647,0.498,1.668,0.527,0.046,0.403,-0.025,0.046,-0.060,0.997,-0.140,-0.210,0.164,-2.554,5.091,-6.944,False,False,0.000,0.000,0.000,0.945,-0.119,-1.298,0.407,8.744,0.427,-0.383,0.180,14.879,12.790,13.610,12.719,65474,60922,62766,60760,1.882,0.000,8.126,0.000,0.000,2.500,0.000,0.000,0.000,3.500,--
0,0,230.677,-1.366,0.000,--,--,--,2.658,0.499,1.668,0.548,0.051,0.464,-0.026,0.046,-0.060,0.997,0.010,-0.140,0.104,-2.713,5.081,-6.951,False,False,0.000,0.000,0.000,0.838,-0.129,-1.346,0.406,8.783,0.139,-0.411,0.238,14.914,12.304,14.051,12.730,65422,59680,63604,60668,1.882,0.000,8.176,0.000,0.000,2.500,0.000,0.000,0.000,3.500,--
0,0,230.697,-1.366,0.000,--,--,--,2.670,0.500,1.674,0.571,0.057,0.530,-0.025,0.046,-0.057,0.997,0.100,-0.020,0.156,-2.567,5.096,-6.627,False,False,0.000,0.000,0.000,0.739,-0.142,-1.409,0.403,8.814,0.184,-0.449,0.174,14.756,12.445,13.738,13.060,65012,60306,62896,61256,1.882,0.000,8.216,0.000,0.000,2.500,0.000,0.000,0.000,3.500,--
0,0,230.717,-1.366,0.000,--,--,--,2.682,0.502,1.675,0.600,0.072,0.600,-0.025,0.047,-0.054,0.997,0.070,-0.020,0.158,-2.572,5.261,-6.313,False,False,0.000,0.000,0.000,0.651,-0.177,-1.490,0.398,8.831,0.165,-0.540,0.151,14.679,12.579,13.573,13.166,64812,60208,62448,61546,1.882,0.000,8.271,0.000,0.000,2.500,0.000,0.000,0.000,3.500,--
0,0,230.746,-1.366,0.000,--,--,--,2.701,0.505,1.690,0.635,0.088,0.726,-0.025,0.047,-0.048,0.997,0.050,-0.120,0.192,-2.599,5.272,-5.679,False,False,0.000,0.000,0.000,0.535,-0.228,-1.631,0.389,8.858,0.250,-0.451,0.095,14.595,12.698,13.597,13.108,64194,60940,61822,61648,1.882,0.000,8.316,0.000,0.000,2.500,0.000,0.000,0.000,3.500,--
0,0,230.766,-1.366,0.000,--,--,--,2.715,0.507,1.701,0.656,0.100,0.808,-0.025,0.046,-0.046,0.998,0.040,-0.240,0.146,-2.621,5.119,-5.358,False,False,0.000,0.000,0.000,0.467,-0.266,-1.736,0.378,8.873,0.270,-0.241,0.120,14.474,12.882,13.664,12.978,64100,61114,62380,61008,1.882,0.000,8.366,0.000,0.000,2.500,0.000,0.000,0.000,3.500,--
0,0,230.775,-1.366,0.000,--,--,--,2.721,0.508,1.708,0.667,0.105,0.850,-0.025,0.044,-0.044,0.998,0.070,-0.350,0.101,-2.635,4.963,-5.196,False,False,0.000,0.000,0.000,0.436,-0.286,-1.797,0.364,8.894,0.178,0.048,0.148,14.213,13.066,14.010,12.709,63712,61204,63276,60394,1.882,0.000,8.421,0.000,0.000,2.500,0.000,0.000,0.000,3.500,--
0,0,230.806,-1.366,0.000,--,--,--,2.743,0.512,1.732,0.696,0.118,0.979,-0.024,0.039,-0.040,0.998,0.100,-0.500,0.124,-2.522,4.342,-4.700,False,False,0.000,0.000,0.000,0.355,-0.340,-2.003,0.347,8.916,0.153,0.253,0.111,13.881,13.360,14.037,12.721,63118,61976,63454,60534,1.882,0.000,8.471,0.000,0.000,2.500,0.000,0.000,0.000,3.500,--
0,0,230.815,-1.366,0.000,--,--,--,2.751,0.514,1.740,0.707,0.125,1.020,-0.024,0.036,-0.039,0.998,0.190,-0.510,0.167,-2.540,4.027,-4.534,False,False,0.000,0.000,0.000,0.330,-0.365,-2.084,0.328,8.940,0.118,0.378,0.060,13.844,13.304,14.064,12.787,62500,62714,63392,60972,1.882,0.000,8.491,0.000,0.000,2.500,0.000,0.000,0.000,3.500,--
0,0,230.838,-1.365,0.000,--,--,--,2.766,0.518,1.761,0.723,0.138,1.111,-0.022,0.032,-0.039,0.998,0.120,-0.540,0.110,-2.400,3.557,-4.519,False,False,0.000,0.000,0.000,0.286,-0.428,-2.265,0.307,8.949,0.068,0.212,0.107,13.829,13.278,14.054,12.837,63124,61912,63612,60914,1.882,0.000,8.571,0.000,0.000,2.500,0.000,0.000,0.000,3.500,--
0,0,230.858,-0.435,0.000,--,--,--,2.782,0.521,1.783,0.735,0.144,1.205,-0.022,0.026,-0.037,0.999,0.100,-0.470,0.105,-2.429,2.924,-4.347,False,False,0.000,0.000,0.000,0.245,-0.481,-2.481,0.283,8.958,0.144,0.059,0.107,14.009,13.217,13.875,12.897,63634,61892,63344,61168,1.882,0.000,8.621,0.000,0.000,2.500,0.000,0.000,0.000,3.500,--
0,0,230.879,-0.642,0.000,--,--,--,2.797,0.525,1.808,0.743,0.152,1.297,-0.021,0.022,-0.036,0.999,0.120,-0.370,0.032,-2.291,2.456,-4.175,False,False,0.000,0.000,0.000,0.208,-0.559,-2.734,0.271,8.967,0.110,0.139,0.174,14.443,12.676,14.284,12.596,64038,61346,64136,60444,1.882,0.000,8.666,0.000,0.000,2.500,0.000,0.000,0.000,3.500,--
0,0,230.900,-1.366,0.000,--,--,--,2.813,0.528,1.836,0.750,0.155,1.395,-0.019,0.019,-0.035,0.999,0.050,-0.220,0.088,-2.147,2.147,-4.007,False,False,0.000,0.000,0.000,0.175,-0.642,-3.070,0.243,8.970,0.211,-0.100,0.115,14.229,12.934,14.115,12.719,64084,61654,63034,61256,1.882,0.000,8.716,0.000,0.000,2.500,0.000,0.000,0.000,3.500,--
0,0,230.910,-1.366,0.000,--,--,--,2.823,0.528,1.850,0.757,0.150,1.441,-0.018,0.018,-0.036,0.999,0.140,-0.230,0.117,-1.991,1.991,-4.160,False,False,0.000,0.000,0.000,0.159,-0.693,-3.274,0.215,8.970,0.256,-0.084,0.087,14.297,13.027,13.725,12.949,63888,62020,62730,61410,1.882,0.000,8.771,0.000,0.000,2.500,0.000,0.000,0.000,3.500,--
0,0,230.940,-1.366,0.000,--,--,--,2.855,0.522,1.893,0.784,0.119,1.571,-0.018,0.014,-0.037,0.999,-0.080,-0.160,0.074,-2.006,1.512,-4.310,False,False,0.000,0.000,0.000,0.118,-0.641,-4.219,0.186,8.972,0.411,-0.155,0.140,14.465,13.020,13.726,12.787,64726,61678,62820,60760,1.882,0.000,8.826,0.000,0.000,2.500,0.000,0.000,0.000,3.500,--
0,0,230.961,-1.366,0.000,--,--,--,2.886,0.508,1.924,0.832,0.063,1.655,-0.018,0.011,-0.040,0.999,-0.060,-0.140,0.071,-2.015,1.188,-4.622,False,False,0.000,0.000,0.000,0.093,-0.525,-5.256,0.155,8.969,0.387,-0.188,0.162,14.480,13.168,13.625,12.725,64810,61256,62884,60540,1.882,0.000,8.876,0.000,0.000,2.500,0.000,0.000,0.000,3.500,--
0,0,230.981,-1.366,0.000,--,--,--,2.912,0.501,1.958,0.857,0.036,1.744,-0.019,0.010,-0.042,0.999,-0.040,-0.140,-0.015,-2.180,1.020,-4.779,False,False,0.000,0.000,0.000,0.069,-0.405,-6.931,0.121,8.959,0.354,-0.185,0.256,14.862,12.654,14.206,12.276,65534,60312,63786,59686,1.882,0.000,8.916,0.000,0.000,2.500,0.000,0.000,0.000,3.500,--
0,0,231.002,-1.366,0.000,--,--,--,2.936,0.496,1.994,0.875,0.022,1.835,-0.019,0.008,-0.043,0.999,-0.110,-0.200,0.051,-2.185,0.858,-4.935,False,False,0.000,0.000,0.000,0.046,-0.378,-10.074,0.085,8.946,0.467,-0.077,0.196,14.737,12.995,13.884,12.382,64932,61158,63124,59750,1.882,0.000,8.951,0.000,0.000,2.500,0.000,0.000,0.000,3.500,--
0,0,231.024,-1.366,0.000,--,--,--,2.959,0.492,2.033,0.891,0.011,1.936,-0.022,0.007,-0.044,0.999,3.850,-1.400,0.117,-2.510,0.682,-5.092,False,False,0.000,0.000,0.000,0.024,-0.362,-18.658,0.047,8.920,0.268,-0.064,0.130,14.296,13.124,13.775,12.802,64008,61450,62890,60722,1.882,0.000,8.996,0.000,0.000,2.500,0.000,0.000,0.000,3.500,--

0,0,232.382,-1.366,0.000,--,--,--,0.000,-0.001,0.002,0.012,-0.007,0.151,-0.004,0.017,-0.001,1.000,-0.400,0.790,-0.158,-0.473,1.902,-0.166,False,False,0.000,0.000,0.000,13.708,0.003,-0.006,2.077,15.925,0.789,-1.346,0.169,15.000,12.365,12.523,13.238,64984,59264,59628,61242,1.882,0.000,12.246,0.000,0.000,2.500,0.000,0.000,0.000,3.500,--
0,0,232.402,-1.366,0.000,--,--,--,0.000,-0.001,0.006,0.024,-0.010,0.252,-0.008,0.022,-0.004,1.000,-0.460,0.410,-0.205,-0.941,2.533,-0.497,False,False,0.000,0.000,0.000,8.209,0.004,-0.012,2.073,15.943,0.898,-0.757,0.229,15.000,12.665,13.147,12.443,64984,59954,61042,59444,1.882,0.000,12.296,0.000,0.000,2.500,0.000,0.000,0.000,3.500,--
0,0,232.422,-1.366,0.000,--,--,--,0.001,-0.001,0.012,0.042,-0.013,0.349,-0.014,0.026,-0.006,1.000,-0.420,0.180,-0.253,-1.569,3.004,-0.676,False,False,0.000,0.000,0.000,5.919,0.005,-0.021,2.067,15.958,0.894,-0.421,0.289,15.000,12.677,13.663,11.934,65228,60206,62408,58466,1.882,0.000,12.346,0.000,0.000,2.500,0.000,0.000,0.000,3.500,--
0,0,232.442,-1.366,0.000,--,--,--,0.002,-0.001,0.020,0.059,-0.010,0.448,-0.018,0.028,-0.008,0.999,-0.270,0.120,-0.232,-2.035,3.154,-1.008,False,False,0.000,0.000,0.000,4.596,0.004,-0.030,2.059,15.969,0.623,-0.201,0.281,15.000,12.671,14.014,12.008,65474,60420,63404,58866,1.882,0.000,12.396,0.000,0.000,2.500,0.000,0.000,0.000,3.500,--
0,0,232.462,-1.366,0.000,--,--,--,0.003,-0.001,0.030,0.078,-0.004,0.546,-0.019,0.029,-0.010,0.999,-0.110,0.320,-0.187,-2.187,3.309,-1.174,False,False,0.000,0.000,0.000,3.751,0.001,-0.039,2.049,15.978,0.359,-0.509,0.246,15.000,12.368,13.833,12.602,65534,59944,63252,60488,1.882,0.000,12.446,0.000,0.000,2.500,0.000,0.000,0.000,3.500,--
0,0,232.485,-1.366,0.000,--,--,--,0.005,-0.001,0.042,0.099,-0.003,0.644,-0.021,0.032,-0.011,0.999,0.010,0.490,-0.160,-2.338,3.621,-1.343,False,False,0.000,0.000,0.000,3.163,0.001,-0.049,2.037,15.987,0.150,-0.879,0.227,14.863,12.576,13.359,13.199,65534,59274,63046,61940,1.882,0.000,12.471,0.000,0.000,2.500,0.000,0.000,0.000,3.500,--
0,0,232.498,-1.366,0.000,--,--,--,0.006,-0.001,0.048,0.111,0.002,0.697,-0.021,0.035,-0.011,0.999,-0.020,0.500,-0.143,-2.334,3.939,-1.350,False,False,0.000,0.000,0.000,2.913,-0.002,-0.055,2.031,15.988,0.220,-0.922,0.214,15.000,12.070,12.946,13.765,65534,59338,62614,61894,1.882,0.000,12.546,0.000,0.000,2.500,0.000,0.000,0.000,3.500,--
0,0,232.517,-1.366,0.000,--,--,--,0.008,-0.001,0.063,0.138,0.005,0.798,-0.021,0.040,-0.012,0.999,0.050,0.630,-0.061,-2.320,4.570,-1.521,False,False,0.000,0.000,0.000,2.525,-0.003,-0.069,2.007,15.986,0.140,-1.306,0.143,15.000,11.833,13.277,13.486,65534,59058,61300,63232,1.882,0.000,12.571,0.000,0.000,2.500,0.000,0.000,0.000,3.500,--
0,0,232.536,-1.366,0.000,--,--,--,0.011,-0.001,0.080,0.165,0.011,0.890,-0.019,0.047,-0.014,0.999,-0.010,0.690,-0.122,-2.144,5.363,-1.688,False,False,0.000,0.000,0.000,2.244,-0.006,-0.084,1.990,15.982,0.039,-1.088,0.209,15.000,11.814,13.480,13.456,65534,58508,62360,62308,1.882,0.000,12.646,0.000,0.000,2.500,0.000,0.000,0.000,3.500,--
0,0,232.566,-1.366,0.000,--,--,--,0.017,-0.001,0.109,0.211,0.016,1.031,-0.019,0.055,-0.015,0.998,-0.080,0.510,-0.104,-2.121,6.313,-1.864,False,False,0.000,0.000,0.000,1.911,-0.009,-0.108,1.970,15.973,0.272,-1.064,0.196,15.000,12.070,13.262,13.310,65474,59012,61758,61866,1.882,0.000,12.696,0.000,0.000,2.500,0.000,0.000,0.000,3.500,--
0,0,232.576,-1.366,0.000,--,--,--,0.019,-0.001,0.120,0.226,0.016,1.075,-0.019,0.057,-0.015,0.998,-0.060,0.220,-0.123,-2.118,6.472,-1.867,False,False,0.000,0.000,0.000,1.822,-0.009,-0.116,1.948,15.966,0.343,-0.973,0.221,15.000,12.094,13.380,13.080,65474,59070,62020,61352,1.882,0.000,12.746,0.000,0.000,2.500,0.000,0.000,0.000,3.500,--
0,0,232.606,-1.366,0.000,--,--,--,0.027,0.000,0.154,0.275,0.020,1.209,-0.021,0.061,-0.017,0.998,-0.130,0.040,-0.068,-2.259,6.943,-2.044,False,False,0.000,0.000,0.000,1.591,-0.011,-0.144,1.925,15.959,0.390,-0.489,0.169,14.595,12.915,13.353,13.135,65246,60538,62308,60892,1.882,0.000,12.771,0.000,0.000,2.500,0.000,0.000,0.000,3.500,--
0,0,232.617,-1.366,0.000,--,--,--,0.030,0.000,0.166,0.292,0.021,1.254,-0.022,0.061,-0.017,0.998,-0.120,-0.040,-0.063,-2.418,6.941,-2.053,False,False,0.000,0.000,0.000,1.524,-0.012,-0.154,1.900,15.956,0.267,-0.142,0.167,14.509,12.909,13.868,12.712,64578,61080,63208,60630,1.882,0.000,12.846,0.000,0.000,2.500,0.000,0.000,0.000,3.500,--
0,0,232.638,-1.366,0.000,--,--,--,0.036,0.001,0.192,0.329,0.026,1.341,-0.022,0.060,-0.017,0.998,-0.030,-0.120,0.019,-2.421,6.782,-2.050,False,False,0.000,0.000,0.000,1.406,-0.015,-0.175,1.887,15.956,0.201,-0.136,0.084,14.561,12.550,14.273,12.614,63736,61742,62590,61510,1.882,0.000,12.896,0.000,0.000,2.500,0.000,0.000,0.000,3.500,--
0,0,232.658,-1.366,0.000,--,--,--,0.043,0.001,0.220,0.359,0.024,1.430,-0.021,0.058,-0.017,0.998,0.080,-0.130,-0.052,-2.265,6.626,-2.038,False,False,0.000,0.000,0.000,1.300,-0.014,-0.194,1.845,15.954,-0.126,-0.234,0.160,14.244,12.558,14.075,13.121,64260,60502,63898,61792,1.882,0.000,12.946,0.000,0.000,2.500,0.000,0.000,0.000,3.500,--
0,0,232.681,-1.366,0.000,--,--,--,0.050,0.002,0.249,0.393,0.026,1.518,-0.019,0.057,-0.017,0.998,0.150,-0.060,0.053,-2.109,6.470,-2.026,False,False,0.000,0.000,0.000,1.205,-0.015,-0.215,1.830,15.952,-0.098,-0.247,0.053,13.836,13.010,13.602,13.550,63620,61776,63106,62992,1.882,0.000,12.971,0.000,0.000,2.500,0.000,0.000,0.000,3.500,--
0,0,232.691,-1.366,0.000,--,--,--,0.054,0.002,0.265,0.407,0.025,1.564,-0.019,0.057,-0.017,0.998,0.290,0.040,0.082,-2.109,6.470,-2.026,False,False,0.000,0.000,0.000,1.160,-0.015,-0.225,1.798,15.946,-0.157,-0.320,0.023,13.723,13.029,13.469,13.776,63374,61820,62812,63490,1.882,0.000,13.021,0.000,0.000,2.500,0.000,0.000,0.000,3.500,--
0,0,232.723,-1.366,0.000,--,--,--,0.067,0.003,0.314,0.454,0.026,1.690,-0.015,0.057,-0.017,0.998,0.250,0.010,0.024,-1.634,6.478,-1.999,False,False,0.000,0.000,0.000,1.044,-0.016,-0.258,1.765,15.938,-0.240,-0.260,0.080,13.849,12.774,13.817,13.557,63894,61468,63824,63248,1.882,0.000,13.071,0.000,0.000,2.500,0.000,0.000,0.000,3.500,--
0,0,232.745,-1.366,0.000,--,--,--,0.077,0.003,0.348,0.484,0.025,1.780,-0.012,0.057,-0.017,0.998,0.150,0.040,0.009,-1.317,6.483,-1.981,False,False,0.000,0.000,0.000,0.972,-0.015,-0.280,1.731,15.926,-0.133,-0.344,0.094,14.056,12.736,13.725,13.481,64468,61498,63742,63200,1.882,0.000,13.121,0.000,0.000,2.500,0.000,0.000,0.000,3.500,--
0,0,232.765,-1.366,0.000,--,--,--,0.087,0.004,0.385,0.514,0.021,1.868,-0.012,0.057,-0.017,0.998,-0.080,0.040,-0.023,-1.317,6.483,-1.981,False,False,0.000,0.000,0.000,0.906,-0.013,-0.304,1.694,15.911,0.212,-0.372,0.128,14.486,12.847,13.569,13.096,65270,61636,63274,62210,1.882,0.000,13.171,0.000,0.000,2.500,0.000,0.000,0.000,3.500,--
0,0,232.785,-1.366,0.000,--,--,--,0.097,0.004,0.423,0.542,0.020,1.957,-0.014,0.057,-0.017,0.998,-0.240,0.060,-0.017,-1.476,6.481,-1.990,False,False,0.000,0.000,0.000,0.846,-0.013,-0.328,1.656,15.891,0.452,-0.398,0.123,14.674,13.035,13.341,12.948,65534,61950,62644,61752,1.882,0.000,13.221,0.000,0.000,2.500,0.000,0.000,0.000,3.500,--
0,0,232.805,-1.366,0.000,--,--,--,0.108,0.005,0.463,0.569,0.018,2.037,-0.015,0.058,-0.017,0.998,-0.160,0.030,0.020,-1.631,6.637,-2.001,False,False,0.000,0.000,0.000,0.793,-0.012,-0.353,1.616,15.870,0.382,-0.393,0.085,14.461,13.138,13.246,13.154,64844,61948,62192,61984,1.882,0.000,13.271,0.000,0.000,2.500,0.000,0.000,0.000,3.500,--
0,0,232.825,-1.366,0.000,--,--,--,0.120,0.005,0.505,0.597,0.016,2.120,-0.017,0.058,-0.017,0.998,-0.050,0.040,0.002,-1.790,6.634,-2.010,False,False,0.000,0.000,0.000,0.742,-0.011,-0.380,1.574,15.849,0.258,-0.404,0.102,14.442,12.962,13.405,13.189,64438,61200,62194,61712,1.882,0.000,13.321,0.000,0.000,2.500,0.000,0.000,0.000,3.500,--
0,0,232.845,-1.366,0.000,--,--,--,0.132,0.005,0.548,0.623,0.014,2.197,-0.017,0.058,-0.017,0.998,0.110,-0.020,0.058,-1.790,6.634,-2.010,False,False,0.000,0.000,0.000,0.697,-0.010,-0.408,1.531,15.829,0.013,-0.298,0.046,13.934,13.087,13.445,13.532,63352,61482,62284,62474,1.882,0.000,13.371,0.000,0.000,2.500,0.000,0.000,0.000,3.500,--
0,0,232.855,-1.366,0.000,--,--,--,0.138,0.005,0.570,0.635,0.014,2.236,-0.015,0.058,-0.017,0.998,0.180,-0.050,0.037,-1.631,6.637,-2.001,False,False,0.000,0.000,0.000,0.674,-0.010,-0.422,1.486,15.810,-0.183,-0.205,0.065,13.786,12.927,13.752,13.533,63150,61236,63076,62596,1.882,0.000,13.421,0.000,0.000,2.500,0.000,0.000,0.000,3.500,--
0,0,232.886,-1.366,0.000,--,--,--,0.158,0.006,0.639,0.674,0.007,2.349,-0.012,0.057,-0.017,0.998,0.240,-0.130,0.056,-1.317,6.483,-1.981,False,False,0.000,0.000,0.000,0.613,-0.006,-0.469,1.440,15.792,-0.299,-0.195,0.045,13.606,12.925,13.769,13.698,62756,61232,63112,62960,1.882,0.000,13.471,0.000,0.000,2.500,0.000,0.000,0.000,3.500,--
0,0,232.896,-1.366,0.000,--,--,--,0.165,0.006,0.662,0.684,0.006,2.387,-0.011,0.057,-0.017,0.998,0.230,-0.170,0.029,-1.159,6.486,-1.972,False,False,0.000,0.000,0.000,0.593,-0.005,-0.484,1.392,15.772,-0.354,-0.040,0.071,13.550,12.896,14.042,13.511,62752,61280,63826,62666,1.882,0.000,13.521,0.000,0.000,2.500,0.000,0.000,0.000,3.500,--
0,0,232.918,-1.366,0.000,--,--,--,0.179,0.006,0.711,0.708,0.001,2.464,-0.008,0.054,-0.017,0.998,0.130,-0.120,0.012,-0.848,6.174,-1.951,False,False,0.000,0.000,0.000,0.555,-0.002,-0.518,1.343,15.752,-0.053,-0.064,0.087,13.869,13.047,13.853,13.229,63452,61626,63416,62036,1.882,0.000,13.571,0.000,0.000,2.500,0.000,0.000,0.000,3.500,--
0,0,232.938,-1.366,0.000,--,--,--,0.193,0.006,0.761,0.728,-0.006,2.536,-0.008,0.053,-0.017,0.998,0.060,-0.170,0.010,-0.850,6.015,-1.950,False,False,0.000,0.000,0.000,0.519,0.004,-0.553,1.318,15.741,-0.050,0.003,0.089,13.671,13.361,13.763,13.203,63484,61848,63664,62010,1.882,0.000,13.621,0.000,0.000,2.500,0.000,0.000,0.000,3.500,--
0,0,232.961,-1.366,0.000,--,--,--,0.208,0.006,0.812,0.747,-0.013,2.610,-0.007,0.050,-0.017,0.999,-0.010,-0.160,0.002,-0.697,5.700,-1.940,False,False,0.000,0.000,0.000,0.485,0.009,-0.591,1.267,15.718,0.023,-0.042,0.095,13.641,13.600,13.661,13.097,63616,61724,63396,61790,1.882,0.000,13.671,0.000,0.000,2.500,0.000,0.000,0.000,3.500,--
0,0,232.981,-1.366,0.000,--,--,--,0.223,0.005,0.865,0.765,-0.021,2.680,-0.007,0.048,-0.015,0.999,0.000,-0.240,-0.031,-0.708,5.542,-1.781,False,False,0.000,0.000,0.000,0.452,0.016,-0.631,1.214,15.694,0.075,0.090,0.127,13.856,13.172,14.057,12.913,63884,61874,63936,61280,1.882,0.000,13.721,0.000,0.000,2.500,0.000,0.000,0.000,3.500,--
0,0,233.001,-1.366,0.000,--,--,--,0.239,0.005,0.920,0.781,-0.029,2.750,-0.007,0.046,-0.015,0.999,-0.010,-0.260,0.012,-0.713,5.224,-1.779,False,False,0.000,0.000,0.000,0.421,0.024,-0.674,1.159,15.670,0.052,0.207,0.084,13.837,13.236,13.770,13.155,63138,62320,63668,61400,1.882,0.000,13.771,0.000,0.000,2.500,0.000,0.000,0.000,3.500,--
0,0,233.020,-1.366,0.000,--,--,--,0.254,0.004,0.975,0.797,-0.037,2.817,-0.007,0.044,-0.015,0.999,0.020,-0.170,0.022,-0.715,5.065,-1.778,False,False,0.000,0.000,0.000,0.391,0.033,-0.723,1.132,15.656,0.047,0.004,0.073,13.829,13.043,14.220,12.907,63382,62052,63236,61870,1.882,0.000,13.821,0.000,0.000,2.500,0.000,0.000,0.000,3.500,--
0,0,233.041,-1.366,0.000,--,--,--,0.271,0.003,1.032,0.808,-0.045,2.885,-0.007,0.042,-0.015,0.999,-0.010,-0.190,0.082,-0.720,4.748,-1.776,False,False,0.000,0.000,0.000,0.362,0.042,-0.773,1.047,15.615,0.068,0.082,0.012,14.193,12.571,14.300,12.934,62728,62790,62776,62262,1.882,0.000,13.871,0.000,0.000,2.500,0.000,0.000,0.000,3.500,--
0,0,233.061,-1.366,0.000,--,--,--,0.288,0.002,1.097,0.820,-0.052,2.956,-0.006,0.040,-0.015,0.999,0.040,-0.120,0.070,-0.564,4.592,-1.768,False,False,0.000,0.000,0.000,0.346,0.046,-0.805,1.012,15.620,-0.036,0.010,0.024,13.924,12.890,14.045,13.138,62782,62374,62942,62460,1.882,0.000,13.921,0.000,0.000,2.500,0.000,0.000,0.000,3.500,--
0,0,233.082,-1.366,0.000,--,--,--,0.305,0.001,1.156,0.829,-0.061,3.022,-0.006,0.039,-0.015,0.999,0.090,-0.170,0.041,-0.566,4.433,-1.768,False,False,0.000,0.000,0.000,0.318,0.057,-0.866,0.953,15.589,-0.077,0.036,0.052,13.628,13.251,13.806,13.313,62804,61968,63194,62108,1.882,0.000,13.946,0.000,0.000,2.500,0.000,0.000,0.000,3.500,--
0,0,233.094,-1.281,0.000,--,--,--,0.313,0.001,1.187,0.835,-0.066,3.052,-0.004,0.039,-0.015,0.999,0.010,0.020,0.050,-0.408,4.435,-1.761,False,False,0.000,0.000,0.000,0.305,0.065,-0.899,0.892,15.556,-0.008,-0.068,0.043,13.727,13.260,13.633,13.378,63022,61988,62816,62252,1.882,0.000,13.996,0.000,0.000,2.500,0.000,0.000,0.000,3.500,--
0,0,233.125,0.135,0.000,--,--,--,0.330,-0.001,1.249,0.843,-0.078,3.117,-0.004,0.037,-0.015,0.999,0.070,-0.210,0.035,-0.410,4.277,-1.761,True,False,0.000,0.000,0.000,0.266,0.093,-1.015,0.830,0.000,0.000,-10.570,0.000,8.288,0.000,0.000,8.288,48768,0,0,48768,1.882,0.000,14.046,0.000,0.000,2.500,0.000,0.000,0.000,3.500,--
0,0,233.145,0.196,0.000,--,--,--,0.348,-0.003,1.315,0.849,-0.086,3.181,-0.003,0.036,-0.015,0.999,0.100,-0.350,-0.014,-0.254,4.120,-1.755,True,False,0.000,0.000,0.000,0.240,0.112,-1.111,0.764,0.000,0.000,-10.570,0.000,8.288,0.000,0.000,8.288,48768,0,0,48768,1.882,0.000,14.096,0.000,0.000,2.500,0.000,0.000,0.000,3.500,--
0,0,233.166,-1.058,0.000,--,--,--,0.373,-0.005,1.411,0.855,-0.107,3.226,-0.001,0.026,-0.017,1.000,0.230,-1.410,-0.169,-0.109,3.012,-1.906,True,False,0.000,0.000,0.000,0.217,0.138,-1.223,0.700,0.000,0.000,-10.570,0.000,8.288,0.000,0.000,8.288,40058,0,0,40058,1.882,0.000,14.145,0.000,0.000,2.500,0.000,0.000,0.000,3.503,--
0,0,233.186,-1.364,0.000,--,--,--,0.382,-0.006,1.443,0.852,-0.109,3.221,-0.000,0.019,-0.018,1.000,0.370,-2.520,-0.211,0.040,2.221,-2.061,True,False,0.000,0.000,0.000,0.197,0.169,-1.340,0.636,0.000,0.000,-10.570,0.000,8.288,0.000,0.000,8.288,38332,0,0,38332,1.882,0.000,14.195,0.000,0.000,2.500,0.000,0.000,0.000,3.552,--
0,0,233.198,-1.366,0.000,--,--,--,0.391,-0.008,1.475,0.849,-0.117,3.214,0.001,0.008,-0.019,1.000,0.380,-3.120,-0.237,0.177,0.955,-2.219,True,False,0.000,0.000,0.000,0.187,0.192,-1.406,0.572,0.000,0.000,-10.570,0.000,8.288,0.000,0.000,8.288,38050,0,0,38050,1.882,0.000,14.245,0.000,0.000,2.500,0.000,0.000,0.000,3.582,--
0,0,233.219,-1.366,0.000,--,--,--,0.407,-0.010,1.539,0.835,-0.135,3.181,0.004,-0.024,-0.022,0.999,0.520,-4.610,-0.380,0.416,-2.687,-2.548,True,False,0.000,0.000,0.000,0.169,0.248,-1.548,0.508,0.000,0.000,-10.570,0.000,8.288,0.000,0.000,8.288,37994,0,0,37994,1.882,0.000,14.295,0.000,0.000,2.500,0.000,0.000,0.000,3.587,--
0,0,233.240,-1.366,0.000,--,--,--,0.424,-0.013,1.602,0.812,-0.145,3.122,0.008,-0.069,-0.025,0.997,0.710,-6.040,-0.571,0.752,-7.918,-2.913,True,False,0.000,0.000,0.000,0.152,0.302,-1.703,0.477,0.000,0.000,-10.570,0.000,8.288,0.000,0.000,8.288,37938,0,0,37938,1.882,0.000,14.345,0.000,0.000,2.500,0.000,0.000,0.000,3.587,--
0,0,233.262,-1.366,0.000,--,--,--,0.440,-0.016,1.664,0.775,-0.171,3.049,0.014,-0.129,-0.030,0.991,0.970,-7.570,-0.714,1.125,-14.760,-3.664,True,False,0.000,0.000,0.000,0.136,0.411,-1.868,0.415,0.000,0.000,-10.570,0.000,8.288,0.000,0.000,8.288,37938,0,0,37938,1.882,0.000,14.395,0.000,0.000,2.500,0.000,0.000,0.000,3.587,--
0,0,233.282,-1.366,0.000,--,--,--,0.455,-0.020,1.724,0.734,-0.184,2.968,0.022,-0.205,-0.037,0.978,1.180,-9.290,-0.693,1.610,-23.592,-4.711,True,False,0.000,0.000,0.000,0.119,0.515,-2.069,0.385,0.000,0.000,-10.570,0.000,8.288,0.000,0.000,8.288,37938,0,0,37938,1.882,0.000,14.445,0.000,0.000,2.500,0.000,0.000,0.000,3.587,--
0,0,233.304,-1.366,0.000,--,--,--,0.469,-0.023,1.783,0.678,-0.195,2.850,0.037,-0.346,-0.047,0.936,1.520,-11.470,-0.924,2.158,-40.432,-6.543,True,False,0.000,0.000,0.000,0.102,0.656,-2.286,0.296,0.000,0.000,-10.570,0.000,8.288,0.000,0.000,8.288,37994,0,0,37994,1.882,0.000,14.470,0.000,0.000,2.500,0.000,0.000,0.000,3.582,--
0,0,233.326,-1.366,0.000,--,--,--,0.482,-0.027,1.867,0.563,-0.220,2.756,0.050,-0.458,-0.055,0.886,1.990,-13.490,-1.044,2.175,-54.527,-8.262,True,False,0.000,0.000,0.000,0.085,0.881,-2.532,0.239,0.000,0.000,-10.570,0.000,8.288,0.000,0.000,8.288,37994,0,0,37994,1.882,0.000,14.520,0.000,0.000,2.500,0.000,0.000,0.000,3.582,--
0,0,233.336,-1.366,0.000,--,--,--,0.493,-0.032,1.894,0.515,-0.225,2.706,0.058,-0.518,-0.058,0.852,2.210,-14.690,-1.100,2.255,-62.388,-9.158,True,False,0.000,0.000,0.000,0.076,1.034,-2.653,0.185,0.000,0.000,-10.570,0.000,8.288,0.000,0.000,8.288,37994,0,0,37994,1.882,0.000,14.570,0.000,0.000,2.500,0.000,0.000,0.000,3.582,--
0,0,233.367,-1.366,0.000,--,--,--,0.506,-0.039,1.973,0.386,-0.244,2.515,-0.083,0.709,0.064,-0.697,3.050,-18.410,-1.168,1.496,-90.786,-11.918,True,False,0.000,0.000,0.000,0.051,1.792,-3.192,0.132,0.000,0.000,-10.570,0.000,8.288,0.000,0.000,8.288,37994,0,0,37994,1.882,0.000,14.620,0.000,0.000,2.500,0.000,0.000,0.000,3.582,--
0,0,233.377,-1.366,0.000,--,--,--,0.509,-0.041,1.997,0.352,-0.245,2.442,-0.091,0.772,0.065,-0.625,3.270,-19.650,-1.207,0.812,-101.892,-12.850,True,False,0.000,0.000,0.000,0.042,2.275,-3.610,0.082,0.000,0.000,-10.570,0.000,0.000,0.000,0.000,0.000,0,0,0,0,1.882,0.000,14.670,0.000,0.000,2.500,0.000,0.000,0.000,3.667,--
0,0,233.399,-1.366,0.000,--,--,--,0.516,-0.046,2.044,0.303,-0.250,2.284,-0.108,0.884,0.061,-0.451,3.960,-21.930,-1.109,-0.606,-125.995,-14.224,True,False,0.000,0.000,0.000,0.024,4.214,-5.607,0.058,0.000,0.000,-10.570,0.000,0.000,0.000,0.000,0.000,0,0,0,0,1.882,0.000,14.720,0.000,0.000,2.500,0.000,0.000,0.000,3.790,--
0,0,233.421,-1.366,0.000,--,--,--,0.521,-0.051,2.087,0.297,-0.249,2.117,-0.120,0.963,0.051,-0.237,4.690,-23.670,-1.117,-2.467,-152.704,-14.835,True,False,0.000,0.000,0.000,0.006,18.716,-21.822,0.013,0.000,0.000,-10.570,0.000,0.000,0.000,0.000,0.000,0,0,0,0,1.882,0.000,14.770,0.000,0.000,2.500,0.000,0.000,0.000,3.820,--

0,0,233.885,-1.366,0.000,--,--,--,1.118,-0.154,2.571,2.895,-0.156,-0.242,-0.274,0.804,0.012,-0.527,11.700,-20.490,3.407,17.562,-109.261,-26.990,True,False,0.000,0.000,0.000,3.154,-0.337,5.649,-0.493,0.000,0.000,-10.570,0.000,0.000,0.000,0.000,0.000,0,0,0,0,1.882,0.000,15.895,0.000,0.000,2.500,0.000,0.000,0.000,3.858,--
0,0,233.896,-1.366,0.000,--,--,--,1.147,-0.155,2.568,3.006,-0.149,-0.333,-0.288,0.857,-0.018,-0.426,12.120,-20.150,3.746,18.330,-122.434,-28.571,True,False,0.000,0.000,0.000,2.022,-0.318,5.892,-0.488,0.000,0.000,-10.570,0.000,0.000,0.000,0.000,0.000,0,0,0,0,1.882,0.000,15.945,0.000,0.000,2.500,0.000,0.000,0.000,3.858,--
0,0,233.907,-1.366,0.000,--,--,--,1.177,-0.157,2.564,3.117,-0.146,-0.426,-0.298,0.898,-0.048,-0.321,12.360,-19.770,4.024,18.764,-135.542,-30.207,True,False,0.000,0.000,0.000,1.466,-0.305,6.155,-0.479,0.000,0.000,-10.570,0.000,0.000,0.000,0.000,0.000,0,0,0,0,1.882,0.000,15.995,0.000,0.000,2.500,0.000,0.000,0.000,3.858,--
0,0,233.944,-1.366,0.000,--,--,--,1.308,-0.162,2.540,3.570,-0.138,-0.763,-0.292,0.932,-0.180,0.119,13.220,-18.440,4.259,19.161,171.711,-35.940,True,False,0.000,0.000,0.000,0.688,-0.291,7.390,-0.468,0.000,0.000,-10.570,0.000,0.000,0.000,0.000,0.000,0,0,0,0,1.882,0.000,16.045,0.000,0.000,2.500,0.000,0.000,0.000,3.864,--
0,0,233.964,-1.366,0.000,--,--,--,1.381,-0.165,2.524,3.786,-0.147,-0.936,-0.260,0.875,-0.242,0.328,13.550,-17.630,4.505,18.722,145.398,-37.897,True,False,0.000,0.000,0.000,0.534,-0.311,8.125,-0.452,0.000,0.000,-10.570,0.000,0.000,0.000,0.000,0.000,0,0,0,0,1.882,0.000,16.095,0.000,0.000,2.500,0.000,0.000,0.000,3.864,--
0,0,233.984,-1.366,0.000,--,--,--,1.457,-0.168,2.503,3.998,-0.162,-1.126,-0.210,0.779,-0.295,0.512,13.590,-16.490,4.818,18.286,119.892,-39.012,True,False,0.000,0.000,0.000,0.422,-0.353,8.961,-0.434,0.000,0.000,-10.570,0.000,0.000,0.000,0.000,0.000,0,0,0,0,1.882,0.000,16.145,0.000,0.000,2.500,0.000,0.000,0.000,3.864,--
0,0,234.004,-1.366,0.000,--,--,--,1.538,-0.171,2.479,4.213,-0.179,-1.329,-0.145,0.650,-0.335,0.666,13.730,-15.430,4.948,18.259,95.218,-39.431,True,False,0.000,0.000,0.000,0.335,-0.413,9.964,-0.411,0.000,0.000,-10.570,0.000,0.000,0.000,0.000,0.000,0,0,0,0,1.882,0.000,16.195,0.000,0.000,2.500,0.000,0.000,0.000,3.864,--
0,0,234.025,-1.366,0.000,--,--,--,1.624,-0.175,2.450,4.429,-0.194,-1.540,-0.068,0.500,-0.363,0.784,13.940,-14.500,5.110,19.370,72.031,-39.502,True,False,0.000,0.000,0.000,0.268,-0.485,11.209,-0.385,0.000,0.000,-10.570,0.000,0.000,0.000,0.000,0.000,0,0,0,0,1.882,0.000,16.245,0.000,0.000,2.500,0.000,0.000,0.000,3.869,--
0,0,234.036,-1.366,0.000,--,--,--,1.668,-0.177,2.434,4.539,-0.199,-1.646,-0.025,0.418,-0.371,0.829,14.150,-13.860,5.290,20.366,60.880,-39.470,True,False,0.000,0.000,0.000,0.240,-0.522,11.947,-0.354,0.000,0.000,-10.570,0.000,0.000,0.000,0.000,0.000,0,0,0,0,1.882,0.000,16.295,0.000,0.000,2.500,0.000,0.000,0.000,3.869,--
0,0,234.067,-1.366,0.000,--,--,--,1.808,-0.183,2.381,4.858,-0.231,-1.937,0.112,0.163,-0.371,0.907,12.800,-11.290,6.729,24.877,29.465,-39.521,True,False,0.000,0.000,0.000,0.172,-0.644,14.873,-0.320,0.000,0.000,-10.570,0.000,0.000,0.000,0.000,0.000,0,0,0,0,1.882,0.000,16.345,0.000,0.000,2.500,0.000,0.000,0.000,3.869,--
0,0,234.077,-1.366,0.000,--,--,--,1.855,-0.187,2.362,4.781,-0.423,-1.962,0.148,0.100,-0.339,0.924,7.220,-2.630,14.748,25.156,20.763,-36.641,True,False,0.000,0.000,0.000,0.155,-0.764,16.124,-0.282,0.000,0.000,-10.570,0.000,0.000,0.000,0.000,0.000,0,0,0,0,1.882,0.000,16.395,0.000,0.000,2.500,0.000,0.000,0.000,3.869,--
0,0,234.097,-1.366,0.000,--,--,--,1.947,-0.202,2.323,4.468,-1.124,-1.869,0.089,0.075,-0.202,0.973,-17.970,-0.030,5.675,12.641,11.291,-22.316,True,False,0.000,0.000,0.000,0.134,-3.197,17.499,-0.243,0.000,0.000,-10.570,0.000,0.000,0.000,0.000,0.000,0,0,0,0,1.882,0.000,16.445,0.000,0.000,2.500,0.000,0.000,0.000,3.869,--
0,0,234.107,-1.366,0.000,--,--,--,1.947,-0.202,2.323,4.468,-1.124,-1.869,0.089,0.075,-0.202,0.973,-27.070,-4.050,5.730,12.641,11.291,-22.316,True,False,0.000,0.000,0.000,0.130,-4.622,18.375,-0.204,0.000,0.000,-10.570,0.000,0.000,0.000,0.000,0.000,0,0,0,0,1.882,0.000,16.495,0.000,0.000,2.500,0.000,0.000,0.000,3.869,--
0,0,234.127,-1.366,0.000,--,--,--,2.035,-0.227,2.284,4.400,-1.309,-1.969,-0.148,0.090,-0.118,0.978,-25.990,-3.130,5.735,-16.123,8.393,-14.872,True,False,0.000,0.000,0.000,0.103,-6.393,21.489,-0.163,0.000,0.000,-10.570,0.000,0.000,0.000,0.000,0.000,0,0,0,0,1.882,0.000,16.545,0.000,0.000,2.500,0.000,0.000,0.000,3.869,--
0,0,234.147,-1.366,0.000,--,--,--,2.123,-0.254,2.243,4.392,-1.423,-2.119,-0.383,0.084,-0.028,0.919,-24.730,-3.890,5.425,-44.816,7.752,-6.638,True,False,0.000,0.000,0.000,0.077,-8.684,26.810,-0.120,0.000,0.000,-10.570,0.000,0.000,0.000,0.000,0.000,0,0,0,0,1.882,0.000,16.595,0.000,0.000,2.500,0.000,0.000,0.000,3.872,--
0,0,234.185,-1.366,0.000,--,--,--,2.299,-0.315,2.154,4.400,-1.694,-2.353,0.760,-0.024,-0.161,-0.630,-22.400,-6.720,5.257,-102.062,16.105,9.578,True,False,0.000,0.000,0.000,0.031,-22.863,-6.110,-0.097,0.000,0.000,-10.570,0.000,0.000,0.000,0.000,0.000,0,0,0,0,1.882,0.000,16.645,0.000,0.000,2.500,0.000,0.000,0.000,3.872,--
0,0,234.204,-1.366,0.000,--,--,--,2.386,-0.350,2.106,4.360,-1.903,-2.431,0.867,0.017,-0.223,-0.446,-21.190,-4.590,2.179,-128.212,22.425,13.140,True,False,0.000,0.000,0.000,0.010,-32.767,-29.092,-0.026,0.000,0.000,-10.570,0.000,0.000,0.000,0.000,0.000,0,0,0,0,1.882,0.000,16.695,0.000,0.000,2.500,0.000,0.000,0.000,3.872,--

0,0,--,0,--,[0.000 0.000],[0.000 0.000],[0.000 0.000],--,--,--,2.500,90.000,0.000,--,--,--,--,--,--,--,--,--,--,0.00,--,--,--,--,--,--,--,--,--,--,--,--,--,--,--,--,--,--,--,--,--,--,--,--,--,--,--,--,--,--,Rollout Completed: Falling Drone
0,0,233.122,0.000,0.000,--,--,--,nan,nan,1.249,0.843,-0.078,3.117,-0.004,0.037,-0.015,0.999,0.094,-0.196,nan,0.000,0.000,0.000,True,--,--,--,--,0.266,0.093,-1.015,0.830,0.000,0.000,0.000,0.000,--,--,--,--,--,--,--,--,--,--,--,--,--,--,--,--,--,--,Flip Data
0,0,-1666882427.126,--,--,--,--,--,0.000,0.000,0.000,0.000,0.000,0.000,0.000,0.000,0.000,0.000,0.000,0.000,0.000,0.000,0.000,0.000,False,False,--,--,--,0,0,0,0,0,0.000,0.000,0.000,--,--,--,--,--,--,--,--,--,--,--,--,--,--,--,--,--,--,Impact Data

